{
"type": "FeatureCollection",
"name": "faults_india",
"crs": { "type": "name", "properties": { "name": "urn:ogc:def:crs:OGC:1.3:CRS84" } },
"features": [
{ "type": "Feature", "properties": { "accuracy": null, "activity_confidence": null, "average_dip": "(60.0,50.0,70.0)", "average_rake": "(-85,-100.0,-70.0)", "catalog_id": "ME_AF37", "catalog_name": "EMME", "dip_dir": null, "downthrown_side_dir": null, "downthrown_side_id": null, "epistemic_quality": "3", "exposure_quality": null, "fs_name": null, "last_movement": null, "lower_seis_depth": "(26.0,,)", "name": null, "net_slip_rate": "(3.0,2.0,4.0)", "notes": null, "reference": null, "shortening_rate": null, "slip_type": "Normal", "strike_slip_rate": null, "upper_seis_depth": "(0.0,,)", "vert_sep_rate": null }, "geometry": { "type": "LineString", "coordinates": [ [ 71.358293, 38.268548 ], [ 71.120977, 38.007058 ], [ 70.885821, 37.606235 ], [ 70.751717, 37.104214 ], [ 70.83409, 36.909478 ], [ 70.847856, 36.577452 ], [ 70.738398, 36.348598 ], [ 70.314917, 35.841118 ], [ 69.517884, 35.30739 ] ] } },
{ "type": "Feature", "properties": { "accuracy": null, "activity_confidence": null, "average_dip": "(70.0,60.0,80.0)", "average_rake": "(-45,-60.0,-30.0)", "catalog_id": "ME_AS38", "catalog_name": "EMME", "dip_dir": null, "downthrown_side_dir": null, "downthrown_side_id": null, "epistemic_quality": "3", "exposure_quality": null, "fs_name": null, "last_movement": null, "lower_seis_depth": "(25.0,,)", "name": null, "net_slip_rate": "(3.0,2.0,4.0)", "notes": null, "reference": null, "shortening_rate": null, "slip_type": "Sinistral-Normal", "strike_slip_rate": null, "upper_seis_depth": "(0.0,,)", "vert_sep_rate": null }, "geometry": { "type": "LineString", "coordinates": [ [ 70.99623, 38.901821 ], [ 70.286344, 38.318535 ], [ 70.179799, 37.934425 ], [ 70.226019, 37.426665 ], [ 70.36018, 36.969167 ], [ 70.320771, 36.864913 ], [ 70.2024, 36.534723 ], [ 69.92951, 36.255218 ], [ 69.674167, 36.1415 ], [ 69.466068, 36.131446 ] ] } },
{ "type": "Feature", "properties": { "accuracy": null, "activity_confidence": null, "average_dip": "(80.0,70.0,90.0)", "average_rake": "(-85,-100.0,-70.0)", "catalog_id": "ME_AS39", "catalog_name": "EMME", "dip_dir": null, "downthrown_side_dir": null, "downthrown_side_id": null, "epistemic_quality": "3", "exposure_quality": null, "fs_name": null, "last_movement": null, "lower_seis_depth": "(30.0,,)", "name": null, "net_slip_rate": "(1.5,1.0,2.0)", "notes": null, "reference": null, "shortening_rate": null, "slip_type": "Normal", "strike_slip_rate": null, "upper_seis_depth": "(5.0,,)", "vert_sep_rate": null }, "geometry": { "type": "LineString", "coordinates": [ [ 71.808908, 35.912193 ], [ 71.789186, 35.849502 ], [ 71.751035, 35.705565 ], [ 71.709651, 35.584349 ], [ 71.634321, 35.442121 ], [ 71.548905, 35.331099 ], [ 71.45115, 35.181546 ], [ 71.339329, 35.001713 ], [ 71.235466, 34.899454 ], [ 71.107619, 34.807267 ], [ 70.954356, 34.719099 ], [ 70.768943, 34.63129 ], [ 70.589385, 34.569997 ], [ 70.468595, 34.554214 ], [ 70.360068, 34.564249 ] ] } },
{ "type": "Feature", "properties": { "accuracy": null, "activity_confidence": null, "average_dip": "(70.0,60.0,80.0)", "average_rake": "(170,160.0,180.0)", "catalog_id": "ME_AF06", "catalog_name": "EMME", "dip_dir": null, "downthrown_side_dir": null, "downthrown_side_id": null, "epistemic_quality": "3", "exposure_quality": null, "fs_name": null, "last_movement": null, "lower_seis_depth": "(26.0,,)", "name": null, "net_slip_rate": "(1.9,0.75,3.0)", "notes": null, "reference": null, "shortening_rate": null, "slip_type": "Dextral", "strike_slip_rate": null, "upper_seis_depth": "(0.0,,)", "vert_sep_rate": null }, "geometry": { "type": "LineString", "coordinates": [ [ 65.571382, 34.361014 ], [ 66.091041, 34.439756 ], [ 66.831551, 34.515628 ], [ 67.250737, 34.632584 ], [ 67.746779, 34.743349 ], [ 68.684867, 34.944801 ], [ 68.843904, 35.006242 ], [ 68.990394, 35.039216 ], [ 69.086576, 35.075254 ] ] } },
{ "type": "Feature", "properties": { "accuracy": null, "activity_confidence": null, "average_dip": "(70.0,60.0,80.0)", "average_rake": "(70,60.0,80.0)", "catalog_id": "ME_AF01", "catalog_name": "EMME", "dip_dir": null, "downthrown_side_dir": null, "downthrown_side_id": null, "epistemic_quality": "3", "exposure_quality": null, "fs_name": null, "last_movement": null, "lower_seis_depth": "(26.0,,)", "name": null, "net_slip_rate": "(1.1,0.2,2.0)", "notes": null, "reference": null, "shortening_rate": null, "slip_type": "Reverse", "strike_slip_rate": null, "upper_seis_depth": "(0.0,,)", "vert_sep_rate": null }, "geometry": { "type": "LineString", "coordinates": [ [ 69.510918, 35.300136 ], [ 69.457928, 35.269948 ], [ 69.397719, 35.249269 ], [ 69.317942, 35.220007 ], [ 69.212037, 35.154984 ], [ 69.121619, 35.082209 ] ] } },
{ "type": "Feature", "properties": { "accuracy": null, "activity_confidence": null, "average_dip": "(70.0,60.0,80.0)", "average_rake": "(-45,-60.0,-30.0)", "catalog_id": "ME_AF11", "catalog_name": "EMME", "dip_dir": null, "downthrown_side_dir": null, "downthrown_side_id": null, "epistemic_quality": "3", "exposure_quality": null, "fs_name": null, "last_movement": null, "lower_seis_depth": "(30.0,,)", "name": null, "net_slip_rate": "(2.5,1.0,4.0)", "notes": null, "reference": null, "shortening_rate": null, "slip_type": "Sinistral-Normal", "strike_slip_rate": null, "upper_seis_depth": "(0.0,,)", "vert_sep_rate": null }, "geometry": { "type": "LineString", "coordinates": [ [ 68.059983, 32.954497 ], [ 68.229527, 33.033588 ], [ 68.620159, 33.242532 ], [ 69.096566, 33.450881 ], [ 69.361656, 33.694129 ] ] } },
{ "type": "Feature", "properties": { "accuracy": null, "activity_confidence": null, "average_dip": "(70.0,60.0,80.0)", "average_rake": "(-45,-60.0,-30.0)", "catalog_id": "ME_AF09", "catalog_name": "EMME", "dip_dir": null, "downthrown_side_dir": null, "downthrown_side_id": null, "epistemic_quality": "3", "exposure_quality": null, "fs_name": null, "last_movement": null, "lower_seis_depth": "(26.0,,)", "name": null, "net_slip_rate": "(3.5,1.0,6.0)", "notes": null, "reference": null, "shortening_rate": null, "slip_type": "Sinistral-Normal", "strike_slip_rate": null, "upper_seis_depth": "(0.0,,)", "vert_sep_rate": null }, "geometry": { "type": "LineString", "coordinates": [ [ 68.04479, 32.994244 ], [ 68.228893, 33.205996 ], [ 68.347215, 33.439783 ], [ 68.521893, 33.632487 ], [ 68.613821, 33.804986 ], [ 68.660827, 33.890278 ], [ 68.734268, 34.056527 ], [ 68.875004, 34.271712 ] ] } },
{ "type": "Feature", "properties": { "accuracy": null, "activity_confidence": null, "average_dip": "(70.0,60.0,80.0)", "average_rake": "(-45,-60.0,-30.0)", "catalog_id": "ME_AF14", "catalog_name": "EMME", "dip_dir": null, "downthrown_side_dir": null, "downthrown_side_id": null, "epistemic_quality": "3", "exposure_quality": null, "fs_name": null, "last_movement": null, "lower_seis_depth": "(30.0,,)", "name": null, "net_slip_rate": "(2.2,1.0,3.5)", "notes": null, "reference": null, "shortening_rate": null, "slip_type": "Sinistral-Normal", "strike_slip_rate": null, "upper_seis_depth": "(0.0,,)", "vert_sep_rate": null }, "geometry": { "type": "LineString", "coordinates": [ [ 67.39438, 32.114439 ], [ 67.843485, 32.4557 ], [ 67.913245, 32.552388 ], [ 68.383921, 32.909566 ] ] } },
{ "type": "Feature", "properties": { "accuracy": null, "activity_confidence": null, "average_dip": "(70.0,60.0,80.0)", "average_rake": "(-45,-60.0,-30.0)", "catalog_id": "ME_AF10", "catalog_name": "EMME", "dip_dir": null, "downthrown_side_dir": null, "downthrown_side_id": null, "epistemic_quality": "3", "exposure_quality": null, "fs_name": null, "last_movement": null, "lower_seis_depth": "(26.0,,)", "name": null, "net_slip_rate": "(3.5,1.0,6.0)", "notes": null, "reference": null, "shortening_rate": null, "slip_type": "Sinistral-Normal", "strike_slip_rate": null, "upper_seis_depth": "(0.0,,)", "vert_sep_rate": null }, "geometry": { "type": "LineString", "coordinates": [ [ 68.866852, 34.291704 ], [ 68.913938, 34.356599 ], [ 68.971574, 34.501296 ], [ 69.086537, 34.859358 ], [ 69.099365, 35.078262 ] ] } },
{ "type": "Feature", "properties": { "accuracy": null, "activity_confidence": null, "average_dip": "(70.0,60.0,80.0)", "average_rake": "(-87,-100.0,-75.0)", "catalog_id": "ME_AF02", "catalog_name": "EMME", "dip_dir": null, "downthrown_side_dir": null, "downthrown_side_id": null, "epistemic_quality": "3", "exposure_quality": null, "fs_name": null, "last_movement": null, "lower_seis_depth": "(26.0,,)", "name": null, "net_slip_rate": "(1.1,0.2,2.0)", "notes": null, "reference": null, "shortening_rate": null, "slip_type": "Normal", "strike_slip_rate": null, "upper_seis_depth": "(0.0,,)", "vert_sep_rate": null }, "geometry": { "type": "LineString", "coordinates": [ [ 69.70418, 34.478525 ], [ 69.700727, 34.626575 ], [ 69.679326, 34.750842 ], [ 69.672396, 34.830731 ], [ 69.606875, 34.935074 ], [ 69.463807, 35.075454 ], [ 69.415817, 35.118832 ], [ 69.339735, 35.154976 ], [ 69.281304, 35.159752 ] ] } },
{ "type": "Feature", "properties": { "accuracy": null, "activity_confidence": null, "average_dip": "(67.5,55.0,80.0)", "average_rake": "(37,30.0,45.0)", "catalog_id": "ME_PK91s10", "catalog_name": "EMME", "dip_dir": null, "downthrown_side_dir": null, "downthrown_side_id": null, "epistemic_quality": "3", "exposure_quality": null, "fs_name": null, "last_movement": null, "lower_seis_depth": "(25.0,,)", "name": null, "net_slip_rate": "(0.6,0.15,1.0)", "notes": null, "reference": null, "shortening_rate": null, "slip_type": "Sinistral-Reverse", "strike_slip_rate": null, "upper_seis_depth": "(5.0,,)", "vert_sep_rate": null }, "geometry": { "type": "LineString", "coordinates": [ [ 72.588524, 36.215787 ], [ 72.346125, 36.059659 ], [ 72.032401, 35.827392 ], [ 71.899534, 35.689173 ], [ 71.811715, 35.594036 ] ] } },
{ "type": "Feature", "properties": { "accuracy": null, "activity_confidence": null, "average_dip": "(70.0,60.0,80.0)", "average_rake": "(0,0.0,0.0)", "catalog_id": "ME_PK21s1s1", "catalog_name": "EMME", "dip_dir": null, "downthrown_side_dir": null, "downthrown_side_id": null, "epistemic_quality": "3", "exposure_quality": null, "fs_name": null, "last_movement": null, "lower_seis_depth": "(25.0,,)", "name": null, "net_slip_rate": "(0.6,0.15,1.0)", "notes": null, "reference": null, "shortening_rate": null, "slip_type": "Sinistral", "strike_slip_rate": null, "upper_seis_depth": "(5.0,,)", "vert_sep_rate": null }, "geometry": { "type": "LineString", "coordinates": [ [ 73.105517, 35.33958 ], [ 72.905386, 35.145217 ], [ 72.800545, 35.077686 ] ] } },
{ "type": "Feature", "properties": { "accuracy": null, "activity_confidence": null, "average_dip": "(65.0,50.0,80.0)", "average_rake": "(85,80.0,90.0)", "catalog_id": "ME_PK31s1s4", "catalog_name": "EMME", "dip_dir": null, "downthrown_side_dir": null, "downthrown_side_id": null, "epistemic_quality": "3", "exposure_quality": null, "fs_name": null, "last_movement": null, "lower_seis_depth": "(25.0,,)", "name": null, "net_slip_rate": "(0.6,0.15,1.0)", "notes": null, "reference": null, "shortening_rate": null, "slip_type": "Reverse", "strike_slip_rate": null, "upper_seis_depth": "(5.0,,)", "vert_sep_rate": null }, "geometry": { "type": "LineString", "coordinates": [ [ 72.786911, 35.07512 ], [ 72.702681, 35.006171 ], [ 72.666763, 34.917147 ], [ 72.598217, 34.833598 ] ] } },
{ "type": "Feature", "properties": { "accuracy": null, "activity_confidence": null, "average_dip": "(65.0,50.0,80.0)", "average_rake": "(85,80.0,90.0)", "catalog_id": "ME_PK41s1s1", "catalog_name": "EMME", "dip_dir": null, "downthrown_side_dir": null, "downthrown_side_id": null, "epistemic_quality": "3", "exposure_quality": null, "fs_name": null, "last_movement": null, "lower_seis_depth": "(25.0,,)", "name": null, "net_slip_rate": "(0.6,0.15,1.0)", "notes": null, "reference": null, "shortening_rate": null, "slip_type": "Reverse", "strike_slip_rate": null, "upper_seis_depth": "(5.0,,)", "vert_sep_rate": null }, "geometry": { "type": "LineString", "coordinates": [ [ 73.726026, 34.65445 ], [ 73.764054, 34.688283 ], [ 73.824856, 34.72836 ], [ 73.943534, 34.730042 ], [ 74.012946, 34.727321 ], [ 74.080842, 34.714594 ], [ 74.115028, 34.710636 ], [ 74.133099, 34.720111 ] ] } },
{ "type": "Feature", "properties": { "accuracy": null, "activity_confidence": null, "average_dip": "(55.0,50.0,60.0)", "average_rake": "(104,100.0,108.0)", "catalog_id": "ME_PK56s2s1", "catalog_name": "EMME", "dip_dir": null, "downthrown_side_dir": null, "downthrown_side_id": null, "epistemic_quality": "3", "exposure_quality": null, "fs_name": null, "last_movement": null, "lower_seis_depth": "(25.0,,)", "name": null, "net_slip_rate": "(0.6,0.15,1.0)", "notes": null, "reference": null, "shortening_rate": null, "slip_type": "Reverse", "strike_slip_rate": null, "upper_seis_depth": "(5.0,,)", "vert_sep_rate": null }, "geometry": { "type": "LineString", "coordinates": [ [ 73.750172, 34.053988 ], [ 73.728946, 34.108773 ], [ 73.679055, 34.14452 ], [ 73.673578, 34.184765 ], [ 73.472338, 34.395293 ] ] } },
{ "type": "Feature", "properties": { "accuracy": null, "activity_confidence": null, "average_dip": "(55.0,50.0,60.0)", "average_rake": "(104,100.0,108.0)", "catalog_id": "ME_PK56s2s3", "catalog_name": "EMME", "dip_dir": null, "downthrown_side_dir": null, "downthrown_side_id": null, "epistemic_quality": "3", "exposure_quality": null, "fs_name": null, "last_movement": null, "lower_seis_depth": "(25.0,,)", "name": null, "net_slip_rate": "(0.8,0.5,1.0)", "notes": null, "reference": null, "shortening_rate": null, "slip_type": "Reverse", "strike_slip_rate": null, "upper_seis_depth": "(5.0,,)", "vert_sep_rate": null }, "geometry": { "type": "LineString", "coordinates": [ [ 73.45775, 34.387047 ], [ 73.399971, 34.42925 ], [ 73.343394, 34.589292 ] ] } },
{ "type": "Feature", "properties": { "accuracy": null, "activity_confidence": null, "average_dip": "(65.0,50.0,80.0)", "average_rake": "(85,80.0,90.0)", "catalog_id": "ME_PK56s1s8", "catalog_name": "EMME", "dip_dir": null, "downthrown_side_dir": null, "downthrown_side_id": null, "epistemic_quality": "3", "exposure_quality": null, "fs_name": null, "last_movement": null, "lower_seis_depth": "(25.0,,)", "name": null, "net_slip_rate": "(0.6,0.15,1.0)", "notes": null, "reference": null, "shortening_rate": null, "slip_type": "Reverse", "strike_slip_rate": null, "upper_seis_depth": "(5.0,,)", "vert_sep_rate": null }, "geometry": { "type": "LineString", "coordinates": [ [ 74.109898, 34.086819 ], [ 73.826889, 34.196062 ], [ 73.751724, 34.261188 ] ] } },
{ "type": "Feature", "properties": { "accuracy": null, "activity_confidence": null, "average_dip": "(65.0,50.0,80.0)", "average_rake": "(85,80.0,90.0)", "catalog_id": "ME_PK65s1s1", "catalog_name": "EMME", "dip_dir": null, "downthrown_side_dir": null, "downthrown_side_id": null, "epistemic_quality": "3", "exposure_quality": null, "fs_name": null, "last_movement": null, "lower_seis_depth": "(25.0,,)", "name": null, "net_slip_rate": "(0.6,0.15,1.0)", "notes": null, "reference": null, "shortening_rate": null, "slip_type": "Reverse", "strike_slip_rate": null, "upper_seis_depth": "(5.0,,)", "vert_sep_rate": null }, "geometry": { "type": "LineString", "coordinates": [ [ 73.620543, 34.046691 ], [ 73.589823, 33.946314 ], [ 73.551264, 33.850831 ], [ 73.508424, 33.754449 ], [ 73.442572, 33.693884 ], [ 73.368365, 33.603647 ], [ 73.274706, 33.524846 ], [ 73.201673, 33.489362 ] ] } },
{ "type": "Feature", "properties": { "accuracy": null, "activity_confidence": null, "average_dip": "(65.0,50.0,80.0)", "average_rake": "(85,80.0,90.0)", "catalog_id": "ME_PK74s1s1", "catalog_name": "EMME", "dip_dir": null, "downthrown_side_dir": null, "downthrown_side_id": null, "epistemic_quality": "3", "exposure_quality": null, "fs_name": null, "last_movement": null, "lower_seis_depth": "(25.0,,)", "name": null, "net_slip_rate": "(1.5,1.0,2.0)", "notes": null, "reference": null, "shortening_rate": null, "slip_type": "Reverse", "strike_slip_rate": null, "upper_seis_depth": "(5.0,,)", "vert_sep_rate": null }, "geometry": { "type": "LineString", "coordinates": [ [ 69.91885, 32.109138 ], [ 69.954392, 32.321944 ], [ 70.066381, 32.570274 ], [ 70.204206, 32.821108 ], [ 70.224625, 32.871212 ], [ 70.272884, 32.988896 ], [ 70.365559, 33.147043 ], [ 70.479815, 33.241593 ], [ 70.530371, 33.314588 ] ] } },
{ "type": "Feature", "properties": { "accuracy": null, "activity_confidence": null, "average_dip": "(65.0,50.0,80.0)", "average_rake": "(85,80.0,90.0)", "catalog_id": "ME_PK97s1s4", "catalog_name": "EMME", "dip_dir": null, "downthrown_side_dir": null, "downthrown_side_id": null, "epistemic_quality": "3", "exposure_quality": null, "fs_name": null, "last_movement": null, "lower_seis_depth": "(25.0,,)", "name": null, "net_slip_rate": "(1.5,1.0,2.0)", "notes": null, "reference": null, "shortening_rate": null, "slip_type": "Reverse", "strike_slip_rate": null, "upper_seis_depth": "(5.0,,)", "vert_sep_rate": null }, "geometry": { "type": "LineString", "coordinates": [ [ 69.635349, 32.824683 ], [ 69.525404, 32.625009 ], [ 69.385859, 32.522371 ], [ 69.310257, 32.347828 ], [ 69.319406, 32.29569 ], [ 69.319406, 32.109966 ] ] } },
{ "type": "Feature", "properties": { "accuracy": null, "activity_confidence": null, "average_dip": "(65.0,50.0,80.0)", "average_rake": "(-87,-100.0,-75.0)", "catalog_id": "ME_PK100s1s1", "catalog_name": "EMME", "dip_dir": null, "downthrown_side_dir": null, "downthrown_side_id": null, "epistemic_quality": "3", "exposure_quality": null, "fs_name": null, "last_movement": null, "lower_seis_depth": "(24.0,,)", "name": null, "net_slip_rate": "(2.0,1.0,3.0)", "notes": null, "reference": null, "shortening_rate": null, "slip_type": "Normal", "strike_slip_rate": null, "upper_seis_depth": "(5.0,,)", "vert_sep_rate": null }, "geometry": { "type": "LineString", "coordinates": [ [ 72.609927, 31.242753 ], [ 72.171324, 31.406978 ], [ 71.767399, 31.59191 ], [ 71.303277, 31.888348 ], [ 71.034792, 32.108878 ] ] } },
{ "type": "Feature", "properties": { "accuracy": null, "activity_confidence": null, "average_dip": "(65.0,50.0,80.0)", "average_rake": "(85,80.0,90.0)", "catalog_id": "ME_PK105s5s2", "catalog_name": "EMME", "dip_dir": null, "downthrown_side_dir": null, "downthrown_side_id": null, "epistemic_quality": "3", "exposure_quality": null, "fs_name": null, "last_movement": null, "lower_seis_depth": "(25.0,,)", "name": null, "net_slip_rate": "(2.0,1.0,3.0)", "notes": null, "reference": null, "shortening_rate": null, "slip_type": "Reverse", "strike_slip_rate": null, "upper_seis_depth": "(5.0,,)", "vert_sep_rate": null }, "geometry": { "type": "LineString", "coordinates": [ [ 68.558736, 30.419849 ], [ 68.45043, 30.466506 ], [ 68.110117, 30.540938 ], [ 67.436764, 30.610877 ] ] } },
{ "type": "Feature", "properties": { "accuracy": null, "activity_confidence": null, "average_dip": "(65.0,50.0,80.0)", "average_rake": "(85,80.0,90.0)", "catalog_id": "ME_PK106s1s1", "catalog_name": "EMME", "dip_dir": null, "downthrown_side_dir": null, "downthrown_side_id": null, "epistemic_quality": "3", "exposure_quality": null, "fs_name": null, "last_movement": null, "lower_seis_depth": "(25.0,,)", "name": null, "net_slip_rate": "(2.0,1.0,3.0)", "notes": null, "reference": null, "shortening_rate": null, "slip_type": "Reverse", "strike_slip_rate": null, "upper_seis_depth": "(5.0,,)", "vert_sep_rate": null }, "geometry": { "type": "LineString", "coordinates": [ [ 69.807218, 31.134843 ], [ 69.740892, 30.95795 ], [ 69.649401, 30.80743 ], [ 69.577911, 30.706151 ], [ 69.418215, 30.585343 ] ] } },
{ "type": "Feature", "properties": { "accuracy": null, "activity_confidence": null, "average_dip": "(65.0,50.0,80.0)", "average_rake": "(-87,-100.0,-75.0)", "catalog_id": "ME_PK166s1s1", "catalog_name": "EMME", "dip_dir": null, "downthrown_side_dir": null, "downthrown_side_id": null, "epistemic_quality": "3", "exposure_quality": null, "fs_name": null, "last_movement": null, "lower_seis_depth": "(24.0,,)", "name": null, "net_slip_rate": "(1.5,1.0,2.0)", "notes": null, "reference": null, "shortening_rate": null, "slip_type": "Normal", "strike_slip_rate": null, "upper_seis_depth": "(5.0,,)", "vert_sep_rate": null }, "geometry": { "type": "LineString", "coordinates": [ [ 70.413001, 26.29996 ], [ 70.300844, 26.451876 ], [ 70.224175, 26.521771 ], [ 70.146974, 26.602079 ], [ 70.070298, 26.671974 ], [ 69.858434, 26.934582 ], [ 69.700233, 27.168092 ], [ 69.423044, 27.480194 ], [ 69.133192, 27.833518 ], [ 68.889826, 28.094834 ], [ 68.554287, 28.51933 ] ] } },
{ "type": "Feature", "properties": { "accuracy": null, "activity_confidence": null, "average_dip": "(65.0,50.0,80.0)", "average_rake": "(-87,-100.0,-75.0)", "catalog_id": "ME_PK171s1s1", "catalog_name": "EMME", "dip_dir": null, "downthrown_side_dir": null, "downthrown_side_id": null, "epistemic_quality": "3", "exposure_quality": null, "fs_name": null, "last_movement": null, "lower_seis_depth": "(22.0,,)", "name": null, "net_slip_rate": "(1.6,0.15,3.0)", "notes": null, "reference": null, "shortening_rate": null, "slip_type": "Normal", "strike_slip_rate": null, "upper_seis_depth": "(0.0,,)", "vert_sep_rate": null }, "geometry": { "type": "LineString", "coordinates": [ [ 71.136929, 23.471406 ], [ 70.159937, 23.499454 ], [ 68.87179, 23.959796 ] ] } },
{ "type": "Feature", "properties": { "accuracy": null, "activity_confidence": null, "average_dip": "(55.0,30.0,80.0)", "average_rake": "(85,80.0,90.0)", "catalog_id": "ME_PK4s1s1", "catalog_name": "EMME", "dip_dir": null, "downthrown_side_dir": null, "downthrown_side_id": null, "epistemic_quality": "3", "exposure_quality": null, "fs_name": null, "last_movement": null, "lower_seis_depth": "(25.0,,)", "name": null, "net_slip_rate": "(0.6,0.15,1.0)", "notes": null, "reference": null, "shortening_rate": null, "slip_type": "Reverse", "strike_slip_rate": null, "upper_seis_depth": "(5.0,,)", "vert_sep_rate": null }, "geometry": { "type": "LineString", "coordinates": [ [ 73.851643, 36.656962 ], [ 73.36832, 36.712678 ], [ 72.987241, 36.615118 ] ] } },
{ "type": "Feature", "properties": { "accuracy": null, "activity_confidence": null, "average_dip": "(65.0,55.0,75.0)", "average_rake": "(37,30.0,45.0)", "catalog_id": "ME_PK4s1s5678", "catalog_name": "EMME", "dip_dir": null, "downthrown_side_dir": null, "downthrown_side_id": null, "epistemic_quality": "3", "exposure_quality": null, "fs_name": null, "last_movement": null, "lower_seis_depth": "(25.0,,)", "name": null, "net_slip_rate": "(0.6,0.15,1.0)", "notes": null, "reference": null, "shortening_rate": null, "slip_type": "Sinistral-Reverse", "strike_slip_rate": null, "upper_seis_depth": "(5.0,,)", "vert_sep_rate": null }, "geometry": { "type": "LineString", "coordinates": [ [ 72.909449, 36.584128 ], [ 72.654721, 36.388971 ], [ 72.508655, 36.277064 ], [ 72.402932, 36.20284 ] ] } },
{ "type": "Feature", "properties": { "accuracy": null, "activity_confidence": null, "average_dip": "(65.0,50.0,80.0)", "average_rake": "(85,80.0,90.0)", "catalog_id": "ME_PK102", "catalog_name": "EMME", "dip_dir": null, "downthrown_side_dir": null, "downthrown_side_id": null, "epistemic_quality": "3", "exposure_quality": null, "fs_name": null, "last_movement": null, "lower_seis_depth": "(25.0,,)", "name": null, "net_slip_rate": "(2.0,1.0,3.0)", "notes": null, "reference": null, "shortening_rate": null, "slip_type": "Reverse", "strike_slip_rate": null, "upper_seis_depth": "(5.0,,)", "vert_sep_rate": null }, "geometry": { "type": "LineString", "coordinates": [ [ 69.356149, 32.021879 ], [ 69.43212, 31.85907 ], [ 69.437524, 31.789883 ], [ 69.419622, 31.676493 ], [ 69.366467, 31.605371 ], [ 69.282448, 31.543077 ], [ 69.248451, 31.487612 ], [ 69.187829, 31.257523 ], [ 69.088178, 31.15725 ], [ 68.948239, 30.941569 ], [ 68.848365, 30.863603 ], [ 68.662058, 30.780733 ], [ 68.503398, 30.749221 ], [ 68.418557, 30.756828 ], [ 68.285833, 30.797762 ], [ 68.135021, 30.803393 ], [ 68.003911, 30.851039 ], [ 67.883234, 30.858558 ], [ 67.629251, 30.793108 ], [ 67.303953, 30.653454 ] ] } },
{ "type": "Feature", "properties": { "accuracy": null, "activity_confidence": null, "average_dip": "(80.0,70.0,90.0)", "average_rake": "(60,50.0,70.0)", "catalog_id": "ME_PK211", "catalog_name": "EMME", "dip_dir": null, "downthrown_side_dir": null, "downthrown_side_id": null, "epistemic_quality": "3", "exposure_quality": null, "fs_name": null, "last_movement": null, "lower_seis_depth": "(26.0,,)", "name": null, "net_slip_rate": "(1.6,0.3,3.0)", "notes": null, "reference": null, "shortening_rate": null, "slip_type": "Sinistral-Reverse", "strike_slip_rate": null, "upper_seis_depth": "(5.0,,)", "vert_sep_rate": null }, "geometry": { "type": "LineString", "coordinates": [ [ 73.028813, 36.849939 ], [ 72.844905, 36.807686 ], [ 72.693137, 36.745931 ], [ 72.573052, 36.671001 ], [ 72.468475, 36.531539 ], [ 72.317894, 36.438703 ], [ 71.984984, 36.283497 ], [ 71.918263, 36.161293 ], [ 71.628961, 35.975363 ] ] } },
{ "type": "Feature", "properties": { "accuracy": null, "activity_confidence": null, "average_dip": "(45.5,50.0,41.0)", "average_rake": "(85,80.0,90.0)", "catalog_id": "ME_PK212", "catalog_name": "EMME", "dip_dir": null, "downthrown_side_dir": null, "downthrown_side_id": null, "epistemic_quality": "3", "exposure_quality": null, "fs_name": null, "last_movement": null, "lower_seis_depth": "(25.0,,)", "name": null, "net_slip_rate": "(0.6,0.15,1.0)", "notes": null, "reference": null, "shortening_rate": null, "slip_type": "Reverse", "strike_slip_rate": null, "upper_seis_depth": "(5.0,,)", "vert_sep_rate": null }, "geometry": { "type": "LineString", "coordinates": [ [ 73.746282, 36.812242 ], [ 73.373734, 36.859241 ], [ 73.231264, 36.802592 ], [ 73.095053, 36.811772 ], [ 72.94774, 36.771262 ], [ 72.786525, 36.692033 ] ] } },
{ "type": "Feature", "properties": { "accuracy": null, "activity_confidence": null, "average_dip": "(46.5,50.0,43.0)", "average_rake": "(85,80.0,90.0)", "catalog_id": "ME_PK213", "catalog_name": "EMME", "dip_dir": null, "downthrown_side_dir": null, "downthrown_side_id": null, "epistemic_quality": "3", "exposure_quality": null, "fs_name": null, "last_movement": null, "lower_seis_depth": "(25.0,,)", "name": null, "net_slip_rate": "(1.5,1.0,2.0)", "notes": null, "reference": null, "shortening_rate": null, "slip_type": "Reverse", "strike_slip_rate": null, "upper_seis_depth": "(5.0,,)", "vert_sep_rate": null }, "geometry": { "type": "LineString", "coordinates": [ [ 71.10468, 33.126739 ], [ 71.100141, 33.118337 ], [ 71.035625, 33.109516 ], [ 70.946107, 33.10795 ], [ 70.918425, 33.119114 ], [ 70.791739, 33.10002 ], [ 70.783256, 33.091982 ], [ 70.7366, 33.082268 ], [ 70.714389, 33.045762 ], [ 70.665612, 33.035155 ], [ 70.616053, 33.031135 ], [ 70.525306, 33.044194 ] ] } },
{ "type": "Feature", "properties": { "accuracy": null, "activity_confidence": null, "average_dip": "(62.5,50.0,75.0)", "average_rake": "(85,80.0,90.0)", "catalog_id": "ME_PK7214", "catalog_name": "EMME", "dip_dir": null, "downthrown_side_dir": null, "downthrown_side_id": null, "epistemic_quality": "3", "exposure_quality": null, "fs_name": null, "last_movement": null, "lower_seis_depth": "(25.0,,)", "name": null, "net_slip_rate": "(1.5,1.0,2.0)", "notes": null, "reference": null, "shortening_rate": null, "slip_type": "Reverse", "strike_slip_rate": null, "upper_seis_depth": "(5.0,,)", "vert_sep_rate": null }, "geometry": { "type": "LineString", "coordinates": [ [ 71.516126, 33.167046 ], [ 71.346421, 33.149427 ], [ 71.308493, 33.136584 ], [ 71.238508, 33.140382 ], [ 71.163178, 33.12791 ], [ 71.128422, 33.127465 ] ] } },
{ "type": "Feature", "properties": { "accuracy": null, "activity_confidence": null, "average_dip": "(67.5,55.0,80.0)", "average_rake": "(37,30.0,45.0)", "catalog_id": "ME_PK10", "catalog_name": "EMME", "dip_dir": null, "downthrown_side_dir": null, "downthrown_side_id": null, "epistemic_quality": "3", "exposure_quality": null, "fs_name": null, "last_movement": null, "lower_seis_depth": "(25.0,,)", "name": null, "net_slip_rate": "(0.6,0.15,1.0)", "notes": null, "reference": null, "shortening_rate": null, "slip_type": "Sinistral-Reverse", "strike_slip_rate": null, "upper_seis_depth": "(5.0,,)", "vert_sep_rate": null }, "geometry": { "type": "LineString", "coordinates": [ [ 72.768493, 36.675719 ], [ 72.561678, 36.450309 ], [ 72.109582, 36.133219 ], [ 71.947368, 36.09046 ], [ 71.867175, 36.037048 ], [ 71.819579, 35.961854 ] ] } },
{ "type": "Feature", "properties": { "accuracy": null, "activity_confidence": null, "average_dip": "(65.0,50.0,80.0)", "average_rake": "(82,75.0,90.0)", "catalog_id": "ME_PK12", "catalog_name": "EMME", "dip_dir": null, "downthrown_side_dir": null, "downthrown_side_id": null, "epistemic_quality": "3", "exposure_quality": null, "fs_name": null, "last_movement": null, "lower_seis_depth": "(25.0,,)", "name": null, "net_slip_rate": "(0.6,0.15,1.0)", "notes": null, "reference": null, "shortening_rate": null, "slip_type": "Reverse", "strike_slip_rate": null, "upper_seis_depth": "(5.0,,)", "vert_sep_rate": null }, "geometry": { "type": "LineString", "coordinates": [ [ 73.790596, 36.421793 ], [ 73.435839, 36.44554 ], [ 73.06446, 36.398804 ], [ 72.827521, 36.293244 ], [ 72.659642, 36.251773 ] ] } },
{ "type": "Feature", "properties": { "accuracy": null, "activity_confidence": null, "average_dip": "(65.0,50.0,80.0)", "average_rake": "(82,75.0,90.0)", "catalog_id": "ME_PK12", "catalog_name": "EMME", "dip_dir": null, "downthrown_side_dir": null, "downthrown_side_id": null, "epistemic_quality": "3", "exposure_quality": null, "fs_name": null, "last_movement": null, "lower_seis_depth": "(25.0,,)", "name": null, "net_slip_rate": "(0.6,0.15,1.0)", "notes": null, "reference": null, "shortening_rate": null, "slip_type": "Reverse", "strike_slip_rate": null, "upper_seis_depth": "(5.0,,)", "vert_sep_rate": null }, "geometry": { "type": "LineString", "coordinates": [ [ 72.590643, 35.530757 ], [ 72.422133, 35.511652 ], [ 72.278826, 35.473608 ], [ 72.190473, 35.43218 ], [ 71.760942, 35.265728 ], [ 71.702926, 35.233376 ] ] } },
{ "type": "Feature", "properties": { "accuracy": null, "activity_confidence": null, "average_dip": "(65.0,50.0,80.0)", "average_rake": "(87,85.0,90.0)", "catalog_id": "ME_PK13", "catalog_name": "EMME", "dip_dir": null, "downthrown_side_dir": null, "downthrown_side_id": null, "epistemic_quality": "3", "exposure_quality": null, "fs_name": null, "last_movement": null, "lower_seis_depth": "(25.0,,)", "name": null, "net_slip_rate": "(0.6,0.15,1.0)", "notes": null, "reference": null, "shortening_rate": null, "slip_type": "Reverse", "strike_slip_rate": null, "upper_seis_depth": "(5.0,,)", "vert_sep_rate": null }, "geometry": { "type": "LineString", "coordinates": [ [ 72.597266, 35.494802 ], [ 72.453913, 35.460283 ], [ 72.325398, 35.400677 ], [ 72.183357, 35.352909 ], [ 71.599035, 35.070585 ] ] } },
{ "type": "Feature", "properties": { "accuracy": null, "activity_confidence": null, "average_dip": "(70.0,60.0,80.0)", "average_rake": "(120,105.0,135.0)", "catalog_id": "ME_PK20", "catalog_name": "EMME", "dip_dir": null, "downthrown_side_dir": null, "downthrown_side_id": null, "epistemic_quality": "3", "exposure_quality": null, "fs_name": null, "last_movement": null, "lower_seis_depth": "(25.0,,)", "name": null, "net_slip_rate": "(0.6,0.15,1.0)", "notes": null, "reference": null, "shortening_rate": null, "slip_type": "Dextral-Reverse", "strike_slip_rate": null, "upper_seis_depth": "(5.0,,)", "vert_sep_rate": null }, "geometry": { "type": "LineString", "coordinates": [ [ 72.113586, 34.730331 ], [ 71.944455, 34.721671 ], [ 71.790913, 34.753936 ], [ 71.644828, 34.729297 ], [ 71.57409, 34.732795 ], [ 71.144876, 34.646764 ] ] } },
{ "type": "Feature", "properties": { "accuracy": null, "activity_confidence": null, "average_dip": "(55.0,50.0,60.0)", "average_rake": "(85,80.0,90.0)", "catalog_id": "ME_PK22s1s23", "catalog_name": "EMME", "dip_dir": null, "downthrown_side_dir": null, "downthrown_side_id": null, "epistemic_quality": "3", "exposure_quality": null, "fs_name": null, "last_movement": null, "lower_seis_depth": "(25.0,,)", "name": null, "net_slip_rate": "(0.6,0.15,1.0)", "notes": null, "reference": null, "shortening_rate": null, "slip_type": "Reverse", "strike_slip_rate": null, "upper_seis_depth": "(5.0,,)", "vert_sep_rate": null }, "geometry": { "type": "LineString", "coordinates": [ [ 71.012727, 34.452869 ], [ 71.688241, 34.470137 ], [ 71.796547, 34.483179 ], [ 71.938884, 34.551027 ] ] } },
{ "type": "Feature", "properties": { "accuracy": null, "activity_confidence": null, "average_dip": "(65.0,50.0,80.0)", "average_rake": "(85,80.0,90.0)", "catalog_id": "ME_PK31", "catalog_name": "EMME", "dip_dir": null, "downthrown_side_dir": null, "downthrown_side_id": null, "epistemic_quality": "3", "exposure_quality": null, "fs_name": null, "last_movement": null, "lower_seis_depth": "(25.0,,)", "name": null, "net_slip_rate": "(0.6,0.15,1.0)", "notes": null, "reference": null, "shortening_rate": null, "slip_type": "Reverse", "strike_slip_rate": null, "upper_seis_depth": "(5.0,,)", "vert_sep_rate": null }, "geometry": { "type": "LineString", "coordinates": [ [ 72.577711, 34.830421 ], [ 72.488332, 34.798883 ], [ 72.421478, 34.789934 ], [ 72.341944, 34.748269 ], [ 72.226898, 34.746406 ], [ 72.136953, 34.715182 ] ] } },
{ "type": "Feature", "properties": { "accuracy": null, "activity_confidence": null, "average_dip": "(65.0,50.0,80.0)", "average_rake": "(85,80.0,90.0)", "catalog_id": "ME_PK22", "catalog_name": "EMME", "dip_dir": null, "downthrown_side_dir": null, "downthrown_side_id": null, "epistemic_quality": "3", "exposure_quality": null, "fs_name": null, "last_movement": null, "lower_seis_depth": "(25.0,,)", "name": null, "net_slip_rate": "(0.6,0.15,1.0)", "notes": null, "reference": null, "shortening_rate": null, "slip_type": "Reverse", "strike_slip_rate": null, "upper_seis_depth": "(5.0,,)", "vert_sep_rate": null }, "geometry": { "type": "LineString", "coordinates": [ [ 72.742843, 35.10549 ], [ 72.602383, 34.948664 ], [ 72.467266, 34.864347 ], [ 72.339648, 34.807869 ], [ 72.244733, 34.774714 ] ] } },
{ "type": "Feature", "properties": { "accuracy": null, "activity_confidence": null, "average_dip": "(65.0,50.0,80.0)", "average_rake": "(85,80.0,90.0)", "catalog_id": "ME_PK22", "catalog_name": "EMME", "dip_dir": null, "downthrown_side_dir": null, "downthrown_side_id": null, "epistemic_quality": "3", "exposure_quality": null, "fs_name": null, "last_movement": null, "lower_seis_depth": "(25.0,,)", "name": null, "net_slip_rate": "(0.6,0.15,1.0)", "notes": null, "reference": null, "shortening_rate": null, "slip_type": "Reverse", "strike_slip_rate": null, "upper_seis_depth": "(5.0,,)", "vert_sep_rate": null }, "geometry": { "type": "LineString", "coordinates": [ [ 74.264209, 35.181362 ], [ 74.11305, 35.143938 ], [ 74.025084, 35.142652 ], [ 73.884531, 35.121203 ], [ 73.408144, 34.874198 ], [ 73.358306, 34.832575 ], [ 73.274327, 34.827148 ], [ 73.161023, 34.830733 ], [ 73.06838, 34.834624 ] ] } },
{ "type": "Feature", "properties": { "accuracy": null, "activity_confidence": null, "average_dip": "(52.5,45.0,60.0)", "average_rake": "(85,80.0,90.0)", "catalog_id": "ME_PK42", "catalog_name": "EMME", "dip_dir": null, "downthrown_side_dir": null, "downthrown_side_id": null, "epistemic_quality": "3", "exposure_quality": null, "fs_name": null, "last_movement": null, "lower_seis_depth": "(25.0,,)", "name": null, "net_slip_rate": "(0.6,0.15,1.0)", "notes": null, "reference": null, "shortening_rate": null, "slip_type": "Reverse", "strike_slip_rate": null, "upper_seis_depth": "(5.0,,)", "vert_sep_rate": null }, "geometry": { "type": "LineString", "coordinates": [ [ 73.351714, 34.408731 ], [ 73.305262, 34.538166 ], [ 73.298846, 34.601737 ], [ 73.324984, 34.665832 ], [ 73.365256, 34.729483 ], [ 73.411118, 34.800171 ], [ 73.467621, 34.839828 ], [ 73.537273, 34.873011 ] ] } },
{ "type": "Feature", "properties": { "accuracy": null, "activity_confidence": null, "average_dip": "(65.0,50.0,80.0)", "average_rake": "(85,80.0,90.0)", "catalog_id": "ME_PK56", "catalog_name": "EMME", "dip_dir": null, "downthrown_side_dir": null, "downthrown_side_id": null, "epistemic_quality": "3", "exposure_quality": null, "fs_name": null, "last_movement": null, "lower_seis_depth": "(25.0,,)", "name": null, "net_slip_rate": "(1.5,1.0,2.0)", "notes": null, "reference": null, "shortening_rate": null, "slip_type": "Reverse", "strike_slip_rate": null, "upper_seis_depth": "(5.0,,)", "vert_sep_rate": null }, "geometry": { "type": "LineString", "coordinates": [ [ 73.491617, 34.001277 ], [ 73.386374, 33.87101 ], [ 73.239113, 33.764347 ], [ 73.165941, 33.706859 ], [ 73.018627, 33.644097 ], [ 72.869999, 33.630768 ], [ 72.74165, 33.619566 ], [ 72.591356, 33.596939 ], [ 72.452319, 33.615062 ], [ 72.323957, 33.649639 ], [ 72.112404, 33.715165 ], [ 71.90018, 33.707036 ], [ 71.686991, 33.641047 ], [ 71.533494, 33.609666 ], [ 71.346675, 33.605462 ], [ 71.224771, 33.598987 ], [ 71.149671, 33.584147 ] ] } },
{ "type": "Feature", "properties": { "accuracy": null, "activity_confidence": null, "average_dip": "(55.0,50.0,60.0)", "average_rake": "(85,80.0,90.0)", "catalog_id": "ME_PK62s1s1", "catalog_name": "EMME", "dip_dir": null, "downthrown_side_dir": null, "downthrown_side_id": null, "epistemic_quality": "3", "exposure_quality": null, "fs_name": null, "last_movement": null, "lower_seis_depth": "(25.0,,)", "name": null, "net_slip_rate": "(1.5,1.0,2.0)", "notes": null, "reference": null, "shortening_rate": null, "slip_type": "Reverse", "strike_slip_rate": null, "upper_seis_depth": "(5.0,,)", "vert_sep_rate": null }, "geometry": { "type": "LineString", "coordinates": [ [ 73.19128, 33.583926 ], [ 72.997866, 33.506298 ], [ 72.913386, 33.501245 ], [ 72.752234, 33.433693 ], [ 72.518344, 33.398434 ], [ 72.082131, 33.469004 ] ] } },
{ "type": "Feature", "properties": { "accuracy": null, "activity_confidence": null, "average_dip": "(65.0,50.0,80.0)", "average_rake": "(85,80.0,90.0)", "catalog_id": "ME_PK64", "catalog_name": "EMME", "dip_dir": null, "downthrown_side_dir": null, "downthrown_side_id": null, "epistemic_quality": "3", "exposure_quality": null, "fs_name": null, "last_movement": null, "lower_seis_depth": "(25.0,,)", "name": null, "net_slip_rate": "(1.5,1.0,2.0)", "notes": null, "reference": null, "shortening_rate": null, "slip_type": "Reverse", "strike_slip_rate": null, "upper_seis_depth": "(5.0,,)", "vert_sep_rate": null }, "geometry": { "type": "LineString", "coordinates": [ [ 72.568736, 33.330834 ], [ 72.534099, 33.296472 ], [ 72.418913, 33.268994 ], [ 72.288044, 33.293929 ], [ 72.185236, 33.300331 ], [ 72.044677, 33.334901 ], [ 71.306958, 33.327467 ] ] } },
{ "type": "Feature", "properties": { "accuracy": null, "activity_confidence": null, "average_dip": "(65.0,50.0,80.0)", "average_rake": "(85,80.0,90.0)", "catalog_id": "ME_PK45", "catalog_name": "EMME", "dip_dir": null, "downthrown_side_dir": null, "downthrown_side_id": null, "epistemic_quality": "3", "exposure_quality": null, "fs_name": null, "last_movement": null, "lower_seis_depth": "(25.0,,)", "name": null, "net_slip_rate": "(0.6,0.15,1.0)", "notes": null, "reference": null, "shortening_rate": null, "slip_type": "Reverse", "strike_slip_rate": null, "upper_seis_depth": "(5.0,,)", "vert_sep_rate": null }, "geometry": { "type": "LineString", "coordinates": [ [ 72.86411, 34.05231 ], [ 72.80179, 33.983167 ], [ 72.743855, 33.918891 ], [ 72.619955, 33.866421 ], [ 72.357559, 33.874878 ], [ 72.2239, 33.914031 ], [ 72.097235, 33.927673 ], [ 71.943311, 33.917057 ], [ 71.841611, 33.872795 ] ] } },
{ "type": "Feature", "properties": { "accuracy": null, "activity_confidence": null, "average_dip": "(65.0,50.0,80.0)", "average_rake": "(85,80.0,90.0)", "catalog_id": "ME_PK53", "catalog_name": "EMME", "dip_dir": null, "downthrown_side_dir": null, "downthrown_side_id": null, "epistemic_quality": "3", "exposure_quality": null, "fs_name": null, "last_movement": null, "lower_seis_depth": "(25.0,,)", "name": null, "net_slip_rate": "(1.5,1.0,2.0)", "notes": null, "reference": null, "shortening_rate": null, "slip_type": "Reverse", "strike_slip_rate": null, "upper_seis_depth": "(5.0,,)", "vert_sep_rate": null }, "geometry": { "type": "LineString", "coordinates": [ [ 73.389433, 34.337735 ], [ 73.401336, 34.174376 ], [ 73.3559, 34.074601 ], [ 73.235293, 33.963677 ], [ 73.047957, 33.843617 ], [ 72.871967, 33.800105 ], [ 72.736197, 33.779421 ], [ 72.612367, 33.760452 ], [ 72.449109, 33.7823 ], [ 72.245419, 33.826754 ], [ 72.085037, 33.849136 ], [ 71.970543, 33.823082 ], [ 71.842699, 33.786708 ], [ 71.721372, 33.710717 ] ] } },
{ "type": "Feature", "properties": { "accuracy": null, "activity_confidence": null, "average_dip": "(65.0,50.0,80.0)", "average_rake": "(177,175.0,180.0)", "catalog_id": "ME_PK80", "catalog_name": "EMME", "dip_dir": null, "downthrown_side_dir": null, "downthrown_side_id": null, "epistemic_quality": "3", "exposure_quality": null, "fs_name": null, "last_movement": null, "lower_seis_depth": "(25.0,,)", "name": null, "net_slip_rate": "(1.5,1.0,2.0)", "notes": null, "reference": null, "shortening_rate": null, "slip_type": "Dextral", "strike_slip_rate": null, "upper_seis_depth": "(5.0,,)", "vert_sep_rate": null }, "geometry": { "type": "LineString", "coordinates": [ [ 71.644481, 32.702225 ], [ 71.596025, 32.923068 ], [ 71.541749, 32.982173 ], [ 71.532815, 33.051007 ] ] } },
{ "type": "Feature", "properties": { "accuracy": null, "activity_confidence": null, "average_dip": "(67.5,55.0,80.0)", "average_rake": "(120,105.0,135.0)", "catalog_id": "ME_PK94s2s9", "catalog_name": "EMME", "dip_dir": null, "downthrown_side_dir": null, "downthrown_side_id": null, "epistemic_quality": "3", "exposure_quality": null, "fs_name": null, "last_movement": null, "lower_seis_depth": "(25.0,,)", "name": null, "net_slip_rate": "(1.5,1.0,2.0)", "notes": null, "reference": null, "shortening_rate": null, "slip_type": "Dextral-Reverse", "strike_slip_rate": null, "upper_seis_depth": "(5.0,,)", "vert_sep_rate": null }, "geometry": { "type": "LineString", "coordinates": [ [ 72.1197, 32.389305 ], [ 71.973053, 32.413597 ], [ 71.849184, 32.501669 ], [ 71.721416, 32.738511 ] ] } },
{ "type": "Feature", "properties": { "accuracy": null, "activity_confidence": null, "average_dip": "(65.0,50.0,80.0)", "average_rake": "(85,80.0,90.0)", "catalog_id": "ME_PK94s2s3", "catalog_name": "EMME", "dip_dir": null, "downthrown_side_dir": null, "downthrown_side_id": null, "epistemic_quality": "3", "exposure_quality": null, "fs_name": null, "last_movement": null, "lower_seis_depth": "(25.0,,)", "name": null, "net_slip_rate": "(1.5,1.0,2.0)", "notes": null, "reference": null, "shortening_rate": null, "slip_type": "Reverse", "strike_slip_rate": null, "upper_seis_depth": "(5.0,,)", "vert_sep_rate": null }, "geometry": { "type": "LineString", "coordinates": [ [ 73.511298, 32.816795 ], [ 73.35631, 32.716669 ], [ 73.266579, 32.719853 ], [ 73.136466, 32.729015 ], [ 73.068644, 32.657139 ], [ 72.955276, 32.627195 ], [ 72.768314, 32.655517 ], [ 72.611276, 32.582684 ], [ 72.341258, 32.526512 ], [ 72.272889, 32.439326 ], [ 72.13418, 32.389652 ] ] } },
{ "type": "Feature", "properties": { "accuracy": null, "activity_confidence": null, "average_dip": "(65.0,50.0,80.0)", "average_rake": "(85,80.0,90.0)", "catalog_id": "ME_PK95", "catalog_name": "EMME", "dip_dir": null, "downthrown_side_dir": null, "downthrown_side_id": null, "epistemic_quality": "3", "exposure_quality": null, "fs_name": null, "last_movement": null, "lower_seis_depth": "(25.0,,)", "name": null, "net_slip_rate": "(1.5,1.0,2.0)", "notes": null, "reference": null, "shortening_rate": null, "slip_type": "Reverse", "strike_slip_rate": null, "upper_seis_depth": "(5.0,,)", "vert_sep_rate": null }, "geometry": { "type": "LineString", "coordinates": [ [ 74.053373, 32.977396 ], [ 73.822186, 32.816003 ], [ 73.440472, 32.626136 ], [ 73.220081, 32.518679 ], [ 72.953071, 32.493483 ], [ 72.753321, 32.51474 ] ] } },
{ "type": "Feature", "properties": { "accuracy": null, "activity_confidence": null, "average_dip": "(65.0,50.0,80.0)", "average_rake": "(85,80.0,90.0)", "catalog_id": "ME_PK61", "catalog_name": "EMME", "dip_dir": null, "downthrown_side_dir": null, "downthrown_side_id": null, "epistemic_quality": "3", "exposure_quality": null, "fs_name": null, "last_movement": null, "lower_seis_depth": "(25.0,,)", "name": null, "net_slip_rate": "(1.5,1.0,2.0)", "notes": null, "reference": null, "shortening_rate": null, "slip_type": "Reverse", "strike_slip_rate": null, "upper_seis_depth": "(5.0,,)", "vert_sep_rate": null }, "geometry": { "type": "LineString", "coordinates": [ [ 71.158866, 33.513466 ], [ 71.036823, 33.487297 ], [ 70.848982, 33.442477 ], [ 70.733564, 33.42297 ], [ 70.667611, 33.410838 ], [ 70.58861, 33.379344 ], [ 70.543173, 33.338597 ] ] } },
{ "type": "Feature", "properties": { "accuracy": null, "activity_confidence": null, "average_dip": "(65.0,50.0,80.0)", "average_rake": "(85,80.0,90.0)", "catalog_id": "ME_PK59", "catalog_name": "EMME", "dip_dir": null, "downthrown_side_dir": null, "downthrown_side_id": null, "epistemic_quality": "3", "exposure_quality": null, "fs_name": null, "last_movement": null, "lower_seis_depth": "(25.0,,)", "name": null, "net_slip_rate": "(1.5,1.0,2.0)", "notes": null, "reference": null, "shortening_rate": null, "slip_type": "Reverse", "strike_slip_rate": null, "upper_seis_depth": "(5.0,,)", "vert_sep_rate": null }, "geometry": { "type": "LineString", "coordinates": [ [ 71.115051, 33.574219 ], [ 71.024132, 33.553669 ], [ 70.951135, 33.552974 ], [ 70.855102, 33.568591 ], [ 70.789611, 33.586431 ], [ 70.606501, 33.60026 ], [ 70.515027, 33.653529 ], [ 70.443452, 33.740856 ], [ 70.371857, 33.795027 ], [ 70.270417, 33.844717 ] ] } },
{ "type": "Feature", "properties": { "accuracy": null, "activity_confidence": null, "average_dip": "(70.0,60.0,80.0)", "average_rake": "(30,15.0,45.0)", "catalog_id": "ME_PK112", "catalog_name": "EMME", "dip_dir": null, "downthrown_side_dir": null, "downthrown_side_id": null, "epistemic_quality": "3", "exposure_quality": null, "fs_name": null, "last_movement": null, "lower_seis_depth": "(25.0,,)", "name": null, "net_slip_rate": "(2.0,1.0,3.0)", "notes": null, "reference": null, "shortening_rate": null, "slip_type": "Sinistral-Reverse", "strike_slip_rate": null, "upper_seis_depth": "(5.0,,)", "vert_sep_rate": null }, "geometry": { "type": "LineString", "coordinates": [ [ 70.497666, 30.821313 ], [ 70.552988, 30.621831 ], [ 70.568692, 30.498595 ], [ 70.570339, 30.441785 ], [ 70.54344, 30.338254 ], [ 70.478031, 30.171034 ], [ 70.424533, 30.085164 ], [ 70.333632, 30.008304 ], [ 70.24405, 29.966221 ] ] } },
{ "type": "Feature", "properties": { "accuracy": null, "activity_confidence": null, "average_dip": "(65.0,50.0,80.0)", "average_rake": "(85,80.0,90.0)", "catalog_id": "ME_PK108", "catalog_name": "EMME", "dip_dir": null, "downthrown_side_dir": null, "downthrown_side_id": null, "epistemic_quality": "3", "exposure_quality": null, "fs_name": null, "last_movement": null, "lower_seis_depth": "(25.0,,)", "name": null, "net_slip_rate": "(2.0,1.0,3.0)", "notes": null, "reference": null, "shortening_rate": null, "slip_type": "Reverse", "strike_slip_rate": null, "upper_seis_depth": "(5.0,,)", "vert_sep_rate": null }, "geometry": { "type": "LineString", "coordinates": [ [ 69.955094, 31.919648 ], [ 69.963229, 31.803907 ], [ 69.950578, 31.787037 ], [ 69.937132, 31.576188 ], [ 69.896184, 31.480887 ], [ 69.880335, 31.330602 ], [ 69.835521, 31.16458 ] ] } },
{ "type": "Feature", "properties": { "accuracy": null, "activity_confidence": null, "average_dip": "(65.0,50.0,80.0)", "average_rake": "(85,80.0,90.0)", "catalog_id": "ME_PK105", "catalog_name": "EMME", "dip_dir": null, "downthrown_side_dir": null, "downthrown_side_id": null, "epistemic_quality": "3", "exposure_quality": null, "fs_name": null, "last_movement": null, "lower_seis_depth": "(25.0,,)", "name": null, "net_slip_rate": "(2.0,1.0,3.0)", "notes": null, "reference": null, "shortening_rate": null, "slip_type": "Reverse", "strike_slip_rate": null, "upper_seis_depth": "(5.0,,)", "vert_sep_rate": null }, "geometry": { "type": "LineString", "coordinates": [ [ 69.616704, 30.960883 ], [ 69.543514, 30.90914 ], [ 69.479535, 30.860914 ], [ 69.411002, 30.812683 ], [ 69.388874, 30.797092 ], [ 69.332347, 30.755729 ], [ 69.31317, 30.744467 ], [ 69.261307, 30.713995 ], [ 69.230631, 30.695953 ], [ 69.129901, 30.632246 ], [ 69.026503, 30.570646 ], [ 68.938372, 30.521468 ], [ 68.927703, 30.515507 ], [ 68.8765, 30.488111 ], [ 68.824176, 30.460078 ], [ 68.797087, 30.449948 ], [ 68.777483, 30.441782 ], [ 68.707089, 30.422236 ], [ 68.658921, 30.408416 ] ] } },
{ "type": "Feature", "properties": { "accuracy": null, "activity_confidence": null, "average_dip": "(65.0,50.0,80.0)", "average_rake": "(85,80.0,90.0)", "catalog_id": "ME_PK121", "catalog_name": "EMME", "dip_dir": null, "downthrown_side_dir": null, "downthrown_side_id": null, "epistemic_quality": "3", "exposure_quality": null, "fs_name": null, "last_movement": null, "lower_seis_depth": "(25.0,,)", "name": null, "net_slip_rate": "(2.0,1.0,3.0)", "notes": null, "reference": null, "shortening_rate": null, "slip_type": "Reverse", "strike_slip_rate": null, "upper_seis_depth": "(5.0,,)", "vert_sep_rate": null }, "geometry": { "type": "LineString", "coordinates": [ [ 69.684351, 30.51797 ], [ 69.556362, 30.277392 ], [ 69.28732, 30.063371 ], [ 68.919411, 30.065687 ], [ 68.742295, 29.994908 ], [ 68.521908, 29.977298 ], [ 68.116736, 30.077559 ] ] } },
{ "type": "Feature", "properties": { "accuracy": null, "activity_confidence": null, "average_dip": "(65.0,50.0,80.0)", "average_rake": "(85,80.0,90.0)", "catalog_id": "ME_PK117", "catalog_name": "EMME", "dip_dir": null, "downthrown_side_dir": null, "downthrown_side_id": null, "epistemic_quality": "3", "exposure_quality": null, "fs_name": null, "last_movement": null, "lower_seis_depth": "(25.0,,)", "name": null, "net_slip_rate": "(2.0,1.0,3.0)", "notes": null, "reference": null, "shortening_rate": null, "slip_type": "Reverse", "strike_slip_rate": null, "upper_seis_depth": "(5.0,,)", "vert_sep_rate": null }, "geometry": { "type": "LineString", "coordinates": [ [ 68.553596, 29.612729 ], [ 69.087156, 29.691048 ], [ 69.365807, 29.785242 ], [ 69.545441, 29.89923 ], [ 69.625982, 30.088967 ] ] } },
{ "type": "Feature", "properties": { "accuracy": null, "activity_confidence": null, "average_dip": "(65.0,50.0,80.0)", "average_rake": "(85,80.0,90.0)", "catalog_id": "ME_PK114", "catalog_name": "EMME", "dip_dir": null, "downthrown_side_dir": null, "downthrown_side_id": null, "epistemic_quality": "3", "exposure_quality": null, "fs_name": null, "last_movement": null, "lower_seis_depth": "(25.0,,)", "name": null, "net_slip_rate": "(2.0,1.0,3.0)", "notes": null, "reference": null, "shortening_rate": null, "slip_type": "Reverse", "strike_slip_rate": null, "upper_seis_depth": "(5.0,,)", "vert_sep_rate": null }, "geometry": { "type": "LineString", "coordinates": [ [ 68.10741, 29.365377 ], [ 68.476305, 29.201683 ], [ 68.694038, 29.204262 ], [ 68.878639, 29.094117 ], [ 69.309101, 29.015111 ], [ 69.728856, 29.252132 ], [ 69.928321, 29.425253 ], [ 69.972352, 29.515228 ] ] } },
{ "type": "Feature", "properties": { "accuracy": null, "activity_confidence": null, "average_dip": "(65.0,50.0,80.0)", "average_rake": "(-87,-100.0,-75.0)", "catalog_id": "ME_PK170", "catalog_name": "EMME", "dip_dir": null, "downthrown_side_dir": null, "downthrown_side_id": null, "epistemic_quality": "3", "exposure_quality": null, "fs_name": null, "last_movement": null, "lower_seis_depth": "(23.0,,)", "name": null, "net_slip_rate": "(1.6,0.15,3.0)", "notes": null, "reference": null, "shortening_rate": null, "slip_type": "Normal", "strike_slip_rate": null, "upper_seis_depth": "(0.0,,)", "vert_sep_rate": null }, "geometry": { "type": "LineString", "coordinates": [ [ 66.745601, 24.843144 ], [ 67.321435, 24.779506 ], [ 68.109595, 24.421395 ], [ 69.132708, 24.321508 ], [ 69.668811, 24.333038 ], [ 70.459494, 24.394906 ], [ 71.468706, 24.639046 ] ] } },
{ "type": "Feature", "properties": { "accuracy": null, "activity_confidence": null, "average_dip": "(65.0,50.0,80.0)", "average_rake": "(-87,-100.0,-75.0)", "catalog_id": "ME_PK167", "catalog_name": "EMME", "dip_dir": null, "downthrown_side_dir": null, "downthrown_side_id": null, "epistemic_quality": "3", "exposure_quality": null, "fs_name": null, "last_movement": null, "lower_seis_depth": "(24.0,,)", "name": null, "net_slip_rate": "(2.0,1.0,3.0)", "notes": null, "reference": null, "shortening_rate": null, "slip_type": "Normal", "strike_slip_rate": null, "upper_seis_depth": "(0.0,,)", "vert_sep_rate": null }, "geometry": { "type": "LineString", "coordinates": [ [ 68.239183, 28.381573 ], [ 68.258365, 28.204929 ], [ 68.3289, 27.910089 ], [ 68.440238, 27.690256 ], [ 68.586866, 27.466385 ], [ 68.744884, 27.222087 ], [ 68.945037, 26.968991 ], [ 69.275195, 26.616596 ], [ 69.48188, 26.383356 ], [ 69.638585, 26.187341 ], [ 69.838508, 25.970661 ], [ 70.005886, 25.74812 ] ] } },
{ "type": "Feature", "properties": { "accuracy": null, "activity_confidence": null, "average_dip": "(65.0,50.0,80.0)", "average_rake": "(85,80.0,90.0)", "catalog_id": "ME_PK91", "catalog_name": "EMME", "dip_dir": null, "downthrown_side_dir": null, "downthrown_side_id": null, "epistemic_quality": "3", "exposure_quality": null, "fs_name": null, "last_movement": null, "lower_seis_depth": "(25.0,,)", "name": null, "net_slip_rate": "(1.5,1.0,2.0)", "notes": null, "reference": null, "shortening_rate": null, "slip_type": "Reverse", "strike_slip_rate": null, "upper_seis_depth": "(5.0,,)", "vert_sep_rate": null }, "geometry": { "type": "LineString", "coordinates": [ [ 73.566599, 33.201543 ], [ 73.424707, 33.051807 ], [ 73.258497, 32.984307 ], [ 73.143653, 32.890432 ], [ 73.038831, 32.800125 ], [ 72.906304, 32.741419 ], [ 72.761784, 32.744681 ] ] } },
{ "type": "Feature", "properties": { "accuracy": null, "activity_confidence": null, "average_dip": "(65.0,50.0,80.0)", "average_rake": "(85,80.0,90.0)", "catalog_id": "ME_PK41", "catalog_name": "EMME", "dip_dir": null, "downthrown_side_dir": null, "downthrown_side_id": null, "epistemic_quality": "3", "exposure_quality": null, "fs_name": null, "last_movement": null, "lower_seis_depth": "(25.0,,)", "name": null, "net_slip_rate": "(0.5,0.1,0.8)", "notes": null, "reference": null, "shortening_rate": null, "slip_type": "Reverse", "strike_slip_rate": null, "upper_seis_depth": "(5.0,,)", "vert_sep_rate": null }, "geometry": { "type": "LineString", "coordinates": [ [ 73.55526, 34.898878 ], [ 73.631736, 34.870198 ], [ 73.653281, 34.774608 ], [ 73.641129, 34.709025 ], [ 73.639881, 34.663456 ], [ 73.683138, 34.642139 ] ] } },
{ "type": "Feature", "properties": { "accuracy": null, "activity_confidence": null, "average_dip": "(65.0,50.0,80.0)", "average_rake": "(85,80.0,90.0)", "catalog_id": "ME_PK56s1s9", "catalog_name": "EMME", "dip_dir": null, "downthrown_side_dir": null, "downthrown_side_id": null, "epistemic_quality": "3", "exposure_quality": null, "fs_name": null, "last_movement": null, "lower_seis_depth": "(25.0,,)", "name": null, "net_slip_rate": "(0.6,0.15,1.0)", "notes": null, "reference": null, "shortening_rate": null, "slip_type": "Reverse", "strike_slip_rate": null, "upper_seis_depth": "(5.0,,)", "vert_sep_rate": null }, "geometry": { "type": "LineString", "coordinates": [ [ 73.751724, 34.261188 ], [ 73.70504, 34.445078 ], [ 73.537876, 34.563038 ], [ 73.499604, 34.647809 ] ] } },
{ "type": "Feature", "properties": { "accuracy": null, "activity_confidence": null, "average_dip": "(67.5,55.0,80.0)", "average_rake": "(37,30.0,45.0)", "catalog_id": "ME_PK56s1s12", "catalog_name": "EMME", "dip_dir": null, "downthrown_side_dir": null, "downthrown_side_id": null, "epistemic_quality": "3", "exposure_quality": null, "fs_name": null, "last_movement": null, "lower_seis_depth": "(25.0,,)", "name": null, "net_slip_rate": "(0.6,0.1,1.0)", "notes": null, "reference": null, "shortening_rate": null, "slip_type": "Sinistral-Reverse", "strike_slip_rate": null, "upper_seis_depth": "(5.0,,)", "vert_sep_rate": null }, "geometry": { "type": "LineString", "coordinates": [ [ 73.49812, 34.648526 ], [ 73.433002, 34.665694 ], [ 73.38403, 34.649191 ], [ 73.344869, 34.591456 ] ] } },
{ "type": "Feature", "properties": { "accuracy": null, "activity_confidence": null, "average_dip": "(65.0,50.0,80.0)", "average_rake": "(85,80.0,90.0)", "catalog_id": "ME_PK24", "catalog_name": "EMME", "dip_dir": null, "downthrown_side_dir": null, "downthrown_side_id": null, "epistemic_quality": "3", "exposure_quality": null, "fs_name": null, "last_movement": null, "lower_seis_depth": "(25.0,,)", "name": null, "net_slip_rate": "(0.5,0.15,0.8)", "notes": null, "reference": null, "shortening_rate": null, "slip_type": "Reverse", "strike_slip_rate": null, "upper_seis_depth": "(5.0,,)", "vert_sep_rate": null }, "geometry": { "type": "LineString", "coordinates": [ [ 73.990304, 35.217481 ], [ 73.919207, 35.206524 ], [ 73.80709, 35.184393 ], [ 73.58705, 35.084802 ], [ 73.394047, 35.036975 ], [ 73.218393, 35.054256 ], [ 73.061672, 35.036326 ] ] } },
{ "type": "Feature", "properties": { "accuracy": null, "activity_confidence": null, "average_dip": null, "average_rake": null, "catalog_id": "GAF_9", "catalog_name": "HimaTibetMap", "dip_dir": null, "downthrown_side_dir": null, "downthrown_side_id": null, "epistemic_quality": null, "exposure_quality": "1", "fs_name": "Longmu Co- Gozha Co Fault", "last_movement": null, "lower_seis_depth": null, "name": null, "net_slip_rate": null, "notes": null, "reference": "Avouac and Peltzer, 1993; Taylor, et al., 2003", "shortening_rate": null, "slip_type": "Sinistral", "strike_slip_rate": null, "upper_seis_depth": null, "vert_sep_rate": null }, "geometry": { "type": "LineString", "coordinates": [ [ 78.347334676080109, 34.27814555117611 ], [ 78.585283022809747, 34.284755227474157 ], [ 78.803402340645249, 34.284755227474157 ], [ 79.01491198218271, 34.311193932666335 ], [ 79.173544213335802, 34.370681019348751 ], [ 79.444540941555672, 34.377290695646792 ], [ 79.715537669775543, 34.449997134925297 ], [ 79.927047311313004, 34.502874545309659 ], [ 80.118727923956328, 34.582190660886205 ], [ 80.270750478811365, 34.648287423866662 ] ] } },
{ "type": "Feature", "properties": { "accuracy": null, "activity_confidence": null, "average_dip": null, "average_rake": null, "catalog_id": "GAF_10", "catalog_name": "HimaTibetMap", "dip_dir": null, "downthrown_side_dir": null, "downthrown_side_id": null, "epistemic_quality": null, "exposure_quality": "1", "fs_name": "Longmu Co- Gozha Co Fault", "last_movement": null, "lower_seis_depth": null, "name": null, "net_slip_rate": null, "notes": null, "reference": "Avouac and Peltzer, 1993; Taylor, et al., 2003", "shortening_rate": null, "slip_type": "Sinistral", "strike_slip_rate": null, "upper_seis_depth": null, "vert_sep_rate": null }, "geometry": { "type": "LineString", "coordinates": [ [ 80.220604009556922, 34.829479625043817 ], [ 80.504820090372888, 34.875747359130131 ], [ 80.762597465996663, 34.93523444581254 ], [ 80.874961963063441, 34.968282827302772 ], [ 81.026984517918493, 34.968282827302772 ], [ 81.175992873636332, 35.001357744744979 ], [ 81.258283068899999, 35.036006248013891 ] ] } },
{ "type": "Feature", "properties": { "accuracy": null, "activity_confidence": null, "average_dip": null, "average_rake": null, "catalog_id": "GAF_11", "catalog_name": "HimaTibetMap", "dip_dir": null, "downthrown_side_dir": null, "downthrown_side_id": null, "epistemic_quality": null, "exposure_quality": "1", "fs_name": null, "last_movement": null, "lower_seis_depth": null, "name": null, "net_slip_rate": null, "notes": null, "reference": null, "shortening_rate": null, "slip_type": "Normal", "strike_slip_rate": null, "upper_seis_depth": null, "vert_sep_rate": null }, "geometry": { "type": "LineString", "coordinates": [ [ 82.618236822204764, 36.058137094446757 ], [ 82.470980683311893, 35.932536270096954 ], [ 82.336717733144852, 35.871901389376362 ], [ 82.241338671109958, 35.836202871865929 ], [ 82.089316116254906, 35.631302906626516 ], [ 81.970341942890087, 35.55198679104997 ], [ 81.798490359140899, 35.505719056963649 ], [ 81.666296833179999, 35.446231970281239 ], [ 81.572751114649321, 35.364138807167123 ], [ 81.557284618111424, 35.327257161576753 ], [ 81.552923219836146, 35.261397534526893 ], [ 81.494445249430811, 35.155406213167232 ] ] } },
{ "type": "Feature", "properties": { "accuracy": null, "activity_confidence": null, "average_dip": null, "average_rake": null, "catalog_id": "GAF_12", "catalog_name": "HimaTibetMap", "dip_dir": null, "downthrown_side_dir": null, "downthrown_side_id": null, "epistemic_quality": null, "exposure_quality": "1", "fs_name": "Narin Thrust", "last_movement": null, "lower_seis_depth": null, "name": null, "net_slip_rate": null, "notes": null, "reference": "Yin, et al., 2008", "shortening_rate": null, "slip_type": "Reverse", "strike_slip_rate": null, "upper_seis_depth": null, "vert_sep_rate": null }, "geometry": { "type": "LineString", "coordinates": [ [ 88.843793677212332, 37.681379729147139 ], [ 89.246772999337338, 37.681379729147139 ], [ 89.46169530447068, 37.667947085076307 ], [ 89.663184965533176, 37.627649152863803 ], [ 90.133327508012357, 37.4261594918013 ], [ 90.872122931908194, 37.15750661038463 ], [ 90.966151440404033, 37.063478101888798 ], [ 91.382563406599871, 36.929151661180462 ], [ 91.866138593149884, 36.767959932330463 ], [ 92.322848491558219, 36.673931423834624 ], [ 92.739260457754057, 36.579902915338792 ], [ 92.994480695099895, 36.512739694984624 ] ] } },
{ "type": "Feature", "properties": { "accuracy": null, "activity_confidence": null, "average_dip": null, "average_rake": null, "catalog_id": "GAF_13", "catalog_name": "HimaTibetMap", "dip_dir": null, "downthrown_side_dir": null, "downthrown_side_id": null, "epistemic_quality": null, "exposure_quality": "1", "fs_name": null, "last_movement": null, "lower_seis_depth": null, "name": null, "net_slip_rate": null, "notes": null, "reference": null, "shortening_rate": null, "slip_type": "Reverse", "strike_slip_rate": null, "upper_seis_depth": null, "vert_sep_rate": null }, "geometry": { "type": "LineString", "coordinates": [ [ 90.106462219870693, 38.366444576759648 ], [ 90.401980389429028, 38.366444576759648 ], [ 90.630335338633202, 38.37987722083048 ], [ 90.858690287837362, 38.29928135640548 ], [ 90.939286152262369, 38.178387559767977 ], [ 91.100477881112369, 38.097791695342977 ], [ 91.234804321820704, 37.976897898705474 ], [ 91.369130762529039, 37.829138813926306 ], [ 91.543755135449871, 37.78884088171381 ], [ 91.772110084654045, 37.70824501728881 ], [ 91.987032389787387, 37.641081796934643 ] ] } },
{ "type": "Feature", "properties": { "accuracy": null, "activity_confidence": null, "average_dip": null, "average_rake": null, "catalog_id": "GAF_14", "catalog_name": "HimaTibetMap", "dip_dir": null, "downthrown_side_dir": null, "downthrown_side_id": null, "epistemic_quality": null, "exposure_quality": "1", "fs_name": "Pum Qu - Xainza Rift", "last_movement": null, "lower_seis_depth": null, "name": null, "net_slip_rate": null, "notes": null, "reference": "Hager et al., 2006", "shortening_rate": null, "slip_type": "Normal", "strike_slip_rate": null, "upper_seis_depth": null, "vert_sep_rate": null }, "geometry": { "type": "LineString", "coordinates": [ [ 88.683803822378252, 30.87339412756053 ], [ 88.694386664748663, 30.796962488218696 ], [ 88.669693365884385, 30.7734450607289 ], [ 88.649703552518048, 30.745224147741148 ], [ 88.660286394888459, 30.698189292761558 ], [ 88.655582909390503, 30.665264894275843 ], [ 88.587382369670095, 30.649978566407476 ], [ 88.541523386064995, 30.625285267543195 ], [ 88.515654215826231, 30.550029499575849 ], [ 88.549754485686421, 30.501818773221771 ], [ 88.542699257439494, 30.471246117485038 ], [ 88.50507137345582, 30.425387133879937 ], [ 88.469795232221131, 30.350131365912596 ], [ 88.512126601702761, 30.221961386093213 ], [ 88.489785045587453, 30.145529746751379 ] ] } },
{ "type": "Feature", "properties": { "accuracy": null, "activity_confidence": null, "average_dip": null, "average_rake": null, "catalog_id": "GAF_15", "catalog_name": "HimaTibetMap", "dip_dir": null, "downthrown_side_dir": null, "downthrown_side_id": null, "epistemic_quality": null, "exposure_quality": "1", "fs_name": "Gurla Mandhata detachment", "last_movement": null, "lower_seis_depth": null, "name": null, "net_slip_rate": null, "notes": null, "reference": "Murphy, et al., 2002", "shortening_rate": null, "slip_type": "Normal", "strike_slip_rate": null, "upper_seis_depth": null, "vert_sep_rate": null }, "geometry": { "type": "LineString", "coordinates": [ [ 81.418787659105604, 30.142157407486987 ], [ 81.347891964392403, 30.151610166782081 ], [ 81.300173175407522, 30.179481827718458 ], [ 81.266855537997372, 30.199662289694896 ], [ 81.226166754797674, 30.231071174971856 ], [ 81.201777279487899, 30.271046119869801 ], [ 81.202372144739357, 30.323394261998068 ], [ 81.189879974458748, 30.345999141553456 ], [ 81.173223747417936, 30.383475652395283 ], [ 81.157757250880039, 30.420357297985653 ], [ 81.157162385628581, 30.461403000336226 ], [ 81.180362130435427, 30.479248957879953 ], [ 81.210576218936083, 30.498983354457053 ], [ 81.263643265639487, 30.51434600771595 ] ] } },
{ "type": "Feature", "properties": { "accuracy": null, "activity_confidence": null, "average_dip": null, "average_rake": null, "catalog_id": "GAF_18", "catalog_name": "HimaTibetMap", "dip_dir": null, "downthrown_side_dir": null, "downthrown_side_id": null, "epistemic_quality": null, "exposure_quality": "1", "fs_name": null, "last_movement": null, "lower_seis_depth": null, "name": null, "net_slip_rate": null, "notes": null, "reference": null, "shortening_rate": null, "slip_type": "Sinistral", "strike_slip_rate": null, "upper_seis_depth": null, "vert_sep_rate": null }, "geometry": { "type": "LineString", "coordinates": [ [ 80.057786302668262, 33.707158925274406 ], [ 80.372396859059876, 33.814586920139845 ], [ 80.625619989814112, 33.891321202186582 ] ] } },
{ "type": "Feature", "properties": { "accuracy": null, "activity_confidence": null, "average_dip": null, "average_rake": null, "catalog_id": "GAF_19", "catalog_name": "HimaTibetMap", "dip_dir": null, "downthrown_side_dir": null, "downthrown_side_id": null, "epistemic_quality": null, "exposure_quality": "1", "fs_name": null, "last_movement": null, "lower_seis_depth": null, "name": null, "net_slip_rate": null, "notes": null, "reference": null, "shortening_rate": null, "slip_type": "Sinistral", "strike_slip_rate": null, "upper_seis_depth": null, "vert_sep_rate": null }, "geometry": { "type": "LineString", "coordinates": [ [ 80.752497483306129, 33.300893038840918 ], [ 80.979084101033379, 33.425515678590905 ], [ 81.117868404391317, 33.479330000301125 ], [ 81.279311369521992, 33.608201139133506 ], [ 81.415983094895509, 33.691812068865062 ], [ 81.546431374374961, 33.760872922707129 ], [ 81.633352959720824, 33.783805767872124 ], [ 81.712658275925364, 33.87160808224143 ] ] } },
{ "type": "Feature", "properties": { "accuracy": null, "activity_confidence": null, "average_dip": null, "average_rake": null, "catalog_id": "GAF_20", "catalog_name": "HimaTibetMap", "dip_dir": null, "downthrown_side_dir": null, "downthrown_side_id": null, "epistemic_quality": null, "exposure_quality": "1", "fs_name": null, "last_movement": null, "lower_seis_depth": null, "name": null, "net_slip_rate": null, "notes": null, "reference": null, "shortening_rate": null, "slip_type": "Dextral", "strike_slip_rate": null, "upper_seis_depth": null, "vert_sep_rate": null }, "geometry": { "type": "LineString", "coordinates": [ [ 81.520342884129363, 32.987920273105132 ], [ 81.564244041314012, 32.965261611332409 ], [ 81.610977531220257, 32.894453293292642 ], [ 81.744524341335691, 32.817041253532246 ], [ 81.844278907996454, 32.678919545848117 ], [ 81.967053759271224, 32.548471266368665 ], [ 82.128195751569379, 32.402676130479861 ], [ 82.304684600276872, 32.295248135614429 ], [ 82.473500020779696, 32.210840425363017 ], [ 82.542560874621756, 32.164799856134977 ], [ 82.565581159235776, 32.134106143316281 ] ] } },
{ "type": "Feature", "properties": { "accuracy": null, "activity_confidence": null, "average_dip": null, "average_rake": null, "catalog_id": "GAF_21", "catalog_name": "HimaTibetMap", "dip_dir": null, "downthrown_side_dir": null, "downthrown_side_id": null, "epistemic_quality": null, "exposure_quality": "1", "fs_name": null, "last_movement": null, "lower_seis_depth": null, "name": null, "net_slip_rate": null, "notes": null, "reference": null, "shortening_rate": null, "slip_type": "Sinistral", "strike_slip_rate": null, "upper_seis_depth": null, "vert_sep_rate": null }, "geometry": { "type": "LineString", "coordinates": [ [ 84.797375112777374, 33.68079627536433 ], [ 85.019904530712921, 33.780550842025086 ], [ 85.173373094806394, 33.880305408685842 ], [ 85.273127661467157, 33.94936626252791 ] ] } },
{ "type": "Feature", "properties": { "accuracy": null, "activity_confidence": null, "average_dip": null, "average_rake": null, "catalog_id": "GAF_22", "catalog_name": "HimaTibetMap", "dip_dir": null, "downthrown_side_dir": null, "downthrown_side_id": null, "epistemic_quality": null, "exposure_quality": "1", "fs_name": null, "last_movement": null, "lower_seis_depth": null, "name": null, "net_slip_rate": null, "notes": null, "reference": null, "shortening_rate": null, "slip_type": "Dextral", "strike_slip_rate": null, "upper_seis_depth": null, "vert_sep_rate": null }, "geometry": { "type": "LineString", "coordinates": [ [ 83.598955342777302, 33.997760499439458 ], [ 83.821484760712849, 33.936373073802073 ], [ 84.020993894034362, 33.85963879175533 ], [ 84.212829599151206, 33.798251366117945 ], [ 84.35862473504001, 33.744537368685229 ], [ 84.458379301700774, 33.690823371252513 ] ] } },
{ "type": "Feature", "properties": { "accuracy": null, "activity_confidence": null, "average_dip": null, "average_rake": null, "catalog_id": "GAF_23", "catalog_name": "HimaTibetMap", "dip_dir": null, "downthrown_side_dir": null, "downthrown_side_id": null, "epistemic_quality": null, "exposure_quality": "1", "fs_name": "Riganpei Co Fault", "last_movement": null, "lower_seis_depth": null, "name": null, "net_slip_rate": null, "notes": null, "reference": "Taylor, et al., 2003", "shortening_rate": null, "slip_type": "Sinistral", "strike_slip_rate": null, "upper_seis_depth": null, "vert_sep_rate": null }, "geometry": { "type": "LineString", "coordinates": [ [ 85.060861492115535, 32.226187281772383 ], [ 85.260370625437048, 32.310594992023795 ], [ 85.398492333121183, 32.410349558684551 ], [ 85.559634325419324, 32.425696415093896 ], [ 85.72077631771748, 32.464063556117267 ], [ 85.966326020267047, 32.540797838164004 ], [ 86.150488297179209, 32.571491550982699 ], [ 86.296283433068012, 32.586838407392044 ], [ 86.349997430500721, 32.609858692006071 ] ] } },
{ "type": "Feature", "properties": { "accuracy": null, "activity_confidence": null, "average_dip": null, "average_rake": null, "catalog_id": "GAF_24", "catalog_name": "HimaTibetMap", "dip_dir": null, "downthrown_side_dir": null, "downthrown_side_id": null, "epistemic_quality": null, "exposure_quality": "1", "fs_name": null, "last_movement": null, "lower_seis_depth": null, "name": null, "net_slip_rate": null, "notes": null, "reference": null, "shortening_rate": null, "slip_type": "Sinistral", "strike_slip_rate": null, "upper_seis_depth": null, "vert_sep_rate": null }, "geometry": { "type": "LineString", "coordinates": [ [ 85.790113538396056, 35.899467139392478 ], [ 86.103171232170183, 35.862636822477874 ], [ 86.52058149053569, 35.807391347105963 ], [ 86.987098838120673, 35.739869099429193 ], [ 87.435201027248354, 35.742938292505407 ], [ 87.763604686403568, 35.690762010209717 ], [ 88.134977048625828, 35.706107975590804 ], [ 88.380512494723192, 35.699969589438368 ], [ 88.616840361591898, 35.666208465599986 ] ] } },
{ "type": "Feature", "properties": { "accuracy": null, "activity_confidence": null, "average_dip": null, "average_rake": null, "catalog_id": "GAF_25", "catalog_name": "HimaTibetMap", "dip_dir": null, "downthrown_side_dir": null, "downthrown_side_id": null, "epistemic_quality": null, "exposure_quality": "1", "fs_name": null, "last_movement": null, "lower_seis_depth": null, "name": null, "net_slip_rate": null, "notes": null, "reference": null, "shortening_rate": null, "slip_type": "Sinistral", "strike_slip_rate": null, "upper_seis_depth": null, "vert_sep_rate": null }, "geometry": { "type": "LineString", "coordinates": [ [ 84.017275256279902, 35.295558563641883 ], [ 85.183636343390319, 35.59482226362416 ] ] } },
{ "type": "Feature", "properties": { "accuracy": null, "activity_confidence": null, "average_dip": null, "average_rake": null, "catalog_id": "GAF_26", "catalog_name": "HimaTibetMap", "dip_dir": null, "downthrown_side_dir": null, "downthrown_side_id": null, "epistemic_quality": null, "exposure_quality": "1", "fs_name": null, "last_movement": null, "lower_seis_depth": null, "name": null, "net_slip_rate": null, "notes": null, "reference": null, "shortening_rate": null, "slip_type": "Sinistral", "strike_slip_rate": null, "upper_seis_depth": null, "vert_sep_rate": null }, "geometry": { "type": "LineString", "coordinates": [ [ 81.538757946170279, 34.781438873928735 ], [ 81.953123069222656, 34.812132586747431 ], [ 82.344467907661027, 34.873520012384823 ], [ 82.774179887122756, 34.973274579045579 ], [ 83.41107442811068, 35.157436855957748 ], [ 83.741031840911646, 35.272538279027856 ], [ 83.97890811525653, 35.379966273893288 ] ] } },
{ "type": "Feature", "properties": { "accuracy": null, "activity_confidence": null, "average_dip": null, "average_rake": null, "catalog_id": "GAF_27", "catalog_name": "HimaTibetMap", "dip_dir": null, "downthrown_side_dir": null, "downthrown_side_id": null, "epistemic_quality": null, "exposure_quality": "1", "fs_name": null, "last_movement": null, "lower_seis_depth": null, "name": null, "net_slip_rate": null, "notes": null, "reference": null, "shortening_rate": null, "slip_type": "Sinistral", "strike_slip_rate": null, "upper_seis_depth": null, "vert_sep_rate": null }, "geometry": { "type": "LineString", "coordinates": [ [ 90.631770368708686, 35.295558563641883 ], [ 91.007768350737706, 35.364619417483951 ], [ 91.284011766105962, 35.418333414916667 ], [ 91.544908325064867, 35.418333414916667 ], [ 91.836498596842475, 35.418333414916667 ] ] } },
{ "type": "Feature", "properties": { "accuracy": null, "activity_confidence": null, "average_dip": null, "average_rake": null, "catalog_id": "GAF_28", "catalog_name": "HimaTibetMap", "dip_dir": null, "downthrown_side_dir": null, "downthrown_side_id": null, "epistemic_quality": null, "exposure_quality": "1", "fs_name": "Jiali fault", "last_movement": null, "lower_seis_depth": null, "name": null, "net_slip_rate": null, "notes": null, "reference": "Armijo, et al., 1986; 1989", "shortening_rate": null, "slip_type": "Dextral", "strike_slip_rate": null, "upper_seis_depth": null, "vert_sep_rate": null }, "geometry": { "type": "LineString", "coordinates": [ [ 92.573147704491149, 30.837296776726422 ], [ 92.895431689087445, 30.745215638270338 ], [ 93.217715673683742, 30.645461071609578 ], [ 93.432571663414606, 30.637787643404902 ], [ 93.563019942894073, 30.65313449981425 ], [ 93.685794794168842, 30.645461071609578 ], [ 93.800896217238957, 30.60709393058621 ], [ 93.93134449671841, 30.50733936392545 ], [ 94.107833345425902, 30.476645651106754 ], [ 94.391750188998827, 30.376891084445997 ], [ 94.598932750525023, 30.300156802399258 ], [ 94.783095027437199, 30.246442804966541 ], [ 94.959583876144691, 30.169708522919805 ], [ 95.174439865875556, 29.993219674212309 ], [ 95.304888145355008, 29.947179104984265 ], [ 95.519744135085872, 29.947179104984265 ] ] } },
{ "type": "Feature", "properties": { "accuracy": null, "activity_confidence": null, "average_dip": null, "average_rake": null, "catalog_id": "GAF_30", "catalog_name": "HimaTibetMap", "dip_dir": null, "downthrown_side_dir": null, "downthrown_side_id": null, "epistemic_quality": null, "exposure_quality": "1", "fs_name": null, "last_movement": null, "lower_seis_depth": null, "name": null, "net_slip_rate": null, "notes": null, "reference": null, "shortening_rate": null, "slip_type": "Normal", "strike_slip_rate": null, "upper_seis_depth": null, "vert_sep_rate": null }, "geometry": { "type": "LineString", "coordinates": [ [ 84.008355224951515, 29.759469289562993 ], [ 83.956335867095731, 29.679333370344001 ], [ 83.90984553931014, 29.500583932128656 ], [ 83.916508030126465, 29.433007239563075 ], [ 83.899547164382, 29.271781022382914 ], [ 83.875224381675309, 29.13529701005027 ], [ 83.83334586797271, 29.040118569817061 ], [ 83.771836800971982, 28.9123811714874 ], [ 83.72139222764838, 28.801022396414542 ], [ 83.67189943872711, 28.754384960700264 ], [ 83.628117356219832, 28.713458231399983 ], [ 83.58243170490789, 28.685856483732351 ], [ 83.596708470942872, 28.558317373819843 ] ] } },
{ "type": "Feature", "properties": { "accuracy": null, "activity_confidence": null, "average_dip": null, "average_rake": null, "catalog_id": "GAF_31", "catalog_name": "HimaTibetMap", "dip_dir": null, "downthrown_side_dir": null, "downthrown_side_id": null, "epistemic_quality": null, "exposure_quality": "1", "fs_name": null, "last_movement": null, "lower_seis_depth": null, "name": null, "net_slip_rate": null, "notes": null, "reference": null, "shortening_rate": null, "slip_type": "Normal", "strike_slip_rate": null, "upper_seis_depth": null, "vert_sep_rate": null }, "geometry": { "type": "LineString", "coordinates": [ [ 85.657898485691248, 29.204388201939658 ], [ 85.644903670828384, 29.145945743641636 ], [ 85.623488521775911, 29.107398475347185 ], [ 85.631811620490893, 29.047867010737598 ], [ 85.608259971338597, 29.039345890580439 ], [ 85.585417145682626, 29.014599496119803 ], [ 85.5405075922897, 29.008736712937083 ], [ 85.508798501294891, 29.000322730084822 ], [ 85.493310108947696, 28.985137971266084 ], [ 85.549725230595172, 28.921324624691255 ], [ 85.563178132545758, 28.895566335699019 ], [ 85.554008260405666, 28.870880051367653 ], [ 85.512638526175877, 28.858124547465803 ], [ 85.488333861889018, 28.800041791334341 ], [ 85.475290429288847, 28.721781195733314 ], [ 85.488974835829382, 28.679451767858332 ], [ 85.504441332367293, 28.644949583273792 ], [ 85.517528367899359, 28.621154973215489 ], [ 85.537753786448917, 28.606878207180507 ], [ 85.565117588015966, 28.606878207180507 ] ] } },
{ "type": "Feature", "properties": { "accuracy": null, "activity_confidence": null, "average_dip": null, "average_rake": null, "catalog_id": "GAF_32", "catalog_name": "HimaTibetMap", "dip_dir": null, "downthrown_side_dir": null, "downthrown_side_id": null, "epistemic_quality": null, "exposure_quality": "1", "fs_name": null, "last_movement": null, "lower_seis_depth": null, "name": null, "net_slip_rate": null, "notes": null, "reference": null, "shortening_rate": null, "slip_type": "Normal", "strike_slip_rate": null, "upper_seis_depth": null, "vert_sep_rate": null }, "geometry": { "type": "LineString", "coordinates": [ [ 90.15134527867265, 29.096407656444892 ], [ 90.033954385271102, 28.992060195643521 ], [ 89.968737222270249, 28.913799600042491 ], [ 89.916563491869553, 28.835539004441465 ], [ 89.877433194069042, 28.783365274040779 ], [ 89.851346328868701, 28.639887515438893 ], [ 89.851346328868701, 28.535540054637519 ], [ 89.903520059269383, 28.405105728635807 ], [ 89.968737222270249, 28.326845133034777 ] ] } },
{ "type": "Feature", "properties": { "accuracy": null, "activity_confidence": null, "average_dip": null, "average_rake": null, "catalog_id": "GAF_33", "catalog_name": "HimaTibetMap", "dip_dir": null, "downthrown_side_dir": null, "downthrown_side_id": null, "epistemic_quality": null, "exposure_quality": "1", "fs_name": null, "last_movement": null, "lower_seis_depth": null, "name": null, "net_slip_rate": null, "notes": null, "reference": null, "shortening_rate": null, "slip_type": "Normal", "strike_slip_rate": null, "upper_seis_depth": null, "vert_sep_rate": null }, "geometry": { "type": "LineString", "coordinates": [ [ 92.061106285434761, 29.038814078907116 ], [ 92.061106285434761, 28.882292887705059 ], [ 92.021975987634249, 28.764901994303514 ], [ 91.956758824633383, 28.686641398702488 ], [ 91.89154166163253, 28.634467668301802 ], [ 91.852411363832019, 28.582293937901117 ], [ 91.800237633431337, 28.530120207500431 ], [ 91.800237633431337, 28.321425285897686 ], [ 91.800237633431337, 28.125773796895114 ], [ 91.800237633431337, 27.995339470893398 ], [ 91.800237633431337, 27.956209173092887 ], [ 91.852411363832019, 27.890992010092027 ] ] } },
{ "type": "Feature", "properties": { "accuracy": null, "activity_confidence": null, "average_dip": null, "average_rake": null, "catalog_id": "GAF_34", "catalog_name": "HimaTibetMap", "dip_dir": null, "downthrown_side_dir": null, "downthrown_side_id": null, "epistemic_quality": null, "exposure_quality": "1", "fs_name": null, "last_movement": null, "lower_seis_depth": null, "name": null, "net_slip_rate": null, "notes": null, "reference": null, "shortening_rate": null, "slip_type": "Normal", "strike_slip_rate": null, "upper_seis_depth": null, "vert_sep_rate": null }, "geometry": { "type": "LineString", "coordinates": [ [ 87.825701480457695, 32.156979382528064 ], [ 87.884549536951752, 32.224545669613839 ], [ 87.932499805206177, 32.244161688445189 ], [ 88.085068840561149, 32.311727975530964 ], [ 88.13301910881556, 32.403269396743944 ], [ 88.155700090846409, 32.461613267289131 ], [ 88.128659993519705, 32.568915777986483 ], [ 88.113403089984203, 32.621225161536756 ], [ 88.126480435871784, 32.658277641551535 ], [ 88.148276012351062, 32.706227909805953 ], [ 88.167892031182419, 32.741100832172805 ], [ 88.289947259466388, 32.837001368681641 ] ] } },
{ "type": "Feature", "properties": { "accuracy": null, "activity_confidence": null, "average_dip": null, "average_rake": null, "catalog_id": "GAF_35", "catalog_name": "HimaTibetMap", "dip_dir": null, "downthrown_side_dir": null, "downthrown_side_id": null, "epistemic_quality": null, "exposure_quality": "1", "fs_name": null, "last_movement": null, "lower_seis_depth": null, "name": null, "net_slip_rate": null, "notes": null, "reference": null, "shortening_rate": null, "slip_type": "Normal", "strike_slip_rate": null, "upper_seis_depth": null, "vert_sep_rate": null }, "geometry": { "type": "LineString", "coordinates": [ [ 88.028400341715013, 32.592890912113688 ], [ 88.019682111123302, 32.492631260308997 ], [ 87.980450073460588, 32.422885415575294 ], [ 87.899806440487254, 32.379294262616732 ], [ 87.823521922809761, 32.224545669613839 ], [ 87.77775121220327, 32.239802573149333 ], [ 87.71943673585865, 32.22254073575715 ], [ 87.71943673585865, 32.152374305545244 ], [ 87.71943673585865, 32.09974948288631 ] ] } },
{ "type": "Feature", "properties": { "accuracy": null, "activity_confidence": null, "average_dip": null, "average_rake": null, "catalog_id": "GAF_36", "catalog_name": "HimaTibetMap", "dip_dir": null, "downthrown_side_dir": null, "downthrown_side_id": null, "epistemic_quality": null, "exposure_quality": "1", "fs_name": null, "last_movement": null, "lower_seis_depth": null, "name": null, "net_slip_rate": null, "notes": null, "reference": null, "shortening_rate": null, "slip_type": "Normal", "strike_slip_rate": null, "upper_seis_depth": null, "vert_sep_rate": null }, "geometry": { "type": "LineString", "coordinates": [ [ 84.885307638453924, 34.358054512364816 ], [ 85.034411302654235, 34.270346474599933 ], [ 85.148431751748589, 34.208950848164513 ], [ 85.227368985736973, 34.130013614176114 ], [ 85.2887646121724, 34.103701202846651 ], [ 85.306306219725371, 34.051076380187716 ], [ 85.306306219725371, 33.998451557528782 ], [ 85.306306219725371, 33.945826734869854 ], [ 85.271223004619429, 33.91951432354039 ] ] } },
{ "type": "Feature", "properties": { "accuracy": null, "activity_confidence": null, "average_dip": null, "average_rake": null, "catalog_id": "GAF_37", "catalog_name": "HimaTibetMap", "dip_dir": null, "downthrown_side_dir": null, "downthrown_side_id": null, "epistemic_quality": null, "exposure_quality": "1", "fs_name": null, "last_movement": null, "lower_seis_depth": null, "name": null, "net_slip_rate": null, "notes": null, "reference": null, "shortening_rate": null, "slip_type": "Normal", "strike_slip_rate": null, "upper_seis_depth": null, "vert_sep_rate": null }, "geometry": { "type": "LineString", "coordinates": [ [ 81.347570588112333, 33.670512459008499 ], [ 81.292340100041315, 33.731407612522695 ], [ 81.119284570752114, 33.790886599676099 ], [ 80.985544241232517, 33.85302688848153 ], [ 80.959231829903061, 33.870568496034508 ], [ 80.836440577032221, 33.949505730022899 ] ] } },
{ "type": "Feature", "properties": { "accuracy": null, "activity_confidence": null, "average_dip": null, "average_rake": null, "catalog_id": "GAF_51", "catalog_name": "HimaTibetMap", "dip_dir": null, "downthrown_side_dir": null, "downthrown_side_id": null, "epistemic_quality": null, "exposure_quality": "1", "fs_name": null, "last_movement": null, "lower_seis_depth": null, "name": null, "net_slip_rate": null, "notes": null, "reference": null, "shortening_rate": null, "slip_type": "Reverse", "strike_slip_rate": null, "upper_seis_depth": null, "vert_sep_rate": null }, "geometry": { "type": "LineString", "coordinates": [ [ 97.896184475345166, 37.980704810999626 ], [ 97.666843174072881, 38.031669544615688 ], [ 97.46298423960863, 38.065646033693064 ], [ 97.310090038760436, 38.065646033693064 ], [ 97.174184082450935, 38.065646033693064 ], [ 97.106231104296185, 38.065646033693064 ] ] } },
{ "type": "Feature", "properties": { "accuracy": null, "activity_confidence": null, "average_dip": null, "average_rake": null, "catalog_id": "GAF_78", "catalog_name": "HimaTibetMap", "dip_dir": null, "downthrown_side_dir": null, "downthrown_side_id": null, "epistemic_quality": null, "exposure_quality": "1", "fs_name": "Ganzi Fault", "last_movement": null, "lower_seis_depth": null, "name": null, "net_slip_rate": null, "notes": null, "reference": "Taylor, et al., 2003; Wang and Burchfiel, 2000; Wen et al., 2005", "shortening_rate": null, "slip_type": "Sinistral", "strike_slip_rate": "None", "upper_seis_depth": null, "vert_sep_rate": null }, "geometry": { "type": "LineString", "coordinates": [ [ 96.349211999881518, 33.285472166510132 ], [ 96.887320353816094, 33.040259579042896 ], [ 97.309356747286074, 32.766585430678731 ], [ 97.873186428740681, 32.505099201598341 ], [ 98.167358436456112, 32.419299032681337 ], [ 98.788388230522045, 32.153727081271562 ], [ 99.519732527481253, 31.798269238615408 ], [ 99.683161420656489, 31.70429762503964 ] ] } },
{ "type": "Feature", "properties": { "accuracy": null, "activity_confidence": null, "average_dip": null, "average_rake": null, "catalog_id": "GAF_80", "catalog_name": "HimaTibetMap", "dip_dir": null, "downthrown_side_dir": null, "downthrown_side_id": null, "epistemic_quality": null, "exposure_quality": "1", "fs_name": null, "last_movement": null, "lower_seis_depth": null, "name": null, "net_slip_rate": null, "notes": null, "reference": null, "shortening_rate": null, "slip_type": "Sinistral", "strike_slip_rate": null, "upper_seis_depth": null, "vert_sep_rate": null }, "geometry": { "type": "LineString", "coordinates": [ [ 97.699077821081772, 31.876740542628745 ], [ 98.294366630409954, 31.001846383464617 ], [ 98.682206309214664, 30.388518519308324 ] ] } },
{ "type": "Feature", "properties": { "accuracy": null, "activity_confidence": null, "average_dip": null, "average_rake": null, "catalog_id": "GAF_105", "catalog_name": "HimaTibetMap", "dip_dir": null, "downthrown_side_dir": null, "downthrown_side_id": null, "epistemic_quality": null, "exposure_quality": "1", "fs_name": null, "last_movement": null, "lower_seis_depth": null, "name": null, "net_slip_rate": null, "notes": null, "reference": null, "shortening_rate": null, "slip_type": "Sinistral", "strike_slip_rate": null, "upper_seis_depth": null, "vert_sep_rate": null }, "geometry": { "type": "LineString", "coordinates": [ [ 97.816331677464603, 23.037603676846839 ], [ 98.168093246613068, 23.06466225908903 ], [ 98.366522849722458, 23.118779423573407 ], [ 98.582991507659969, 23.217994225128102 ] ] } },
{ "type": "Feature", "properties": { "accuracy": null, "activity_confidence": null, "average_dip": null, "average_rake": null, "catalog_id": "GAF_106", "catalog_name": "HimaTibetMap", "dip_dir": null, "downthrown_side_dir": null, "downthrown_side_id": null, "epistemic_quality": null, "exposure_quality": "1", "fs_name": null, "last_movement": null, "lower_seis_depth": null, "name": null, "net_slip_rate": null, "notes": null, "reference": null, "shortening_rate": null, "slip_type": "Sinistral", "strike_slip_rate": null, "upper_seis_depth": null, "vert_sep_rate": null }, "geometry": { "type": "LineString", "coordinates": [ [ 97.473589635730193, 22.730939744768691 ], [ 97.996722225745856, 22.794076436667133 ], [ 98.420640014206825, 22.893291238221828 ], [ 98.700245364042786, 22.992506039776522 ], [ 98.880635912324053, 23.100740368745281 ] ] } },
{ "type": "Feature", "properties": { "accuracy": null, "activity_confidence": null, "average_dip": null, "average_rake": null, "catalog_id": "GAF_107", "catalog_name": "HimaTibetMap", "dip_dir": null, "downthrown_side_dir": null, "downthrown_side_id": null, "epistemic_quality": null, "exposure_quality": "1", "fs_name": null, "last_movement": null, "lower_seis_depth": null, "name": null, "net_slip_rate": null, "notes": null, "reference": null, "shortening_rate": null, "slip_type": "Sinistral", "strike_slip_rate": null, "upper_seis_depth": null, "vert_sep_rate": null }, "geometry": { "type": "LineString", "coordinates": [ [ 97.527706800214574, 21.991338496815512 ], [ 98.330444740066199, 22.054475188713955 ], [ 98.934753076808434, 22.081533770956145 ], [ 99.268475591128762, 22.153689990268649 ], [ 99.466905194238166, 22.252904791823344 ] ] } },
{ "type": "Feature", "properties": { "accuracy": null, "activity_confidence": null, "average_dip": null, "average_rake": null, "catalog_id": "GAF_127", "catalog_name": "HimaTibetMap", "dip_dir": null, "downthrown_side_dir": null, "downthrown_side_id": null, "epistemic_quality": null, "exposure_quality": "1", "fs_name": "Sagaing Fault", "last_movement": null, "lower_seis_depth": null, "name": null, "net_slip_rate": null, "notes": null, "reference": "Wang and Burchfiel, 1997; Vigny et al., 2003; Mohadjer (2017)", "shortening_rate": null, "slip_type": "Dextral", "strike_slip_rate": null, "upper_seis_depth": null, "vert_sep_rate": null }, "geometry": { "type": "LineString", "coordinates": [ [ 97.103789011753605, 16.399231500096349 ], [ 96.959476573128597, 17.301184241502664 ], [ 96.625754058808255, 18.54587902464338 ], [ 96.463402565355125, 19.258421690354371 ], [ 96.201836270347286, 20.674487494362289 ], [ 96.048504304308224, 21.792908893706123 ], [ 95.994387139823843, 22.821135018909327 ], [ 95.976348084995706, 24.065829802050047 ], [ 95.94928950275353, 24.859548214487603 ] ] } },
{ "type": "Feature", "properties": { "accuracy": null, "activity_confidence": null, "average_dip": null, "average_rake": null, "catalog_id": "GAF_128", "catalog_name": "HimaTibetMap", "dip_dir": null, "downthrown_side_dir": null, "downthrown_side_id": null, "epistemic_quality": null, "exposure_quality": "1", "fs_name": null, "last_movement": null, "lower_seis_depth": null, "name": null, "net_slip_rate": null, "notes": null, "reference": null, "shortening_rate": null, "slip_type": "Reverse", "strike_slip_rate": null, "upper_seis_depth": null, "vert_sep_rate": null }, "geometry": { "type": "LineString", "coordinates": [ [ 95.985367612409775, 23.145838005815602 ], [ 96.129680051034782, 23.867400198940654 ], [ 96.33712918155824, 24.579942864651645 ], [ 96.517519729839506, 24.90464585155792 ], [ 96.715949332948895, 25.184251201393877 ], [ 96.779086024847331, 25.400719859331392 ], [ 96.869281298987971, 25.680325209167354 ], [ 96.869281298987971, 25.842676702620491 ] ] } },
{ "type": "Feature", "properties": { "accuracy": null, "activity_confidence": null, "average_dip": null, "average_rake": null, "catalog_id": "GAF_129", "catalog_name": "HimaTibetMap", "dip_dir": null, "downthrown_side_dir": null, "downthrown_side_id": null, "epistemic_quality": null, "exposure_quality": "1", "fs_name": null, "last_movement": null, "lower_seis_depth": null, "name": null, "net_slip_rate": null, "notes": null, "reference": null, "shortening_rate": null, "slip_type": "Reverse", "strike_slip_rate": null, "upper_seis_depth": null, "vert_sep_rate": null }, "geometry": { "type": "LineString", "coordinates": [ [ 93.856759142690862, 25.536012770542342 ], [ 93.432841354229893, 24.859548214487603 ], [ 93.180294586636137, 24.192103185846928 ], [ 93.035982148011115, 23.668970595831265 ], [ 93.017943093182993, 22.839174073737453 ], [ 93.017943093182993, 22.018397079057706 ], [ 93.189314114050191, 21.215659139206085 ], [ 93.477938991300221, 20.476057891252903 ], [ 93.694407649237732, 20.106257267276312 ], [ 93.766563868550236, 19.871749554510671 ], [ 93.766563868550236, 19.862730027096607 ] ] } },
{ "type": "Feature", "properties": { "accuracy": null, "activity_confidence": null, "average_dip": null, "average_rake": null, "catalog_id": "GAF_130", "catalog_name": "HimaTibetMap", "dip_dir": null, "downthrown_side_dir": null, "downthrown_side_id": null, "epistemic_quality": null, "exposure_quality": "1", "fs_name": null, "last_movement": null, "lower_seis_depth": null, "name": null, "net_slip_rate": null, "notes": null, "reference": null, "shortening_rate": null, "slip_type": "Reverse", "strike_slip_rate": null, "upper_seis_depth": null, "vert_sep_rate": null }, "geometry": { "type": "LineString", "coordinates": [ [ 91.701092090729773, 24.174064131018802 ], [ 91.710111618143827, 23.623872958760948 ], [ 91.935599803495407, 22.893291238221835 ], [ 92.161087988846987, 22.298002428893664 ], [ 92.197166098503246, 21.856045585604569 ], [ 92.395595701612635, 21.287815358518589 ], [ 92.512849557995452, 20.872917097471682 ], [ 92.548927667651711, 20.665467966948231 ] ] } },
{ "type": "Feature", "properties": { "accuracy": null, "activity_confidence": null, "average_dip": null, "average_rake": null, "catalog_id": "GAF_131", "catalog_name": "HimaTibetMap", "dip_dir": null, "downthrown_side_dir": null, "downthrown_side_id": null, "epistemic_quality": null, "exposure_quality": "1", "fs_name": null, "last_movement": null, "lower_seis_depth": null, "name": null, "net_slip_rate": null, "notes": null, "reference": null, "shortening_rate": null, "slip_type": "Reverse", "strike_slip_rate": null, "upper_seis_depth": null, "vert_sep_rate": null }, "geometry": { "type": "LineString", "coordinates": [ [ 92.034814605050101, 24.165044603604741 ], [ 92.04383413246417, 23.67799012324533 ], [ 92.143048934018864, 23.33524808151093 ], [ 92.260302790401681, 22.848193601151518 ], [ 92.287361372643872, 22.586627306143686 ], [ 92.386576174198566, 22.343100065963981 ], [ 92.476771448339207, 22.054475188713958 ], [ 92.485790975753261, 21.964279914573325 ] ] } },
{ "type": "Feature", "properties": { "accuracy": null, "activity_confidence": null, "average_dip": null, "average_rake": null, "catalog_id": "GAF_132", "catalog_name": "HimaTibetMap", "dip_dir": null, "downthrown_side_dir": null, "downthrown_side_id": null, "epistemic_quality": null, "exposure_quality": "1", "fs_name": null, "last_movement": null, "lower_seis_depth": null, "name": null, "net_slip_rate": null, "notes": null, "reference": null, "shortening_rate": null, "slip_type": "Reverse", "strike_slip_rate": null, "upper_seis_depth": null, "vert_sep_rate": null }, "geometry": { "type": "LineString", "coordinates": [ [ 92.503830030581398, 24.390532788956317 ], [ 92.45873239351107, 23.76818539738596 ], [ 92.494810503167329, 23.172896588057792 ], [ 92.467751920925139, 22.88427171080777 ], [ 92.548927667651711, 22.595646833557748 ], [ 92.657161996620474, 22.288982901479599 ], [ 92.711279161104841, 21.847026058190504 ], [ 92.792454907831413, 21.368991105245158 ], [ 92.945786873870489, 20.908995207127937 ], [ 93.090099312495497, 20.593311747635724 ], [ 93.252450805948641, 20.331745452627892 ] ] } },
{ "type": "Feature", "properties": { "accuracy": null, "activity_confidence": null, "average_dip": null, "average_rake": null, "catalog_id": "GAF_133", "catalog_name": "HimaTibetMap", "dip_dir": null, "downthrown_side_dir": null, "downthrown_side_id": null, "epistemic_quality": null, "exposure_quality": "1", "fs_name": null, "last_movement": null, "lower_seis_depth": null, "name": null, "net_slip_rate": null, "notes": null, "reference": null, "shortening_rate": null, "slip_type": "Reverse", "strike_slip_rate": null, "upper_seis_depth": null, "vert_sep_rate": null }, "geometry": { "type": "LineString", "coordinates": [ [ 92.846572072315794, 24.507786645339142 ], [ 92.765396325589222, 24.128966493948486 ], [ 92.774415853003291, 23.650931541003139 ], [ 92.783435380417345, 23.22701375254217 ], [ 92.774415853003291, 22.929369347878087 ] ] } },
{ "type": "Feature", "properties": { "accuracy": null, "activity_confidence": null, "average_dip": null, "average_rake": null, "catalog_id": "GAF_134", "catalog_name": "HimaTibetMap", "dip_dir": null, "downthrown_side_dir": null, "downthrown_side_id": null, "epistemic_quality": null, "exposure_quality": "1", "fs_name": null, "last_movement": null, "lower_seis_depth": null, "name": null, "net_slip_rate": null, "notes": null, "reference": null, "shortening_rate": null, "slip_type": "Sinistral", "strike_slip_rate": null, "upper_seis_depth": null, "vert_sep_rate": null }, "geometry": { "type": "LineString", "coordinates": [ [ 86.003591286789785, 32.241982130797261 ], [ 86.09077359270691, 32.274675495516185 ], [ 86.171417225680244, 32.305189302587181 ], [ 86.245522185709802, 32.357498686137454 ], [ 86.328345376331072, 32.429424088519077 ], [ 86.385013875177208, 32.468656126181784 ] ] } },
{ "type": "Feature", "properties": { "accuracy": null, "activity_confidence": null, "average_dip": null, "average_rake": null, "catalog_id": "GAF_135", "catalog_name": "HimaTibetMap", "dip_dir": null, "downthrown_side_dir": null, "downthrown_side_id": null, "epistemic_quality": null, "exposure_quality": "1", "fs_name": null, "last_movement": null, "lower_seis_depth": null, "name": null, "net_slip_rate": null, "notes": null, "reference": null, "shortening_rate": null, "slip_type": "Sinistral", "strike_slip_rate": null, "upper_seis_depth": null, "vert_sep_rate": null }, "geometry": { "type": "LineString", "coordinates": [ [ 87.666377545967791, 33.105389247589436 ], [ 87.873335340127639, 33.12549371902211 ], [ 87.982136009057385, 33.14441557448815 ], [ 88.113406381353045, 33.166885277854078 ], [ 88.22891964532441, 33.18573059235014 ], [ 88.309563278297759, 33.207526168829425 ], [ 88.366231777143881, 33.248937764140059 ], [ 88.394566026566949, 33.299067590042405 ], [ 88.416361603046241, 33.336120070057184 ], [ 88.416361603046241, 33.373172550071963 ], [ 88.416361603046241, 33.401506799495024 ] ] } },
{ "type": "Feature", "properties": { "accuracy": null, "activity_confidence": null, "average_dip": null, "average_rake": null, "catalog_id": "GAF_136", "catalog_name": "HimaTibetMap", "dip_dir": null, "downthrown_side_dir": null, "downthrown_side_id": null, "epistemic_quality": null, "exposure_quality": "1", "fs_name": null, "last_movement": null, "lower_seis_depth": null, "name": null, "net_slip_rate": null, "notes": null, "reference": null, "shortening_rate": null, "slip_type": "Normal", "strike_slip_rate": null, "upper_seis_depth": null, "vert_sep_rate": null }, "geometry": { "type": "LineString", "coordinates": [ [ 89.38190564107839, 34.114222150367539 ], [ 89.362289622247047, 34.053194536225554 ], [ 89.362289622247047, 34.000885152675281 ], [ 89.360110064599112, 33.939857538533289 ], [ 89.34267360341569, 33.907164173814365 ], [ 89.294723335161265, 33.865752578503731 ], [ 89.253311739850631, 33.843957002024453 ], [ 89.20536147159622, 33.81126363730553 ], [ 89.192284125708653, 33.743697350219762 ], [ 89.192284125708653, 33.693567524317409 ], [ 89.203181913948285, 33.645617256062991 ] ] } },
{ "type": "Feature", "properties": { "accuracy": null, "activity_confidence": null, "average_dip": null, "average_rake": null, "catalog_id": "GAF_137", "catalog_name": "HimaTibetMap", "dip_dir": null, "downthrown_side_dir": null, "downthrown_side_id": null, "epistemic_quality": null, "exposure_quality": "1", "fs_name": null, "last_movement": null, "lower_seis_depth": null, "name": null, "net_slip_rate": null, "notes": null, "reference": null, "shortening_rate": null, "slip_type": "Normal", "strike_slip_rate": null, "upper_seis_depth": null, "vert_sep_rate": null }, "geometry": { "type": "LineString", "coordinates": [ [ 89.541013349377153, 34.353973491639636 ], [ 89.519217772897861, 34.314741453976929 ], [ 89.501781311714439, 34.271150301018366 ], [ 89.51703821524994, 34.218840917468093 ], [ 89.51703821524994, 34.170890649213675 ], [ 89.51703821524994, 34.127299496255112 ], [ 89.55627025291264, 34.059733209169337 ], [ 89.55627025291264, 33.99434647973149 ], [ 89.558449810560575, 33.878829924391304 ], [ 89.532295118785441, 33.841777444376525 ], [ 89.475626619939305, 33.802545406713818 ], [ 89.451651485812093, 33.743697350219762 ], [ 89.445112812868317, 33.702285754909127 ], [ 89.445112812868317, 33.654335486654702 ], [ 89.445112812868317, 33.61074433369614 ], [ 89.429855909332815, 33.549716719554155 ], [ 89.423317236389025, 33.490868663060098 ] ] } },
{ "type": "Feature", "properties": { "accuracy": null, "activity_confidence": null, "average_dip": null, "average_rake": null, "catalog_id": "GAF_138", "catalog_name": "HimaTibetMap", "dip_dir": null, "downthrown_side_dir": null, "downthrown_side_id": null, "epistemic_quality": null, "exposure_quality": "1", "fs_name": null, "last_movement": null, "lower_seis_depth": null, "name": null, "net_slip_rate": null, "notes": null, "reference": null, "shortening_rate": null, "slip_type": "Normal", "strike_slip_rate": null, "upper_seis_depth": null, "vert_sep_rate": null }, "geometry": { "type": "LineString", "coordinates": [ [ 90.949029605672521, 33.412800870943393 ], [ 90.989416246264312, 33.467167502509277 ], [ 91.000289572577501, 33.512214140092439 ], [ 91.01271623122112, 33.549494116023325 ], [ 91.017376228212484, 33.580560762632402 ], [ 91.060869533465194, 33.630267397206929 ], [ 91.109022835709268, 33.662887376146458 ], [ 91.208436104858308, 33.717254007712341 ] ] } },
{ "type": "Feature", "properties": { "accuracy": null, "activity_confidence": null, "average_dip": null, "average_rake": null, "catalog_id": "GAF_139", "catalog_name": "HimaTibetMap", "dip_dir": null, "downthrown_side_dir": null, "downthrown_side_id": null, "epistemic_quality": null, "exposure_quality": "1", "fs_name": null, "last_movement": null, "lower_seis_depth": null, "name": null, "net_slip_rate": null, "notes": null, "reference": null, "shortening_rate": null, "slip_type": "Normal", "strike_slip_rate": null, "upper_seis_depth": null, "vert_sep_rate": null }, "geometry": { "type": "LineString", "coordinates": [ [ 91.09814950939608, 33.815113944530935 ], [ 91.087276183082906, 33.846180591140012 ], [ 91.060869533465194, 33.895887225714532 ], [ 91.032909551517022, 33.925400539993156 ], [ 91.025142889864753, 33.95491385427178 ], [ 91.025142889864753, 33.987533833211309 ], [ 91.048442874821561, 34.017047147489933 ], [ 91.057762868804289, 34.034133803124924 ], [ 91.057762868804289, 34.057433788081731 ], [ 91.04999620715202, 34.094713764012624 ] ] } },
{ "type": "Feature", "properties": { "accuracy": null, "activity_confidence": null, "average_dip": null, "average_rake": null, "catalog_id": "GAF_140", "catalog_name": "HimaTibetMap", "dip_dir": null, "downthrown_side_dir": null, "downthrown_side_id": null, "epistemic_quality": null, "exposure_quality": "1", "fs_name": null, "last_movement": null, "lower_seis_depth": null, "name": null, "net_slip_rate": null, "notes": null, "reference": null, "shortening_rate": null, "slip_type": "Normal", "strike_slip_rate": null, "upper_seis_depth": null, "vert_sep_rate": null }, "geometry": { "type": "LineString", "coordinates": [ [ 90.324590008830071, 33.319600931116163 ], [ 90.344783329125974, 33.370860898021135 ], [ 90.355656655439148, 33.400374212299759 ], [ 90.38361663738732, 33.437654188230653 ], [ 90.408469954674587, 33.454740843865643 ], [ 90.419343280987761, 33.474934164161546 ], [ 90.411576619335492, 33.509107475431527 ], [ 90.400703293022318, 33.560367442336506 ], [ 90.389829966709144, 33.585220759623766 ], [ 90.37740330806551, 33.634927394198286 ], [ 90.366529981752336, 33.679974031781448 ], [ 90.346336661456434, 33.70793401372962 ], [ 90.321483344169167, 33.754533983643235 ] ] } },
{ "type": "Feature", "properties": { "accuracy": null, "activity_confidence": null, "average_dip": null, "average_rake": null, "catalog_id": "GAF_141", "catalog_name": "HimaTibetMap", "dip_dir": null, "downthrown_side_dir": null, "downthrown_side_id": null, "epistemic_quality": null, "exposure_quality": "1", "fs_name": null, "last_movement": null, "lower_seis_depth": null, "name": null, "net_slip_rate": null, "notes": null, "reference": null, "shortening_rate": null, "slip_type": "Normal", "strike_slip_rate": null, "upper_seis_depth": null, "vert_sep_rate": null }, "geometry": { "type": "LineString", "coordinates": [ [ 90.27827491095853, 33.818113761891695 ], [ 90.25588109959223, 33.814716929320078 ], [ 90.249721378888566, 33.784801307810064 ], [ 90.268757066935208, 33.759816967248845 ], [ 90.29041669756009, 33.739000660338696 ], [ 90.29041669756009, 33.700167352077351 ], [ 90.301290023873264, 33.655120714494188 ], [ 90.302843356203724, 33.608520744580574 ], [ 90.302843356203724, 33.569687436319228 ], [ 90.302843356203724, 33.523087466405613 ], [ 90.302843356203724, 33.490467487466084 ], [ 90.287310032899185, 33.462507505517912 ], [ 90.250030056968299, 33.442314185222017 ], [ 90.229836736672397, 33.412800870943393 ], [ 90.206536751715589, 33.3755208950125 ] ] } },
{ "type": "Feature", "properties": { "accuracy": null, "activity_confidence": null, "average_dip": null, "average_rake": null, "catalog_id": "GAF_142", "catalog_name": "HimaTibetMap", "dip_dir": null, "downthrown_side_dir": null, "downthrown_side_id": null, "epistemic_quality": null, "exposure_quality": "1", "fs_name": null, "last_movement": null, "lower_seis_depth": null, "name": null, "net_slip_rate": null, "notes": null, "reference": null, "shortening_rate": null, "slip_type": "Normal", "strike_slip_rate": null, "upper_seis_depth": null, "vert_sep_rate": null }, "geometry": { "type": "LineString", "coordinates": [ [ 88.514721203379125, 32.572590671221626 ], [ 88.552644355978089, 32.54604446440235 ], [ 88.624698345916144, 32.481575104984096 ], [ 88.624698345916144, 32.451236582904919 ], [ 88.617113715396343, 32.417105745565848 ], [ 88.617113715396343, 32.379182592966878 ], [ 88.617113715396343, 32.326090179328318 ], [ 88.617113715396343, 32.276790080949652 ], [ 88.624698345916144, 32.227489982570994 ], [ 88.624698345916144, 32.181982199452229 ], [ 88.613321400136442, 32.056835795875621 ] ] } },
{ "type": "Feature", "properties": { "accuracy": null, "activity_confidence": null, "average_dip": null, "average_rake": null, "catalog_id": "GAF_143", "catalog_name": "HimaTibetMap", "dip_dir": null, "downthrown_side_dir": null, "downthrown_side_id": null, "epistemic_quality": null, "exposure_quality": "1", "fs_name": null, "last_movement": null, "lower_seis_depth": null, "name": null, "net_slip_rate": null, "notes": null, "reference": null, "shortening_rate": null, "slip_type": "Normal", "strike_slip_rate": null, "upper_seis_depth": null, "vert_sep_rate": null }, "geometry": { "type": "LineString", "coordinates": [ [ 92.113628385021471, 33.767169978089214 ], [ 92.064328286642805, 33.702700618670967 ], [ 92.060535971382905, 33.645815889772507 ], [ 92.056743656123018, 33.585138845614154 ], [ 92.007443557744352, 33.535838747235495 ], [ 91.958143459365687, 33.482746333596936 ], [ 91.93159725254641, 33.425861604698476 ], [ 91.92780493728651, 33.38035382157971 ], [ 91.878504838907844, 33.331053723201052 ], [ 91.848166316828667, 33.277961309562492 ], [ 91.844374001568781, 33.221076580664032 ], [ 91.851958632088568, 33.152814905985885 ], [ 91.870920208388057, 33.099722492347325 ], [ 91.924012622026609, 33.031460817669178 ], [ 91.984689666184963, 32.959406827731129 ] ] } },
{ "type": "Feature", "properties": { "accuracy": null, "activity_confidence": null, "average_dip": null, "average_rake": null, "catalog_id": "GAF_144", "catalog_name": "HimaTibetMap", "dip_dir": null, "downthrown_side_dir": null, "downthrown_side_id": null, "epistemic_quality": null, "exposure_quality": "1", "fs_name": null, "last_movement": null, "lower_seis_depth": null, "name": null, "net_slip_rate": null, "notes": null, "reference": null, "shortening_rate": null, "slip_type": "Normal", "strike_slip_rate": null, "upper_seis_depth": null, "vert_sep_rate": null }, "geometry": { "type": "LineString", "coordinates": [ [ 92.015028188264139, 32.720490966357616 ], [ 92.083289862942294, 32.76220643421648 ], [ 92.178097744439725, 32.8721835767535 ], [ 92.265320995417355, 32.879768207273294 ], [ 92.329790354835609, 32.879768207273294 ], [ 92.428390551592926, 32.879768207273294 ], [ 92.466313704191904, 32.879768207273294 ], [ 92.500444541530968, 32.879768207273294 ], [ 92.549744639909633, 32.936652936171747 ], [ 92.595252423028398, 32.951822197211335 ], [ 92.636967890887277, 32.985953034550413 ], [ 92.659721782446653, 33.035253132929071 ], [ 92.686267989265929, 33.088345546567631 ] ] } },
{ "type": "Feature", "properties": { "accuracy": null, "activity_confidence": null, "average_dip": null, "average_rake": null, "catalog_id": "GAF_145", "catalog_name": "HimaTibetMap", "dip_dir": null, "downthrown_side_dir": null, "downthrown_side_id": null, "epistemic_quality": null, "exposure_quality": "1", "fs_name": null, "last_movement": null, "lower_seis_depth": null, "name": null, "net_slip_rate": null, "notes": null, "reference": "Murphy et al., 2010 EPSL", "shortening_rate": null, "slip_type": "Normal", "strike_slip_rate": null, "upper_seis_depth": null, "vert_sep_rate": null }, "geometry": { "type": "LineString", "coordinates": [ [ 85.602339166239716, 30.102925595102686 ], [ 85.606670229148335, 30.089932406376846 ], [ 85.607672071927752, 30.032201818305317 ], [ 85.573184284057689, 29.947419339791399 ], [ 85.600487116121485, 29.879162259631883 ], [ 85.625673754170492, 29.83498039467008 ], [ 85.640004373055945, 29.797253763440469 ], [ 85.645982480816642, 29.755867295347038 ], [ 85.6687161300474, 29.724343301747055 ], [ 85.696602739770455, 29.704640805747061 ], [ 85.7132572427995, 29.66686926854366 ], [ 85.71702934459779, 29.644775529439396 ], [ 85.741278570443924, 29.617293073480432 ] ] } },
{ "type": "Feature", "properties": { "accuracy": null, "activity_confidence": null, "average_dip": null, "average_rake": null, "catalog_id": "GAF_146", "catalog_name": "HimaTibetMap", "dip_dir": null, "downthrown_side_dir": null, "downthrown_side_id": null, "epistemic_quality": null, "exposure_quality": "1", "fs_name": "South Lunggar Detachment", "last_movement": null, "lower_seis_depth": null, "name": null, "net_slip_rate": null, "notes": null, "reference": "Styron et al., 2010", "shortening_rate": null, "slip_type": "Normal", "strike_slip_rate": null, "upper_seis_depth": null, "vert_sep_rate": null }, "geometry": { "type": "LineString", "coordinates": [ [ 83.163058919406623, 30.862816089135904 ], [ 83.287958227574094, 30.906244331448526 ], [ 83.356459527076282, 30.904754089363664 ], [ 83.379778244933419, 30.941873681054616 ], [ 83.394055010968401, 30.995649499786381 ], [ 83.394165921474396, 31.072915517007381 ], [ 83.379778244933419, 31.115098442279063 ], [ 83.393579118767235, 31.133658238124539 ], [ 83.417849621026704, 31.160784093591005 ], [ 83.453541536114159, 31.176012644028319 ], [ 83.492564696609776, 31.183626919246976 ], [ 83.501725621482223, 31.21063380166315 ], [ 83.544555919587168, 31.247515447253519 ], [ 83.557048089867777, 31.282612497089517 ], [ 83.565609597339417, 31.307761812268971 ], [ 83.567160799142556, 31.338529830726529 ], [ 83.536287407916404, 31.346162124929158 ], [ 83.493397507961816, 31.379575533077102 ], [ 83.463654245388938, 31.440846653977232 ] ] } },
{ "type": "Feature", "properties": { "accuracy": null, "activity_confidence": null, "average_dip": null, "average_rake": null, "catalog_id": "GAF_147", "catalog_name": "HimaTibetMap", "dip_dir": null, "downthrown_side_dir": null, "downthrown_side_id": null, "epistemic_quality": null, "exposure_quality": "1", "fs_name": null, "last_movement": null, "lower_seis_depth": null, "name": null, "net_slip_rate": null, "notes": null, "reference": null, "shortening_rate": null, "slip_type": "Normal", "strike_slip_rate": null, "upper_seis_depth": null, "vert_sep_rate": null }, "geometry": { "type": "LineString", "coordinates": [ [ 85.086308645073984, 31.364838310370597 ], [ 85.067225910017811, 31.445186668501879 ], [ 85.052294176845749, 31.519183166219428 ], [ 85.052294176845749, 31.588480172757251 ], [ 85.021025604092316, 31.704310123475267 ] ] } },
{ "type": "Feature", "properties": { "accuracy": null, "activity_confidence": null, "average_dip": null, "average_rake": null, "catalog_id": "GAF_148", "catalog_name": "HimaTibetMap", "dip_dir": null, "downthrown_side_dir": null, "downthrown_side_id": null, "epistemic_quality": null, "exposure_quality": "1", "fs_name": null, "last_movement": null, "lower_seis_depth": null, "name": null, "net_slip_rate": null, "notes": null, "reference": null, "shortening_rate": null, "slip_type": "Dextral", "strike_slip_rate": null, "upper_seis_depth": null, "vert_sep_rate": null }, "geometry": { "type": "LineString", "coordinates": [ [ 81.622306862106626, 33.249202966671866 ], [ 81.73843250369184, 33.213798807651983 ], [ 81.888546137936146, 33.117499495117904 ], [ 81.959915260095443, 33.06537262459458 ], [ 82.050867581176334, 32.996075618056757 ], [ 82.105219591137825, 32.942602949559678 ], [ 82.168947077373616, 32.880291629684685 ], [ 82.269494888990081, 32.79390548167617 ] ] } },
{ "type": "Feature", "properties": { "accuracy": null, "activity_confidence": null, "average_dip": null, "average_rake": null, "catalog_id": "GAF_149", "catalog_name": "HimaTibetMap", "dip_dir": null, "downthrown_side_dir": null, "downthrown_side_id": null, "epistemic_quality": null, "exposure_quality": "1", "fs_name": null, "last_movement": null, "lower_seis_depth": null, "name": null, "net_slip_rate": null, "notes": null, "reference": null, "shortening_rate": null, "slip_type": "Dextral", "strike_slip_rate": null, "upper_seis_depth": null, "vert_sep_rate": null }, "geometry": { "type": "LineString", "coordinates": [ [ 82.04220545535911, 32.892130108250022 ], [ 82.133157776440001, 32.814170975894974 ], [ 82.24576541206396, 32.736211843539927 ], [ 82.370290529719682, 32.667866675565421 ], [ 82.512349717786961, 32.610777469145859 ], [ 82.852114219269907, 32.463354880297253 ], [ 82.957379996666887, 32.410301418695788 ], [ 83.104749808587144, 32.35453986823947 ] ] } },
{ "type": "Feature", "properties": { "accuracy": null, "activity_confidence": null, "average_dip": null, "average_rake": null, "catalog_id": "GAF_150", "catalog_name": "HimaTibetMap", "dip_dir": null, "downthrown_side_dir": null, "downthrown_side_id": null, "epistemic_quality": null, "exposure_quality": "1", "fs_name": null, "last_movement": null, "lower_seis_depth": null, "name": null, "net_slip_rate": null, "notes": null, "reference": null, "shortening_rate": null, "slip_type": "Normal", "strike_slip_rate": null, "upper_seis_depth": null, "vert_sep_rate": null }, "geometry": { "type": "LineString", "coordinates": [ [ 82.080861529732132, 33.26863099893405 ], [ 82.070240282026177, 33.227473664073436 ], [ 82.072522895719416, 33.173649197309928 ], [ 82.088827465511613, 33.161090865911156 ] ] } },
{ "type": "Feature", "properties": { "accuracy": null, "activity_confidence": null, "average_dip": null, "average_rake": null, "catalog_id": "GAF_151", "catalog_name": "HimaTibetMap", "dip_dir": null, "downthrown_side_dir": null, "downthrown_side_id": null, "epistemic_quality": null, "exposure_quality": "1", "fs_name": null, "last_movement": null, "lower_seis_depth": null, "name": null, "net_slip_rate": null, "notes": null, "reference": null, "shortening_rate": null, "slip_type": "Normal", "strike_slip_rate": null, "upper_seis_depth": null, "vert_sep_rate": null }, "geometry": { "type": "LineString", "coordinates": [ [ 82.128657144408976, 33.273941622787028 ], [ 82.135295424225205, 33.247388503522117 ], [ 82.133967768261968, 33.199592888845274 ], [ 82.137950736151694, 33.178350393433348 ], [ 82.147244327894413, 33.16905680169063 ] ] } },
{ "type": "Feature", "properties": { "accuracy": null, "activity_confidence": null, "average_dip": null, "average_rake": null, "catalog_id": "GAF_152", "catalog_name": "HimaTibetMap", "dip_dir": null, "downthrown_side_dir": null, "downthrown_side_id": null, "epistemic_quality": null, "exposure_quality": "1", "fs_name": null, "last_movement": null, "lower_seis_depth": null, "name": null, "net_slip_rate": null, "notes": null, "reference": null, "shortening_rate": null, "slip_type": "Sinistral", "strike_slip_rate": null, "upper_seis_depth": null, "vert_sep_rate": null }, "geometry": { "type": "LineString", "coordinates": [ [ 81.14134437036742, 33.160656008584084 ], [ 81.407049575265731, 33.217339223553985 ], [ 81.707276843754343, 33.286731375232954 ], [ 81.884297638853752, 33.347626528747156 ], [ 82.035827439458856, 33.415602514065327 ], [ 82.132126751992942, 33.504820994795438 ], [ 82.193021905507138, 33.547305985619296 ] ] } },
{ "type": "Feature", "properties": { "accuracy": null, "activity_confidence": null, "average_dip": null, "average_rake": null, "catalog_id": "GAF_153", "catalog_name": "HimaTibetMap", "dip_dir": null, "downthrown_side_dir": null, "downthrown_side_id": null, "epistemic_quality": null, "exposure_quality": "1", "fs_name": null, "last_movement": null, "lower_seis_depth": null, "name": null, "net_slip_rate": null, "notes": null, "reference": null, "shortening_rate": null, "slip_type": "Normal", "strike_slip_rate": null, "upper_seis_depth": null, "vert_sep_rate": null }, "geometry": { "type": "LineString", "coordinates": [ [ 82.137791417436119, 33.523231157485782 ], [ 82.076853958628021, 33.628410802714384 ], [ 82.066983099396353, 33.688922621698836 ], [ 81.982013117748636, 33.745569276130652 ], [ 81.959915260095443, 33.767004815790024 ], [ 81.925266756826531, 33.810315444876167 ], [ 81.868719808885004, 33.860278751355068 ] ] } },
{ "type": "Feature", "properties": { "accuracy": null, "activity_confidence": null, "average_dip": null, "average_rake": null, "catalog_id": "GAF_154", "catalog_name": "HimaTibetMap", "dip_dir": null, "downthrown_side_dir": null, "downthrown_side_id": null, "epistemic_quality": null, "exposure_quality": "2", "fs_name": null, "last_movement": null, "lower_seis_depth": null, "name": null, "net_slip_rate": null, "notes": null, "reference": null, "shortening_rate": null, "slip_type": "Dextral", "strike_slip_rate": null, "upper_seis_depth": null, "vert_sep_rate": null }, "geometry": { "type": "LineString", "coordinates": [ [ 80.898804847485053, 35.005688807653584 ], [ 80.77320402313525, 35.070654751282788 ], [ 80.517671311527025, 35.135620694911999 ], [ 80.322773480639398, 35.204917701449823 ], [ 80.114882461025942, 35.278545770896258 ], [ 79.893998252686629, 35.365167029068537 ], [ 79.742411050885138, 35.447457224332197 ], [ 79.616810226535335, 35.516754230870021 ] ] } },
{ "type": "Feature", "properties": { "accuracy": null, "activity_confidence": null, "average_dip": null, "average_rake": null, "catalog_id": "GAF_155", "catalog_name": "HimaTibetMap", "dip_dir": null, "downthrown_side_dir": null, "downthrown_side_id": null, "epistemic_quality": null, "exposure_quality": "1", "fs_name": null, "last_movement": null, "lower_seis_depth": null, "name": null, "net_slip_rate": null, "notes": null, "reference": null, "shortening_rate": null, "slip_type": "Sinistral", "strike_slip_rate": null, "upper_seis_depth": null, "vert_sep_rate": null }, "geometry": { "type": "LineString", "coordinates": [ [ 87.235703477294251, 35.285628524149075 ], [ 87.597868260287854, 35.310182068758813 ], [ 87.824988547927916, 35.340873999520987 ], [ 87.920133533290638, 35.383842702588019 ], [ 88.260813964750724, 35.402257861045321 ], [ 88.260813964750724, 35.405327054121543 ] ] } },
{ "type": "Feature", "properties": { "accuracy": null, "activity_confidence": null, "average_dip": null, "average_rake": null, "catalog_id": "GAF_156", "catalog_name": "HimaTibetMap", "dip_dir": null, "downthrown_side_dir": null, "downthrown_side_id": null, "epistemic_quality": null, "exposure_quality": "1", "fs_name": null, "last_movement": null, "lower_seis_depth": null, "name": null, "net_slip_rate": null, "notes": null, "reference": null, "shortening_rate": null, "slip_type": "Sinistral", "strike_slip_rate": null, "upper_seis_depth": null, "vert_sep_rate": null }, "geometry": { "type": "LineString", "coordinates": [ [ 87.340056041885603, 35.261074979539345 ], [ 87.165112036541231, 35.224244662624741 ], [ 86.965614486587128, 35.215037083396091 ], [ 86.858192728919533, 35.187414345710131 ], [ 86.726217426642208, 35.172068380329051 ], [ 86.566619386678923, 35.129099677262012 ], [ 86.446920856706456, 35.092269360347409 ], [ 86.299599589048043, 35.073854201890107 ] ] } },
{ "type": "Feature", "properties": { "accuracy": null, "activity_confidence": null, "average_dip": null, "average_rake": null, "catalog_id": "GAF_157", "catalog_name": "HimaTibetMap", "dip_dir": null, "downthrown_side_dir": null, "downthrown_side_id": null, "epistemic_quality": null, "exposure_quality": "1", "fs_name": null, "last_movement": null, "lower_seis_depth": null, "name": null, "net_slip_rate": null, "notes": null, "reference": null, "shortening_rate": null, "slip_type": "Sinistral", "strike_slip_rate": null, "upper_seis_depth": null, "vert_sep_rate": null }, "geometry": { "type": "LineString", "coordinates": [ [ 87.502723274925145, 35.049300657280376 ], [ 87.315502497275901, 34.987916795756036 ], [ 87.137489298855314, 34.926532934231695 ], [ 87.045413506568806, 34.874356651936004 ], [ 86.848985149690918, 34.816041983487885 ] ] } },
{ "type": "Feature", "properties": { "accuracy": null, "activity_confidence": null, "average_dip": null, "average_rake": null, "catalog_id": "GAF_159", "catalog_name": "HimaTibetMap", "dip_dir": null, "downthrown_side_dir": null, "downthrown_side_id": null, "epistemic_quality": null, "exposure_quality": "1", "fs_name": null, "last_movement": null, "lower_seis_depth": null, "name": null, "net_slip_rate": null, "notes": null, "reference": null, "shortening_rate": null, "slip_type": "Sinistral", "strike_slip_rate": null, "upper_seis_depth": null, "vert_sep_rate": null }, "geometry": { "type": "LineString", "coordinates": [ [ 93.272663085857502, 35.36510483216513 ], [ 93.023434023765248, 35.418219222447085 ], [ 92.700661959744139, 35.463162168070276 ], [ 92.381975618052422, 35.487676502046561 ], [ 92.108232221983883, 35.47133361272904 ], [ 91.867174604550399, 35.454990723411512 ] ] } },
{ "type": "Feature", "properties": { "accuracy": null, "activity_confidence": null, "average_dip": null, "average_rake": null, "catalog_id": "GAF_160", "catalog_name": "HimaTibetMap", "dip_dir": null, "downthrown_side_dir": null, "downthrown_side_id": null, "epistemic_quality": null, "exposure_quality": "1", "fs_name": null, "last_movement": null, "lower_seis_depth": null, "name": null, "net_slip_rate": null, "notes": null, "reference": null, "shortening_rate": null, "slip_type": "Sinistral", "strike_slip_rate": null, "upper_seis_depth": null, "vert_sep_rate": null }, "geometry": { "type": "LineString", "coordinates": [ [ 88.286539714231054, 35.385026568485458 ], [ 88.575882582471479, 35.386759160510849 ], [ 88.79418917767083, 35.372898424307721 ], [ 89.003832812743227, 35.374631016333112 ], [ 89.196150527561699, 35.383293976460067 ], [ 89.390200834405576, 35.383293976460067 ], [ 89.537471156563868, 35.383293976460067 ], [ 89.572122997071702, 35.411015448866337 ], [ 89.676078518595205, 35.428341369120254 ] ] } },
{ "type": "Feature", "properties": { "accuracy": null, "activity_confidence": null, "average_dip": null, "average_rake": null, "catalog_id": "GAF_161", "catalog_name": "HimaTibetMap", "dip_dir": null, "downthrown_side_dir": null, "downthrown_side_id": null, "epistemic_quality": null, "exposure_quality": "1", "fs_name": null, "last_movement": null, "lower_seis_depth": null, "name": null, "net_slip_rate": null, "notes": null, "reference": null, "shortening_rate": null, "slip_type": "Sinistral", "strike_slip_rate": null, "upper_seis_depth": null, "vert_sep_rate": null }, "geometry": { "type": "LineString", "coordinates": [ [ 88.132339023971198, 35.469923577729652 ], [ 88.29000489828185, 35.504575418237486 ], [ 88.471927060947976, 35.540959850770712 ], [ 88.653849223614102, 35.540959850770712 ], [ 88.804584729823176, 35.544425034821494 ], [ 89.076601677809677, 35.553087994948456 ] ] } },
{ "type": "Feature", "properties": { "accuracy": null, "activity_confidence": null, "average_dip": null, "average_rake": null, "catalog_id": "GAF_162", "catalog_name": "HimaTibetMap", "dip_dir": null, "downthrown_side_dir": null, "downthrown_side_id": null, "epistemic_quality": null, "exposure_quality": "1", "fs_name": null, "last_movement": null, "lower_seis_depth": null, "name": null, "net_slip_rate": null, "notes": null, "reference": null, "shortening_rate": null, "slip_type": "Sinistral", "strike_slip_rate": null, "upper_seis_depth": null, "vert_sep_rate": null }, "geometry": { "type": "LineString", "coordinates": [ [ 88.66770995981723, 35.695160541030575 ], [ 88.91027284337207, 35.688230172929003 ], [ 89.000367628692445, 35.696893133055966 ], [ 89.071403901733504, 35.726347197487627 ], [ 89.151103134901518, 35.735010157614582 ], [ 89.284512720856682, 35.735010157614582 ], [ 89.404061570608704, 35.819907166858776 ], [ 89.454306739345057, 35.856291599392002 ], [ 89.634496309985792, 35.878815295722092 ] ] } },
{ "type": "Feature", "properties": { "accuracy": null, "activity_confidence": null, "average_dip": null, "average_rake": null, "catalog_id": "GAF_163", "catalog_name": "HimaTibetMap", "dip_dir": null, "downthrown_side_dir": null, "downthrown_side_id": null, "epistemic_quality": null, "exposure_quality": "1", "fs_name": null, "last_movement": null, "lower_seis_depth": null, "name": null, "net_slip_rate": null, "notes": null, "reference": null, "shortening_rate": null, "slip_type": "Sinistral", "strike_slip_rate": null, "upper_seis_depth": null, "vert_sep_rate": null }, "geometry": { "type": "LineString", "coordinates": [ [ 89.677811110620596, 35.8978738080014 ], [ 89.530540788462304, 35.944653792686978 ], [ 89.372874914151652, 36.013957473702646 ], [ 89.312234193262938, 36.050341906235872 ], [ 89.234267552120315, 36.057272274337436 ], [ 88.963983196159219, 36.081528562692924 ], [ 88.787258809569266, 36.11444781117536 ], [ 88.593208502725389, 36.168158163962502 ], [ 88.45113595664327, 36.194147044343381 ], [ 88.283074530180272, 36.227066292825825 ], [ 88.139269392072762, 36.247857397130524 ] ] } },
{ "type": "Feature", "properties": { "accuracy": null, "activity_confidence": null, "average_dip": null, "average_rake": null, "catalog_id": "GAF_164", "catalog_name": "HimaTibetMap", "dip_dir": null, "downthrown_side_dir": null, "downthrown_side_id": null, "epistemic_quality": null, "exposure_quality": "1", "fs_name": null, "last_movement": null, "lower_seis_depth": null, "name": null, "net_slip_rate": null, "notes": null, "reference": null, "shortening_rate": null, "slip_type": "Sinistral", "strike_slip_rate": null, "upper_seis_depth": null, "vert_sep_rate": null }, "geometry": { "type": "LineString", "coordinates": [ [ 89.718960171223657, 35.838749105134916 ], [ 89.935534174397617, 35.808428744690559 ], [ 90.080638756524166, 35.799765784563604 ], [ 90.245234998936382, 35.804097264627082 ], [ 90.301544239761611, 35.847412065261871 ], [ 90.390339581062946, 35.858240765420568 ], [ 90.593919144046467, 35.882063905769705 ], [ 90.682714485347788, 35.877732425706228 ], [ 90.721697805919106, 35.895058345960145 ], [ 90.78667000687129, 35.918881486309282 ], [ 90.940437549124809, 35.921047226341017 ], [ 91.087707871283101, 35.925378706404501 ], [ 91.163508772393982, 35.925378706404501 ], [ 91.410403136012306, 35.983853687261472 ] ] } },
{ "type": "Feature", "properties": { "accuracy": null, "activity_confidence": null, "average_dip": null, "average_rake": null, "catalog_id": "GAF_165", "catalog_name": "HimaTibetMap", "dip_dir": null, "downthrown_side_dir": null, "downthrown_side_id": null, "epistemic_quality": null, "exposure_quality": "1", "fs_name": null, "last_movement": null, "lower_seis_depth": null, "name": null, "net_slip_rate": null, "notes": null, "reference": null, "shortening_rate": null, "slip_type": "Normal", "strike_slip_rate": null, "upper_seis_depth": null, "vert_sep_rate": null }, "geometry": { "type": "LineString", "coordinates": [ [ 89.294475125002691, 35.43808719926308 ], [ 89.400596386557922, 35.466241819675695 ], [ 89.478563027700559, 35.520385320469188 ], [ 89.498054687986212, 35.572363081230939 ], [ 89.526209308398833, 35.622175101960948 ], [ 89.578187069160577, 35.68065008281792 ], [ 89.617170389731896, 35.710970443262276 ], [ 89.744949051604536, 35.726130623484451 ] ] } },
{ "type": "Feature", "properties": { "accuracy": null, "activity_confidence": null, "average_dip": null, "average_rake": null, "catalog_id": "GAF_166", "catalog_name": "HimaTibetMap", "dip_dir": null, "downthrown_side_dir": null, "downthrown_side_id": null, "epistemic_quality": null, "exposure_quality": "1", "fs_name": null, "last_movement": null, "lower_seis_depth": null, "name": null, "net_slip_rate": null, "notes": null, "reference": null, "shortening_rate": null, "slip_type": "Sinistral", "strike_slip_rate": null, "upper_seis_depth": null, "vert_sep_rate": null }, "geometry": { "type": "LineString", "coordinates": [ [ 90.102296156841575, 35.66765564262748 ], [ 90.286384059539444, 35.635169542151388 ], [ 90.47263770226904, 35.626506582024433 ], [ 90.60041636414168, 35.611346401802251 ], [ 90.819156107347382, 35.542042720786583 ] ] } },
{ "type": "Feature", "properties": { "accuracy": null, "activity_confidence": null, "average_dip": null, "average_rake": null, "catalog_id": "GAF_167", "catalog_name": "HimaTibetMap", "dip_dir": null, "downthrown_side_dir": null, "downthrown_side_id": null, "epistemic_quality": null, "exposure_quality": "1", "fs_name": null, "last_movement": null, "lower_seis_depth": null, "name": null, "net_slip_rate": null, "notes": null, "reference": null, "shortening_rate": null, "slip_type": "Normal", "strike_slip_rate": null, "upper_seis_depth": null, "vert_sep_rate": null }, "geometry": { "type": "LineString", "coordinates": [ [ 81.498082390302201, 34.666922209588279 ], [ 81.552160805550528, 34.604191247900218 ], [ 81.67329645570679, 34.4852187343539 ], [ 81.774963876373647, 34.39220386012677 ], [ 81.839857974671645, 34.29486271267978 ] ] } },
{ "type": "Feature", "properties": { "accuracy": null, "activity_confidence": null, "average_dip": null, "average_rake": null, "catalog_id": "GAF_168", "catalog_name": "HimaTibetMap", "dip_dir": null, "downthrown_side_dir": null, "downthrown_side_id": null, "epistemic_quality": null, "exposure_quality": "1", "fs_name": null, "last_movement": null, "lower_seis_depth": null, "name": null, "net_slip_rate": null, "notes": null, "reference": null, "shortening_rate": null, "slip_type": "Normal", "strike_slip_rate": null, "upper_seis_depth": null, "vert_sep_rate": null }, "geometry": { "type": "LineString", "coordinates": [ [ 81.999930083806689, 34.355430537757911 ], [ 82.075639865154358, 34.281883893020179 ], [ 82.108086914303342, 34.223479204551985 ], [ 82.17298101260134, 34.19535842862286 ], [ 82.218406881409933, 34.139116876764596 ], [ 82.22057001801987, 34.089364734736137 ], [ 82.24869079394901, 34.061243958807005 ], [ 82.317911165466867, 34.005002406948741 ], [ 82.333053121736398, 33.946597718480547 ], [ 82.380642127154928, 33.903334986281884 ], [ 82.397947220034396, 33.875214210352752 ], [ 82.421741722743647, 33.812483248664691 ], [ 82.486635821041645, 33.801667565615027 ], [ 82.551529919339643, 33.790851882565363 ], [ 82.592629514928376, 33.732447194097162 ], [ 82.640218520346906, 33.645921729699836 ] ] } },
{ "type": "Feature", "properties": { "accuracy": null, "activity_confidence": null, "average_dip": null, "average_rake": null, "catalog_id": "GAF_169", "catalog_name": "HimaTibetMap", "dip_dir": null, "downthrown_side_dir": null, "downthrown_side_id": null, "epistemic_quality": null, "exposure_quality": "1", "fs_name": null, "last_movement": null, "lower_seis_depth": null, "name": null, "net_slip_rate": null, "notes": null, "reference": null, "shortening_rate": null, "slip_type": "Normal", "strike_slip_rate": null, "upper_seis_depth": null, "vert_sep_rate": null }, "geometry": { "type": "LineString", "coordinates": [ [ 83.070682705723584, 33.836277751373963 ], [ 83.176676399610301, 33.751915423586567 ], [ 83.26103872739769, 33.680531915458772 ], [ 83.358379874844687, 33.617800953770711 ], [ 83.462210432121481, 33.537764899203189 ], [ 83.548735896518806, 33.475033937515128 ], [ 83.622282541256524, 33.412302975827068 ], [ 83.654729590405523, 33.371203380238335 ] ] } },
{ "type": "Feature", "properties": { "accuracy": null, "activity_confidence": null, "average_dip": null, "average_rake": null, "catalog_id": "GAF_170", "catalog_name": "HimaTibetMap", "dip_dir": null, "downthrown_side_dir": null, "downthrown_side_id": null, "epistemic_quality": null, "exposure_quality": "1", "fs_name": null, "last_movement": null, "lower_seis_depth": null, "name": null, "net_slip_rate": null, "notes": null, "reference": null, "shortening_rate": null, "slip_type": "Normal", "strike_slip_rate": null, "upper_seis_depth": null, "vert_sep_rate": null }, "geometry": { "type": "LineString", "coordinates": [ [ 83.630935087696258, 33.15272658263509 ], [ 83.637424497526069, 33.085669347727162 ], [ 83.682850366334662, 33.01212270298943 ], [ 83.754233874462457, 32.929923511811971 ], [ 83.808312289710784, 32.839071774194785 ], [ 83.836433065639909, 32.759035719627256 ] ] } },
{ "type": "Feature", "properties": { "accuracy": null, "activity_confidence": null, "average_dip": null, "average_rake": null, "catalog_id": "GAF_171", "catalog_name": "HimaTibetMap", "dip_dir": null, "downthrown_side_dir": null, "downthrown_side_id": null, "epistemic_quality": null, "exposure_quality": "1", "fs_name": null, "last_movement": null, "lower_seis_depth": null, "name": null, "net_slip_rate": null, "notes": null, "reference": null, "shortening_rate": null, "slip_type": "Dextral", "strike_slip_rate": null, "upper_seis_depth": null, "vert_sep_rate": null }, "geometry": { "type": "LineString", "coordinates": [ [ 84.472395228960266, 33.665389959189241 ], [ 84.565410103187389, 33.60265899750118 ], [ 84.662751250634386, 33.565885675132314 ], [ 84.731971622152244, 33.500991576834323 ], [ 84.783886900790648, 33.425281795486661 ], [ 84.827149632989304, 33.360387697188671 ] ] } },
{ "type": "Feature", "properties": { "accuracy": null, "activity_confidence": null, "average_dip": null, "average_rake": null, "catalog_id": "GAF_172", "catalog_name": "HimaTibetMap", "dip_dir": null, "downthrown_side_dir": null, "downthrown_side_id": null, "epistemic_quality": null, "exposure_quality": "1", "fs_name": null, "last_movement": null, "lower_seis_depth": null, "name": null, "net_slip_rate": null, "notes": null, "reference": null, "shortening_rate": null, "slip_type": "Normal", "strike_slip_rate": null, "upper_seis_depth": null, "vert_sep_rate": null }, "geometry": { "type": "LineString", "coordinates": [ [ 82.371935973416598, 31.280684243585753 ], [ 82.347981757870116, 31.373079074979309 ], [ 82.327449573115985, 31.450074767807269 ], [ 82.325738557719816, 31.520226399050525 ], [ 82.3342936347007, 31.585244984105248 ], [ 82.370224958020415, 31.622887322821143 ], [ 82.383913081189831, 31.682772861687337 ], [ 82.418133389113365, 31.752924492930592 ], [ 82.404445265943949, 31.817943077985316 ], [ 82.397601204359248, 31.845319324324148 ], [ 82.45406471243308, 31.939425171113879 ] ] } },
{ "type": "Feature", "properties": { "accuracy": null, "activity_confidence": null, "average_dip": null, "average_rake": null, "catalog_id": "GAF_173", "catalog_name": "HimaTibetMap", "dip_dir": null, "downthrown_side_dir": null, "downthrown_side_id": null, "epistemic_quality": null, "exposure_quality": "1", "fs_name": null, "last_movement": null, "lower_seis_depth": null, "name": null, "net_slip_rate": null, "notes": null, "reference": "Murphy et al., 2010 EPSL", "shortening_rate": null, "slip_type": "Normal", "strike_slip_rate": null, "upper_seis_depth": null, "vert_sep_rate": null }, "geometry": { "type": "LineString", "coordinates": [ [ 85.270548810204176, 29.8640070603041 ], [ 85.245012285059701, 29.944545331913595 ], [ 85.197867930946828, 30.037851866095327 ], [ 85.121258355513405, 30.087942742340257 ], [ 85.060326259477208, 30.10447526089045 ], [ 84.895796835034801, 30.216903700926103 ] ] } },
{ "type": "Feature", "properties": { "accuracy": null, "activity_confidence": null, "average_dip": null, "average_rake": null, "catalog_id": "GAF_174", "catalog_name": "HimaTibetMap", "dip_dir": null, "downthrown_side_dir": null, "downthrown_side_id": null, "epistemic_quality": null, "exposure_quality": "1", "fs_name": "Karakoram Fault", "last_movement": null, "lower_seis_depth": null, "name": null, "net_slip_rate": "(6,1,11)", "notes": null, "reference": "Murphy, et al., 2000; Wright et al., 2004; Brown et al., 2002; Chevalier et al., 2005, 2011", "shortening_rate": null, "slip_type": "Dextral", "strike_slip_rate": null, "upper_seis_depth": null, "vert_sep_rate": null }, "geometry": { "type": "LineString", "coordinates": [ [ 82.334622127881161, 30.606290005439824 ], [ 82.208482902475311, 30.674843932290834 ], [ 82.085085834143499, 30.726944916697597 ], [ 81.997336807774204, 30.757108644512041 ], [ 81.887650524812599, 30.757108644512041 ], [ 81.665535801815338, 30.806467471844766 ], [ 81.553107361779681, 30.847599827955371 ], [ 81.451647550040192, 30.875021398695775 ], [ 81.278891654375641, 30.979223367509306 ], [ 81.150010271895752, 31.034066508990112 ], [ 81.06500340260051, 31.09713612169304 ], [ 80.988223004527384, 31.149237106099804 ], [ 80.881278878639819, 31.193111619284451 ], [ 80.755139653233954, 31.250696917839296 ], [ 80.618031799531948, 31.360383200800907 ], [ 80.527540616088615, 31.420710656429794 ], [ 80.43979158971932, 31.470069483762519 ], [ 80.384948448238518, 31.513943996947166 ], [ 80.338331777979832, 31.574271452576053 ], [ 80.299941578943276, 31.64008322235302 ], [ 80.278004322350952, 31.711379306278065 ], [ 80.201223924277826, 31.851229317054123 ], [ 80.110732740834493, 31.952689128793612 ], [ 80.009272929095005, 32.040438155162903 ], [ 79.92152390272571, 32.169319537642799 ], [ 79.885875860763178, 32.248842092789964 ], [ 79.710377808024603, 32.435308773824708 ], [ 79.55955916895239, 32.61354898363733 ], [ 79.458099357212902, 32.704040167080656 ], [ 79.271632676178157, 32.90695979055964 ], [ 79.019354225366442, 33.164722555519425 ], [ 78.901441471182707, 33.301830409221438 ], [ 78.786270874073011, 33.419743163405172 ], [ 78.662873805741199, 33.597983373217794 ], [ 78.599804193038267, 33.729606912771729 ], [ 78.410595354929484, 33.970916735287275 ] ] } },
{ "type": "Feature", "properties": { "accuracy": null, "activity_confidence": null, "average_dip": null, "average_rake": null, "catalog_id": "GAF_175", "catalog_name": "HimaTibetMap", "dip_dir": null, "downthrown_side_dir": null, "downthrown_side_id": null, "epistemic_quality": null, "exposure_quality": "1", "fs_name": "Karakoram Fault", "last_movement": null, "lower_seis_depth": null, "name": null, "net_slip_rate": "(6,1,11)", "notes": null, "reference": "Murphy, et al., 2000; Wright et al., 2004; Brown et al., 2002; Chevalier et al., 2005, 2011", "shortening_rate": null, "slip_type": "Dextral", "strike_slip_rate": null, "upper_seis_depth": null, "vert_sep_rate": null }, "geometry": { "type": "LineString", "coordinates": [ [ 75.390291434242314, 37.30525655448298 ], [ 75.437154470175628, 37.1244991301688 ], [ 75.691553808099286, 36.836626195149918 ], [ 76.173573606270438, 36.354606396978774 ], [ 76.668982843279665, 35.899365476483801 ], [ 76.80957195107959, 35.77886052694101 ], [ 76.970245217136636, 35.537850627855441 ], [ 77.157697360869861, 35.343703764703172 ], [ 77.291591749250742, 35.089304426779506 ], [ 77.679885475555267, 34.5671163120941 ] ] } },
{ "type": "Feature", "properties": { "accuracy": null, "activity_confidence": null, "average_dip": null, "average_rake": null, "catalog_id": "GAF_176", "catalog_name": "HimaTibetMap", "dip_dir": null, "downthrown_side_dir": null, "downthrown_side_id": null, "epistemic_quality": null, "exposure_quality": "1", "fs_name": "Karakoram Fault", "last_movement": null, "lower_seis_depth": null, "name": null, "net_slip_rate": "(6,1,11)", "notes": null, "reference": "Murphy, et al., 2000; Wright et al., 2004; Brown et al., 2002; Chevalier et al., 2005, 2011", "shortening_rate": null, "slip_type": "Dextral", "strike_slip_rate": null, "upper_seis_depth": null, "vert_sep_rate": null }, "geometry": { "type": "LineString", "coordinates": [ [ 78.582455375413602, 33.608554213458291 ], [ 78.404741005380814, 33.781399696640875 ], [ 78.304928824951432, 33.873908546794929 ], [ 78.263543286724612, 33.932335188997492 ], [ 78.161296662870129, 34.012671822026022 ], [ 78.095566690392246, 34.112484002455396 ] ] } },
{ "type": "Feature", "properties": { "accuracy": null, "activity_confidence": null, "average_dip": null, "average_rake": null, "catalog_id": "GAF_177", "catalog_name": "HimaTibetMap", "dip_dir": null, "downthrown_side_dir": null, "downthrown_side_id": null, "epistemic_quality": null, "exposure_quality": "1", "fs_name": "Karakoram Fault", "last_movement": null, "lower_seis_depth": null, "name": null, "net_slip_rate": "(6,1,11)", "notes": null, "reference": "Murphy, et al., 2000; Wright et al., 2004; Brown et al., 2002; Chevalier et al., 2005, 2011", "shortening_rate": null, "slip_type": "Dextral", "strike_slip_rate": null, "upper_seis_depth": null, "vert_sep_rate": null }, "geometry": { "type": "LineString", "coordinates": [ [ 77.696317968674734, 34.521470497873345 ], [ 77.781523488553461, 34.390010552917573 ], [ 77.818040139930062, 34.338887240990331 ], [ 77.866729008432202, 34.282895042212878 ], [ 77.954368971736045, 34.214730626309887 ], [ 77.968975632286686, 34.178213974933286 ], [ 78.029836717914364, 34.158738427532427 ], [ 78.090697803542028, 34.110049559030294 ] ] } },
{ "type": "Feature", "properties": { "accuracy": null, "activity_confidence": null, "average_dip": null, "average_rake": null, "catalog_id": "GAF_179", "catalog_name": "HimaTibetMap", "dip_dir": null, "downthrown_side_dir": null, "downthrown_side_id": null, "epistemic_quality": null, "exposure_quality": "1", "fs_name": "Adatan Thrust", "last_movement": null, "lower_seis_depth": null, "name": null, "net_slip_rate": null, "notes": null, "reference": "Yin, et al., 2008", "shortening_rate": null, "slip_type": "Reverse", "strike_slip_rate": null, "upper_seis_depth": null, "vert_sep_rate": null }, "geometry": { "type": "LineString", "coordinates": [ [ 88.88109980263512, 37.849689442994631 ], [ 89.086475954768261, 37.886200758929412 ], [ 89.232521218507387, 37.886200758929412 ], [ 89.41964171267314, 37.863381186470171 ], [ 89.629581779298135, 37.849689442994631 ], [ 89.83952184592313, 37.831433785027237 ], [ 90.035770169072578, 37.785794640108762 ], [ 90.38262767045299, 37.689952435779958 ], [ 90.601695566061679, 37.612365889418548 ], [ 90.761432573276352, 37.55759891551638 ], [ 90.930297409474719, 37.457192796695729 ], [ 91.112853989148618, 37.452628882203882 ], [ 91.277154910855131, 37.411553651777254 ], [ 91.500786720955674, 37.329403190923998 ], [ 91.779185504958377, 37.238124901087048 ] ] } },
{ "type": "Feature", "properties": { "accuracy": null, "activity_confidence": null, "average_dip": null, "average_rake": null, "catalog_id": "GAF_180", "catalog_name": "HimaTibetMap", "dip_dir": null, "downthrown_side_dir": null, "downthrown_side_id": null, "epistemic_quality": null, "exposure_quality": "1", "fs_name": null, "last_movement": null, "lower_seis_depth": null, "name": null, "net_slip_rate": null, "notes": null, "reference": null, "shortening_rate": null, "slip_type": "Sinistral", "strike_slip_rate": null, "upper_seis_depth": null, "vert_sep_rate": null }, "geometry": { "type": "LineString", "coordinates": [ [ 87.680790291279209, 37.475448454663123 ], [ 87.849655127477575, 37.502831941614211 ], [ 88.032211707151475, 37.55759891551638 ], [ 88.292354833186792, 37.621493718402249 ], [ 88.534242301254721, 37.703644179255505 ], [ 88.794385427290038, 37.82686987053539 ], [ 88.940430691029164, 37.922712074864194 ], [ 89.282724277917737, 38.023118193684837 ], [ 89.593070463363375, 38.118960398013641 ] ] } },
{ "type": "Feature", "properties": { "accuracy": null, "activity_confidence": null, "average_dip": null, "average_rake": null, "catalog_id": "GAF_186", "catalog_name": "HimaTibetMap", "dip_dir": null, "downthrown_side_dir": null, "downthrown_side_id": null, "epistemic_quality": null, "exposure_quality": "1", "fs_name": "North Lunggar Detachment", "last_movement": null, "lower_seis_depth": null, "name": null, "net_slip_rate": null, "notes": null, "reference": "Kapp et al., 2008", "shortening_rate": null, "slip_type": "Normal", "strike_slip_rate": null, "upper_seis_depth": null, "vert_sep_rate": null }, "geometry": { "type": "LineString", "coordinates": [ [ 83.722975599505887, 31.976527465598508 ], [ 83.731827143559372, 31.927211720157683 ], [ 83.730562637266019, 31.882953999890272 ], [ 83.707801523985637, 31.852605848849763 ], [ 83.681246891825197, 31.813406153755771 ], [ 83.655956765958095, 31.760296889434883 ], [ 83.625608614917596, 31.716039169167473 ], [ 83.607905526810626, 31.666723423726644 ], [ 83.596524970170435, 31.630052741219362 ], [ 83.591466944997023, 31.56556292025828 ], [ 83.58767342611695, 31.530156744044355 ], [ 83.592731451290376, 31.497279580417135 ], [ 83.595260463877082, 31.485899023776945 ], [ 83.586408919823597, 31.458079885323144 ], [ 83.583879907236891, 31.439112290922829 ], [ 83.591466944997023, 31.416351177642444 ], [ 83.607905526810626, 31.38726753289529 ], [ 83.63193114638436, 31.363241913321556 ], [ 83.658485778544801, 31.345538825214589 ], [ 83.687569423291961, 31.32910024340098 ], [ 83.705272511398931, 31.321513205640855 ] ] } },
{ "type": "Feature", "properties": { "accuracy": null, "activity_confidence": null, "average_dip": null, "average_rake": null, "catalog_id": "GAF_187", "catalog_name": "HimaTibetMap", "dip_dir": null, "downthrown_side_dir": null, "downthrown_side_id": null, "epistemic_quality": null, "exposure_quality": "1", "fs_name": "Palung Co fault", "last_movement": null, "lower_seis_depth": null, "name": null, "net_slip_rate": null, "notes": null, "reference": "Styron et al., 2010; Elliot et al., 2010", "shortening_rate": null, "slip_type": "Normal", "strike_slip_rate": null, "upper_seis_depth": null, "vert_sep_rate": null }, "geometry": { "type": "LineString", "coordinates": [ [ 83.668480811687786, 31.245521193401007 ], [ 83.633750109050482, 31.183005928653866 ], [ 83.599019406413191, 31.125121424258364 ], [ 83.571234844303348, 31.05102925863212 ], [ 83.538819521841859, 30.976937093005876 ], [ 83.506404199380384, 30.888952646324711 ], [ 83.464727356215619, 30.833383522105027 ], [ 83.47861963727054, 30.745399075423865 ], [ 83.485565777798001, 30.650468488215239 ], [ 83.515665720083661, 30.569430182061538 ], [ 83.520296480435306, 30.523122578545134 ] ] } },
{ "type": "Feature", "properties": { "accuracy": null, "activity_confidence": null, "average_dip": null, "average_rake": null, "catalog_id": "GAF_188", "catalog_name": "HimaTibetMap", "dip_dir": null, "downthrown_side_dir": null, "downthrown_side_id": null, "epistemic_quality": null, "exposure_quality": "1", "fs_name": null, "last_movement": null, "lower_seis_depth": null, "name": null, "net_slip_rate": null, "notes": null, "reference": null, "shortening_rate": null, "slip_type": "Sinistral", "strike_slip_rate": null, "upper_seis_depth": null, "vert_sep_rate": null }, "geometry": { "type": "LineString", "coordinates": [ [ 93.445905038503369, 35.124106397020732 ], [ 93.605281840133387, 35.091131886338658 ], [ 93.789389524774975, 35.0361743685352 ], [ 94.031202603110174, 34.975721098951396 ], [ 94.303242316237288, 34.89878057402656 ], [ 94.542307518682321, 34.832831552662412 ], [ 94.73465883099442, 34.747647400067052 ], [ 94.976471909329632, 34.648723868020831 ], [ 95.190806228763108, 34.511330073512191 ], [ 95.358426658063649, 34.420650169136486 ], [ 95.542534342705238, 34.327222388870609 ], [ 95.671684509543354, 34.217307353263699 ], [ 95.754120786248549, 34.134871076558511 ], [ 95.938228470890124, 33.926032508905379 ], [ 96.089361644849632, 33.799630217957429 ], [ 96.11134465197101, 33.783142962616388 ] ] } },
{ "type": "Feature", "properties": { "accuracy": null, "activity_confidence": null, "average_dip": null, "average_rake": null, "catalog_id": "GAF_189", "catalog_name": "HimaTibetMap", "dip_dir": null, "downthrown_side_dir": null, "downthrown_side_id": null, "epistemic_quality": null, "exposure_quality": "1", "fs_name": null, "last_movement": null, "lower_seis_depth": null, "name": null, "net_slip_rate": null, "notes": null, "reference": null, "shortening_rate": null, "slip_type": "Sinistral", "strike_slip_rate": null, "upper_seis_depth": null, "vert_sep_rate": null }, "geometry": { "type": "LineString", "coordinates": [ [ 93.966746589688981, 35.70067488877978 ], [ 94.037008505553516, 35.678957569330741 ], [ 94.122600293970322, 35.653407781743638 ], [ 94.220966976180662, 35.635522930432664 ], [ 94.323166126529088, 35.61763807912169 ], [ 94.421532808739428, 35.601030717190071 ], [ 94.597826343090446, 35.578035908361677 ], [ 94.735795196060806, 35.552486120774574 ], [ 94.932528560481515, 35.506496503117788 ], [ 95.1497017549719, 35.429847140356479 ], [ 95.369429928220995, 35.316150585593867 ], [ 95.538697270985551, 35.191914743451569 ], [ 95.655268176851706, 35.11207165724187 ], [ 95.810163764098533, 35.000291336548294 ], [ 95.915556637895335, 34.933223144132143 ], [ 96.119954938592173, 34.869348675164382 ], [ 96.396212016877726, 34.805474206196621 ], [ 96.581447976884235, 34.744793460677251 ], [ 96.694825159302013, 34.688903300330459 ], [ 96.763490213442353, 34.661756651019161 ] ] } },
{ "type": "Feature", "properties": { "accuracy": null, "activity_confidence": null, "average_dip": null, "average_rake": null, "catalog_id": "GAF_191", "catalog_name": "HimaTibetMap", "dip_dir": null, "downthrown_side_dir": null, "downthrown_side_id": null, "epistemic_quality": null, "exposure_quality": "1", "fs_name": "Xiangshuihe - Xiaojiang Fault", "last_movement": null, "lower_seis_depth": null, "name": null, "net_slip_rate": "(10.,8.,14.)", "notes": null, "reference": "Wang, et al., 1998; Shen et al., 2005; Molnar et al., 2010; Mohadjer (2017)", "shortening_rate": null, "slip_type": "Sinistral", "strike_slip_rate": null, "upper_seis_depth": null, "vert_sep_rate": null }, "geometry": { "type": "LineString", "coordinates": [ [ 96.806049397537578, 34.450250974550386 ], [ 97.099303172740193, 34.062208100292374 ], [ 97.52289195914399, 33.786727281162634 ], [ 97.896124036674593, 33.606035561088291 ], [ 98.325637141769349, 33.336479060649516 ], [ 98.642588191735825, 33.111354950392951 ] ] } },
{ "type": "Feature", "properties": { "accuracy": null, "activity_confidence": null, "average_dip": null, "average_rake": null, "catalog_id": "GAF_193", "catalog_name": "HimaTibetMap", "dip_dir": null, "downthrown_side_dir": null, "downthrown_side_id": null, "epistemic_quality": null, "exposure_quality": "1", "fs_name": null, "last_movement": null, "lower_seis_depth": null, "name": null, "net_slip_rate": null, "notes": null, "reference": null, "shortening_rate": null, "slip_type": "Sinistral", "strike_slip_rate": null, "upper_seis_depth": null, "vert_sep_rate": null }, "geometry": { "type": "LineString", "coordinates": [ [ 97.68807155682002, 34.795807040325691 ], [ 97.879733156230444, 34.736741515979084 ], [ 98.089476038604118, 34.674059735039819 ], [ 98.30404059643466, 34.617405048421645 ], [ 98.48364800720293, 34.54628533543287 ], [ 98.727142617774675, 34.422127192418564 ], [ 98.945323432197867, 34.349802060565573 ], [ 99.116492910916605, 34.259395645749336 ] ] } },
{ "type": "Feature", "properties": { "accuracy": null, "activity_confidence": null, "average_dip": null, "average_rake": null, "catalog_id": "GAF_194", "catalog_name": "HimaTibetMap", "dip_dir": null, "downthrown_side_dir": null, "downthrown_side_id": null, "epistemic_quality": null, "exposure_quality": "1", "fs_name": null, "last_movement": null, "lower_seis_depth": null, "name": null, "net_slip_rate": null, "notes": null, "reference": null, "shortening_rate": null, "slip_type": "Reverse", "strike_slip_rate": null, "upper_seis_depth": null, "vert_sep_rate": null }, "geometry": { "type": "LineString", "coordinates": [ [ 77.627724759639889, 34.604828342466575 ], [ 77.349686340778845, 34.661465798160492 ], [ 76.767865205014061, 34.913759918978847 ], [ 76.242681524943194, 35.248435793533815 ], [ 75.753539862132087, 35.588260527697315 ], [ 75.295291356972214, 35.732428596736376 ], [ 75.006955218894092, 35.814810350472982 ] ] } },
{ "type": "Feature", "properties": { "accuracy": null, "activity_confidence": null, "average_dip": null, "average_rake": null, "catalog_id": "GAF_195", "catalog_name": "HimaTibetMap", "dip_dir": null, "downthrown_side_dir": null, "downthrown_side_id": null, "epistemic_quality": null, "exposure_quality": "1", "fs_name": null, "last_movement": null, "lower_seis_depth": null, "name": null, "net_slip_rate": null, "notes": null, "reference": null, "shortening_rate": null, "slip_type": "Normal", "strike_slip_rate": null, "upper_seis_depth": null, "vert_sep_rate": null }, "geometry": { "type": "LineString", "coordinates": [ [ 85.104387025653523, 31.750510429400755 ], [ 85.15560910396222, 31.614922575054216 ], [ 85.168665712158543, 31.548635179595905 ], [ 85.184735383784812, 31.481343429660956 ], [ 85.151908623743864, 31.311292146605961 ], [ 85.12547846966298, 31.238289646313827 ], [ 85.124552993188274, 31.238019461682221 ] ] } },
{ "type": "Feature", "properties": { "accuracy": null, "activity_confidence": null, "average_dip": null, "average_rake": null, "catalog_id": "GAF_196", "catalog_name": "HimaTibetMap", "dip_dir": null, "downthrown_side_dir": null, "downthrown_side_id": null, "epistemic_quality": null, "exposure_quality": "1", "fs_name": "Tangra Yum Co Rift", "last_movement": null, "lower_seis_depth": null, "name": null, "net_slip_rate": null, "notes": null, "reference": "Dewane et al., 2006", "shortening_rate": null, "slip_type": "Normal", "strike_slip_rate": null, "upper_seis_depth": null, "vert_sep_rate": null }, "geometry": { "type": "LineString", "coordinates": [ [ 86.666853816183107, 30.818194671188504 ], [ 86.666904298104313, 30.821940518893303 ], [ 86.642469540466521, 30.87081003416888 ], [ 86.630252161647633, 30.968549064720037 ], [ 86.61897458119941, 31.050311522969565 ], [ 86.63883328506121, 31.092103088145453 ], [ 86.690399257371411, 31.113278013805406 ], [ 86.808397908863441, 31.118189953345798 ] ] } },
{ "type": "Feature", "properties": { "accuracy": null, "activity_confidence": null, "average_dip": null, "average_rake": null, "catalog_id": "GAF_197", "catalog_name": "HimaTibetMap", "dip_dir": null, "downthrown_side_dir": null, "downthrown_side_id": null, "epistemic_quality": null, "exposure_quality": "1", "fs_name": "Tangra Yum Co Rift", "last_movement": null, "lower_seis_depth": null, "name": null, "net_slip_rate": null, "notes": null, "reference": "Dewane et al., 2006", "shortening_rate": null, "slip_type": "Normal", "strike_slip_rate": null, "upper_seis_depth": null, "vert_sep_rate": null }, "geometry": { "type": "LineString", "coordinates": [ [ 86.37932599667495, 30.89712438854804 ], [ 86.383085190157686, 30.825699712376039 ], [ 86.406580149424784, 30.777769995471143 ], [ 86.474245632114048, 30.749576044350619 ], [ 86.521551593585713, 30.696515630579 ], [ 86.541637585364526, 30.678866187869986 ], [ 86.54823034364145, 30.668408709223836 ], [ 86.551867727518371, 30.659087913039226 ], [ 86.551413054533754, 30.652267818269998 ], [ 86.549139689610669, 30.647948424916155 ], [ 86.542319594841445, 30.641583003131544 ], [ 86.53686351902607, 30.635899590823854 ], [ 86.531180106718381, 30.631580197470008 ], [ 86.522086647026072, 30.621350055316167 ], [ 86.517312580687616, 30.611347249654635 ], [ 86.515721225241464, 30.60589117383925 ], [ 86.511856504872227, 30.59747972362387 ], [ 86.50912846696454, 30.588386263931568 ], [ 86.50549108308762, 30.580884159685418 ], [ 86.499580334287629, 30.569972008054656 ], [ 86.500944353241465, 30.555422472546969 ], [ 86.513902533302996, 30.538599572116208 ], [ 86.518903936133768, 30.53177947734698 ], [ 86.53549950007222, 30.522004008177756 ], [ 86.5470936611799, 30.51586592288545 ], [ 86.561188523702981, 30.51200120251622 ], [ 86.574374040256814, 30.509955174085452 ], [ 86.586650210841427, 30.508136482146991 ], [ 86.59551633404142, 30.504271761777762 ], [ 86.602563765302961, 30.500179704916228 ], [ 86.60119974634911, 30.490858908731617 ], [ 86.597789698964505, 30.480628766577773 ], [ 86.592560959641418, 30.471535306885471 ], [ 86.591651613672198, 30.461532501223939 ], [ 86.587786893302962, 30.453348387500863 ] ] } },
{ "type": "Feature", "properties": { "accuracy": null, "activity_confidence": null, "average_dip": null, "average_rake": null, "catalog_id": "GAF_198", "catalog_name": "HimaTibetMap", "dip_dir": null, "downthrown_side_dir": null, "downthrown_side_id": null, "epistemic_quality": null, "exposure_quality": "1", "fs_name": "Tangra Yum Co Rift", "last_movement": null, "lower_seis_depth": null, "name": null, "net_slip_rate": null, "notes": null, "reference": "Dewane et al., 2006", "shortening_rate": null, "slip_type": "Normal", "strike_slip_rate": null, "upper_seis_depth": null, "vert_sep_rate": null }, "geometry": { "type": "LineString", "coordinates": [ [ 86.420678223293734, 30.149773664188082 ], [ 86.401314403924957, 30.1022442893738 ], [ 86.415397181647705, 30.052954567344177 ], [ 86.433000653801145, 30.001904498099208 ], [ 86.436310177087151, 29.982047358383163 ] ] } },
{ "type": "Feature", "properties": { "accuracy": null, "activity_confidence": null, "average_dip": null, "average_rake": null, "catalog_id": "GAF_199", "catalog_name": "HimaTibetMap", "dip_dir": null, "downthrown_side_dir": null, "downthrown_side_id": null, "epistemic_quality": null, "exposure_quality": "1", "fs_name": "Tangra Yum Co Rift", "last_movement": null, "lower_seis_depth": null, "name": null, "net_slip_rate": null, "notes": null, "reference": "Dewane et al., 2006", "shortening_rate": null, "slip_type": "Normal", "strike_slip_rate": null, "upper_seis_depth": null, "vert_sep_rate": null }, "geometry": { "type": "LineString", "coordinates": [ [ 86.444324919860506, 29.918596304017811 ], [ 86.427385717474948, 29.895418222143558 ], [ 86.414452797023671, 29.86200817764443 ], [ 86.390592615607446, 29.856055009311696 ], [ 86.286650395619745, 29.842518985019936 ], [ 86.221681162171507, 29.808413317316941 ], [ 86.239683128768235, 29.732772148888053 ], [ 86.224785833631245, 29.677887377330741 ], [ 86.224001765466141, 29.620650401278116 ], [ 86.214592947484888, 29.586935470178624 ], [ 86.230274310786982, 29.554788675409341 ], [ 86.209758126923546, 29.51527602500569 ] ] } },
{ "type": "Feature", "properties": { "accuracy": null, "activity_confidence": null, "average_dip": null, "average_rake": null, "catalog_id": "GAF_200", "catalog_name": "HimaTibetMap", "dip_dir": null, "downthrown_side_dir": null, "downthrown_side_id": null, "epistemic_quality": null, "exposure_quality": "1", "fs_name": "Tangra Yum Co Rift", "last_movement": null, "lower_seis_depth": null, "name": null, "net_slip_rate": null, "notes": null, "reference": "Dewane et al., 2006", "shortening_rate": null, "slip_type": "Normal", "strike_slip_rate": null, "upper_seis_depth": null, "vert_sep_rate": null }, "geometry": { "type": "LineString", "coordinates": [ [ 86.209758126923546, 29.51527602500569 ], [ 86.188718698036439, 29.503040176512446 ], [ 86.189502766201556, 29.422281155506685 ] ] } },
{ "type": "Feature", "properties": { "accuracy": null, "activity_confidence": null, "average_dip": null, "average_rake": null, "catalog_id": "GAF_201", "catalog_name": "HimaTibetMap", "dip_dir": null, "downthrown_side_dir": null, "downthrown_side_id": null, "epistemic_quality": null, "exposure_quality": "1", "fs_name": null, "last_movement": null, "lower_seis_depth": null, "name": null, "net_slip_rate": null, "notes": null, "reference": null, "shortening_rate": null, "slip_type": "Normal", "strike_slip_rate": null, "upper_seis_depth": null, "vert_sep_rate": null }, "geometry": { "type": "LineString", "coordinates": [ [ 86.959789948511087, 30.152766229245458 ], [ 86.935235597410639, 30.133122748365093 ], [ 86.893984287561878, 30.103657527044547 ], [ 86.89201993947384, 30.054548824843636 ], [ 86.871394284549453, 30.008386644774777 ], [ 86.849685283920522, 29.955669456209815 ], [ 86.810705717742991, 29.921020952940903 ], [ 86.792820361027992, 29.85909619008401 ], [ 86.755497747355307, 29.798201399354877 ], [ 86.724084459570719, 29.765102688230805 ], [ 86.723113678103246, 29.762745076095527 ] ] } },
{ "type": "Feature", "properties": { "accuracy": null, "activity_confidence": null, "average_dip": null, "average_rake": null, "catalog_id": "GAF_202", "catalog_name": "HimaTibetMap", "dip_dir": null, "downthrown_side_dir": null, "downthrown_side_id": null, "epistemic_quality": null, "exposure_quality": "1", "fs_name": "Pum Qu - Xainza Rift", "last_movement": null, "lower_seis_depth": null, "name": null, "net_slip_rate": null, "notes": null, "reference": "Hager et al., 2006", "shortening_rate": null, "slip_type": "Normal", "strike_slip_rate": null, "upper_seis_depth": null, "vert_sep_rate": null }, "geometry": { "type": "LineString", "coordinates": [ [ 88.479202203217042, 30.124364062010557 ], [ 88.430991476862957, 30.085560306652397 ], [ 88.409825792122135, 30.046756551294234 ], [ 88.409825792122135, 30.013832152808522 ], [ 88.398067078377238, 29.978556011573829 ], [ 88.391011850130297, 29.947983355837096 ], [ 88.385132493257856, 29.897420886734036 ], [ 88.367494422640505, 29.851561903128935 ], [ 88.358087451644593, 29.813934019145265 ], [ 88.348680480648667, 29.78453723478302 ], [ 88.346328737899697, 29.759843935918738 ], [ 88.315756082162963, 29.735150637054453 ], [ 88.305173239792552, 29.677532939704456 ], [ 88.305173239792552, 29.619915242354455 ], [ 88.313404339413978, 29.574056258749355 ], [ 88.312228468039493, 29.549362959885073 ] ] } },
{ "type": "Feature", "properties": { "accuracy": null, "activity_confidence": null, "average_dip": null, "average_rake": null, "catalog_id": "GAF_203", "catalog_name": "HimaTibetMap", "dip_dir": null, "downthrown_side_dir": null, "downthrown_side_id": null, "epistemic_quality": null, "exposure_quality": "1", "fs_name": null, "last_movement": null, "lower_seis_depth": null, "name": null, "net_slip_rate": null, "notes": null, "reference": null, "shortening_rate": null, "slip_type": "Normal", "strike_slip_rate": null, "upper_seis_depth": null, "vert_sep_rate": null }, "geometry": { "type": "LineString", "coordinates": [ [ 90.601020708426489, 30.222412863773791 ], [ 90.55028965518305, 30.191410553458358 ], [ 90.529621448306102, 30.174500202377214 ], [ 90.48452717875638, 30.134103252572256 ], [ 90.466677363726291, 30.112495581746348 ], [ 90.439432909206658, 30.089948446971491 ], [ 90.411248990738088, 30.07867487958406 ] ] } },
{ "type": "Feature", "properties": { "accuracy": null, "activity_confidence": null, "average_dip": null, "average_rake": null, "catalog_id": "GAF_204", "catalog_name": "HimaTibetMap", "dip_dir": null, "downthrown_side_dir": null, "downthrown_side_id": null, "epistemic_quality": null, "exposure_quality": "1", "fs_name": null, "last_movement": null, "lower_seis_depth": null, "name": null, "net_slip_rate": null, "notes": null, "reference": null, "shortening_rate": null, "slip_type": "Normal", "strike_slip_rate": null, "upper_seis_depth": null, "vert_sep_rate": null }, "geometry": { "type": "LineString", "coordinates": [ [ 90.399975423350654, 30.059885600605011 ], [ 90.386822928065328, 30.03733846583015 ], [ 90.378367752524753, 30.017609722902147 ], [ 90.366154721188366, 30.001638835769956 ], [ 90.359578473545696, 29.981910092841954 ], [ 90.359578473545696, 29.980031164944048 ] ] } },
{ "type": "Feature", "properties": { "accuracy": null, "activity_confidence": null, "average_dip": null, "average_rake": null, "catalog_id": "GAF_205", "catalog_name": "HimaTibetMap", "dip_dir": null, "downthrown_side_dir": null, "downthrown_side_id": null, "epistemic_quality": null, "exposure_quality": "1", "fs_name": null, "last_movement": null, "lower_seis_depth": null, "name": null, "net_slip_rate": null, "notes": null, "reference": null, "shortening_rate": null, "slip_type": "Normal", "strike_slip_rate": null, "upper_seis_depth": null, "vert_sep_rate": null }, "geometry": { "type": "LineString", "coordinates": [ [ 90.417825238380757, 30.047672569268627 ], [ 90.404672743095418, 30.03733846583015 ], [ 90.395278103605889, 30.022307042646911 ], [ 90.388701855963234, 30.00633615551472 ], [ 90.378367752524753, 29.993183660229384 ], [ 90.372730968831036, 29.987546876535671 ] ] } },
{ "type": "Feature", "properties": { "accuracy": null, "activity_confidence": null, "average_dip": null, "average_rake": null, "catalog_id": "GAF_206", "catalog_name": "HimaTibetMap", "dip_dir": null, "downthrown_side_dir": null, "downthrown_side_id": null, "epistemic_quality": null, "exposure_quality": "1", "fs_name": null, "last_movement": null, "lower_seis_depth": null, "name": null, "net_slip_rate": null, "notes": null, "reference": null, "shortening_rate": null, "slip_type": "Normal", "strike_slip_rate": null, "upper_seis_depth": null, "vert_sep_rate": null }, "geometry": { "type": "LineString", "coordinates": [ [ 90.424401486023427, 30.031701682136436 ], [ 90.416885774431805, 30.013851867106339 ], [ 90.405612207044371, 30.005396691565767 ], [ 90.397157031503795, 29.990365268382526 ], [ 90.390580783861139, 29.987546876535671 ] ] } },
{ "type": "Feature", "properties": { "accuracy": null, "activity_confidence": null, "average_dip": null, "average_rake": null, "catalog_id": "GAF_207", "catalog_name": "HimaTibetMap", "dip_dir": null, "downthrown_side_dir": null, "downthrown_side_id": null, "epistemic_quality": null, "exposure_quality": "1", "fs_name": null, "last_movement": null, "lower_seis_depth": null, "name": null, "net_slip_rate": null, "notes": null, "reference": null, "shortening_rate": null, "slip_type": "Normal", "strike_slip_rate": null, "upper_seis_depth": null, "vert_sep_rate": null }, "geometry": { "type": "LineString", "coordinates": [ [ 90.365215257239413, 30.063643456400822 ], [ 90.317302595842847, 30.051430425064439 ], [ 90.274087254191031, 30.029822754238531 ], [ 90.241206015977696, 30.008215083412622 ], [ 90.228053520692356, 29.988486340484624 ] ] } },
{ "type": "Feature", "properties": { "accuracy": null, "activity_confidence": null, "average_dip": null, "average_rake": null, "catalog_id": "GAF_208", "catalog_name": "HimaTibetMap", "dip_dir": null, "downthrown_side_dir": null, "downthrown_side_id": null, "epistemic_quality": null, "exposure_quality": "1", "fs_name": null, "last_movement": null, "lower_seis_depth": null, "name": null, "net_slip_rate": null, "notes": null, "reference": null, "shortening_rate": null, "slip_type": "Normal", "strike_slip_rate": null, "upper_seis_depth": null, "vert_sep_rate": null }, "geometry": { "type": "LineString", "coordinates": [ [ 90.276905646037889, 29.961711617939475 ], [ 90.280663501833686, 29.922254132083474 ], [ 90.282542429731592, 29.889372893870135 ], [ 90.292876533170073, 29.858370583554702 ], [ 90.293815997119026, 29.833005056932986 ], [ 90.302271172659601, 29.80763953031127 ], [ 90.30508956450646, 29.792608107128029 ] ] } },
{ "type": "Feature", "properties": { "accuracy": null, "activity_confidence": null, "average_dip": null, "average_rake": null, "catalog_id": "GAF_209", "catalog_name": "HimaTibetMap", "dip_dir": null, "downthrown_side_dir": null, "downthrown_side_id": null, "epistemic_quality": null, "exposure_quality": "1", "fs_name": null, "last_movement": null, "lower_seis_depth": null, "name": null, "net_slip_rate": null, "notes": null, "reference": null, "shortening_rate": null, "slip_type": "Normal", "strike_slip_rate": null, "upper_seis_depth": null, "vert_sep_rate": null }, "geometry": { "type": "LineString", "coordinates": [ [ 91.54094525871237, 30.783776030621851 ], [ 91.544284736012912, 30.759564820192946 ], [ 91.532596565461034, 30.744537172340522 ], [ 91.519238656258878, 30.725335177862426 ], [ 91.5175689176086, 30.698619359458117 ], [ 91.526752480185081, 30.666894325102998 ], [ 91.526752480185081, 30.650196938600306 ], [ 91.533431434786166, 30.627655466821672 ] ] } },
{ "type": "Feature", "properties": { "accuracy": null, "activity_confidence": null, "average_dip": null, "average_rake": null, "catalog_id": "GAF_210", "catalog_name": "HimaTibetMap", "dip_dir": null, "downthrown_side_dir": null, "downthrown_side_id": null, "epistemic_quality": null, "exposure_quality": "1", "fs_name": null, "last_movement": null, "lower_seis_depth": null, "name": null, "net_slip_rate": null, "notes": null, "reference": null, "shortening_rate": null, "slip_type": "Normal", "strike_slip_rate": null, "upper_seis_depth": null, "vert_sep_rate": null }, "geometry": { "type": "LineString", "coordinates": [ [ 91.530091957485624, 30.616802165594912 ], [ 91.469146496750795, 30.611792949644105 ], [ 91.429072769144341, 30.611792949644105 ], [ 91.397347734789221, 30.611792949644105 ], [ 91.374806263010584, 30.611792949644105 ], [ 91.348090444606271, 30.610958080318969 ], [ 91.323879234177369, 30.610958080318969 ], [ 91.303007501048995, 30.610958080318969 ], [ 91.277961421294961, 30.605948864368163 ], [ 91.239557432338771, 30.597600171116817 ], [ 91.221190307185807, 30.594260693816278 ], [ 91.206997528658519, 30.575893568663314 ], [ 91.174437624978268, 30.568379744737104 ], [ 91.137703374672341, 30.555856704860084 ], [ 91.110987556268029, 30.538324449032256 ], [ 91.092620431115066, 30.526636278480371 ], [ 91.07341843663697, 30.509938891977676 ] ] } },
{ "type": "Feature", "properties": { "accuracy": null, "activity_confidence": null, "average_dip": null, "average_rake": null, "catalog_id": "GAF_211", "catalog_name": "HimaTibetMap", "dip_dir": null, "downthrown_side_dir": null, "downthrown_side_id": null, "epistemic_quality": null, "exposure_quality": "1", "fs_name": null, "last_movement": null, "lower_seis_depth": null, "name": null, "net_slip_rate": null, "notes": null, "reference": null, "shortening_rate": null, "slip_type": "Dextral", "strike_slip_rate": null, "upper_seis_depth": null, "vert_sep_rate": null }, "geometry": { "type": "LineString", "coordinates": [ [ 91.041219874836528, 31.266663143796421 ], [ 91.116227665766601, 31.214483810975505 ], [ 91.196127269148619, 31.160673874003933 ], [ 91.300485934790458, 31.106863937032365 ], [ 91.417889433637512, 31.046531583458179 ], [ 91.55486018229243, 30.987829834034649 ], [ 91.623345556619881, 30.950325938569616 ], [ 91.748902076220205, 30.934019897063077 ], [ 91.903809470532295, 30.88999358499543 ], [ 91.965772428257139, 30.867165126886281 ] ] } },
{ "type": "Feature", "properties": { "accuracy": null, "activity_confidence": null, "average_dip": null, "average_rake": null, "catalog_id": "GAF_212", "catalog_name": "HimaTibetMap", "dip_dir": null, "downthrown_side_dir": null, "downthrown_side_id": null, "epistemic_quality": null, "exposure_quality": "1", "fs_name": null, "last_movement": null, "lower_seis_depth": null, "name": null, "net_slip_rate": null, "notes": null, "reference": null, "shortening_rate": null, "slip_type": "Dextral", "strike_slip_rate": null, "upper_seis_depth": null, "vert_sep_rate": null }, "geometry": { "type": "LineString", "coordinates": [ [ 89.849921390712552, 31.649783230502987 ], [ 90.149733471854603, 31.592676167428312 ], [ 90.349608192615975, 31.571261018775306 ], [ 90.556621296261667, 31.521292338584967 ], [ 90.799326314329051, 31.442770126857287 ], [ 90.984148729563657, 31.341670934726487 ], [ 91.143947936327706, 31.265032539645766 ], [ 91.321683788748956, 31.159043269853282 ] ] } },
{ "type": "Feature", "properties": { "accuracy": null, "activity_confidence": null, "average_dip": null, "average_rake": null, "catalog_id": "GAF_213", "catalog_name": "HimaTibetMap", "dip_dir": null, "downthrown_side_dir": null, "downthrown_side_id": null, "epistemic_quality": null, "exposure_quality": "1", "fs_name": null, "last_movement": null, "lower_seis_depth": null, "name": null, "net_slip_rate": null, "notes": null, "reference": null, "shortening_rate": null, "slip_type": "Normal", "strike_slip_rate": null, "upper_seis_depth": null, "vert_sep_rate": null }, "geometry": { "type": "LineString", "coordinates": [ [ 91.258073011880313, 31.693747756845898 ], [ 91.267330374443802, 31.747234740546077 ], [ 91.275559141166909, 31.817179257692462 ], [ 91.3105313997401, 31.90255271244467 ] ] } },
{ "type": "Feature", "properties": { "accuracy": null, "activity_confidence": null, "average_dip": null, "average_rake": null, "catalog_id": "GAF_214", "catalog_name": "HimaTibetMap", "dip_dir": null, "downthrown_side_dir": null, "downthrown_side_id": null, "epistemic_quality": null, "exposure_quality": "1", "fs_name": null, "last_movement": null, "lower_seis_depth": null, "name": null, "net_slip_rate": null, "notes": null, "reference": null, "shortening_rate": null, "slip_type": "Normal", "strike_slip_rate": null, "upper_seis_depth": null, "vert_sep_rate": null }, "geometry": { "type": "LineString", "coordinates": [ [ 91.11921257342793, 31.50962910141644 ], [ 91.177842536330047, 31.595002556168648 ], [ 91.254987224359155, 31.689633373484348 ] ] } },
{ "type": "Feature", "properties": { "accuracy": null, "activity_confidence": null, "average_dip": null, "average_rake": null, "catalog_id": "GAF_215", "catalog_name": "HimaTibetMap", "dip_dir": null, "downthrown_side_dir": null, "downthrown_side_id": null, "epistemic_quality": null, "exposure_quality": "1", "fs_name": null, "last_movement": null, "lower_seis_depth": null, "name": null, "net_slip_rate": null, "notes": null, "reference": null, "shortening_rate": null, "slip_type": "Normal", "strike_slip_rate": null, "upper_seis_depth": null, "vert_sep_rate": null }, "geometry": { "type": "LineString", "coordinates": [ [ 90.897035871904109, 31.41088390073919 ], [ 90.903207446946439, 31.481857013725964 ], [ 90.92172217207343, 31.512714888937605 ], [ 90.939208301360026, 31.537401189106919 ], [ 90.97829494329477, 31.553858722553127 ], [ 91.037953502037269, 31.575459235201276 ] ] } },
{ "type": "Feature", "properties": { "accuracy": null, "activity_confidence": null, "average_dip": null, "average_rake": null, "catalog_id": "GAF_216", "catalog_name": "HimaTibetMap", "dip_dir": null, "downthrown_side_dir": null, "downthrown_side_id": null, "epistemic_quality": null, "exposure_quality": "1", "fs_name": null, "last_movement": null, "lower_seis_depth": null, "name": null, "net_slip_rate": null, "notes": null, "reference": null, "shortening_rate": null, "slip_type": "Sinistral", "strike_slip_rate": null, "upper_seis_depth": null, "vert_sep_rate": null }, "geometry": { "type": "LineString", "coordinates": [ [ 92.002626642983742, 32.273119074779956 ], [ 91.848434068510386, 32.238207548484098 ], [ 91.689877553250057, 32.190204199827299 ], [ 91.583688327433507, 32.15383802660245 ], [ 91.55750468271161, 32.12329044109358 ], [ 91.55023144806664, 32.059285976217843 ], [ 91.51968386255777, 31.995281511342114 ], [ 91.516774568699773, 31.944368868827329 ], [ 91.50513739326783, 31.909457342531475 ] ] } },
{ "type": "Feature", "properties": { "accuracy": null, "activity_confidence": null, "average_dip": null, "average_rake": null, "catalog_id": "GAF_217", "catalog_name": "HimaTibetMap", "dip_dir": null, "downthrown_side_dir": null, "downthrown_side_id": null, "epistemic_quality": null, "exposure_quality": "1", "fs_name": null, "last_movement": null, "lower_seis_depth": null, "name": null, "net_slip_rate": null, "notes": null, "reference": null, "shortening_rate": null, "slip_type": "Normal", "strike_slip_rate": null, "upper_seis_depth": null, "vert_sep_rate": null }, "geometry": { "type": "LineString", "coordinates": [ [ 91.62587308837432, 32.277483015566936 ], [ 91.541503566492679, 32.230934313839128 ], [ 91.477499101616942, 32.18729490596931 ], [ 91.439678281463102, 32.14947408581547 ], [ 91.413494636741206, 32.108743971803641 ], [ 91.425131812173163, 32.053467388501872 ], [ 91.425131812173163, 31.988008276697144 ], [ 91.454224750753042, 31.928367752608395 ], [ 91.457134044611024, 31.893456226312541 ], [ 91.460043338469021, 31.893456226312541 ], [ 91.462952632327003, 31.892001579383546 ] ] } },
{ "type": "Feature", "properties": { "accuracy": null, "activity_confidence": null, "average_dip": null, "average_rake": null, "catalog_id": "GAF_218", "catalog_name": "HimaTibetMap", "dip_dir": null, "downthrown_side_dir": null, "downthrown_side_id": null, "epistemic_quality": null, "exposure_quality": "1", "fs_name": null, "last_movement": null, "lower_seis_depth": null, "name": null, "net_slip_rate": null, "notes": null, "reference": null, "shortening_rate": null, "slip_type": "Sinistral", "strike_slip_rate": null, "upper_seis_depth": null, "vert_sep_rate": null }, "geometry": { "type": "LineString", "coordinates": [ [ 90.032995435159648, 31.763334387081741 ], [ 90.196636671995932, 31.821400632410747 ], [ 90.309249996270367, 31.860111462630083 ], [ 90.421863320544801, 31.875947711356176 ], [ 90.530957478435667, 31.882986044123328 ], [ 90.633013303559366, 31.904101042424784 ], [ 90.775539542094194, 31.926975623918029 ], [ 90.863518701683603, 31.962167287753786 ], [ 90.93390202935511, 32.006156867548491 ], [ 90.974372442766239, 32.029031449041732 ], [ 91.139773262794321, 32.067742279261068 ], [ 91.31749116516491, 32.090616860754317 ] ] } },
{ "type": "Feature", "properties": { "accuracy": null, "activity_confidence": null, "average_dip": null, "average_rake": null, "catalog_id": "GAF_219", "catalog_name": "HimaTibetMap", "dip_dir": null, "downthrown_side_dir": null, "downthrown_side_id": null, "epistemic_quality": null, "exposure_quality": "1", "fs_name": null, "last_movement": null, "lower_seis_depth": null, "name": null, "net_slip_rate": null, "notes": null, "reference": null, "shortening_rate": null, "slip_type": "Sinistral", "strike_slip_rate": null, "upper_seis_depth": null, "vert_sep_rate": null }, "geometry": { "type": "LineString", "coordinates": [ [ 88.006536792895048, 33.7331349428528 ], [ 87.934581181414458, 33.709797987778018 ], [ 87.899575748802278, 33.696184763984391 ], [ 87.858736077421412, 33.663124077628446 ], [ 87.815951659784304, 33.633952883784964 ], [ 87.757609272097341, 33.589223719891628 ], [ 87.68176416810428, 33.565886764816838 ], [ 87.619532287904846, 33.550328794766983 ], [ 87.567024138986582, 33.517268108411038 ], [ 87.506737005043391, 33.493931153336248 ], [ 87.415333931000475, 33.458925720724068 ], [ 87.314207125676404, 33.42003079559943 ], [ 87.236417275427115, 33.394749094268413 ], [ 87.131400977590587, 33.348075184118841 ], [ 87.078892828672323, 33.305290766481733 ], [ 87.039997903547672, 33.283898557663179 ], [ 86.97582127709201, 33.256672110075925 ], [ 86.946650083248528, 33.221666677463752 ], [ 86.905810411867662, 33.178882259826644 ], [ 86.884418203049108, 33.132208349677072 ] ] } },
{ "type": "Feature", "properties": { "accuracy": null, "activity_confidence": null, "average_dip": null, "average_rake": null, "catalog_id": "GAF_220", "catalog_name": "HimaTibetMap", "dip_dir": null, "downthrown_side_dir": null, "downthrown_side_id": null, "epistemic_quality": null, "exposure_quality": "1", "fs_name": null, "last_movement": null, "lower_seis_depth": null, "name": null, "net_slip_rate": null, "notes": null, "reference": null, "shortening_rate": null, "slip_type": "Normal", "strike_slip_rate": null, "upper_seis_depth": null, "vert_sep_rate": null }, "geometry": { "type": "LineString", "coordinates": [ [ 86.884418203049108, 33.245003632538534 ], [ 86.849412770436928, 33.204163961157661 ], [ 86.804683606543591, 33.145821573470698 ], [ 86.756064950137784, 33.106926648346054 ], [ 86.717170025013147, 33.079700200758801 ], [ 86.689943577425893, 33.027192051840537 ], [ 86.63160118973893, 32.951346947847483 ], [ 86.579093040820652, 32.902728291441676 ], [ 86.532419130671087, 32.844385903754713 ], [ 86.487689966777751, 32.789933008580213 ], [ 86.435181817859473, 32.721866889612087 ], [ 86.400176385247306, 32.688806203256142 ], [ 86.297104833666992, 32.634353308081643 ], [ 86.147359371937128, 32.597403129213234 ], [ 86.055956297894213, 32.568231935369752 ] ] } },
{ "type": "Feature", "properties": { "accuracy": null, "activity_confidence": null, "average_dip": null, "average_rake": null, "catalog_id": "GAF_221", "catalog_name": "HimaTibetMap", "dip_dir": null, "downthrown_side_dir": null, "downthrown_side_id": null, "epistemic_quality": null, "exposure_quality": "1", "fs_name": null, "last_movement": null, "lower_seis_depth": null, "name": null, "net_slip_rate": null, "notes": null, "reference": null, "shortening_rate": null, "slip_type": "Normal", "strike_slip_rate": null, "upper_seis_depth": null, "vert_sep_rate": null }, "geometry": { "type": "LineString", "coordinates": [ [ 85.807223251722135, 32.470994622558138 ], [ 85.776107311622425, 32.410707488614939 ], [ 85.748880864035172, 32.375702056002766 ], [ 85.709985938910521, 32.348475608415512 ] ] } },
{ "type": "Feature", "properties": { "accuracy": null, "activity_confidence": null, "average_dip": null, "average_rake": null, "catalog_id": "GAF_222", "catalog_name": "HimaTibetMap", "dip_dir": null, "downthrown_side_dir": null, "downthrown_side_id": null, "epistemic_quality": null, "exposure_quality": "1", "fs_name": null, "last_movement": null, "lower_seis_depth": null, "name": null, "net_slip_rate": null, "notes": null, "reference": null, "shortening_rate": null, "slip_type": "Normal", "strike_slip_rate": null, "upper_seis_depth": null, "vert_sep_rate": null }, "geometry": { "type": "LineString", "coordinates": [ [ 87.116037482166348, 32.154000982792297 ], [ 87.059639840735613, 32.23568032555405 ], [ 87.016855423098505, 32.288188474472314 ], [ 87.003242199304879, 32.311525429547103 ], [ 87.018800169354748, 32.348475608415512 ], [ 87.038247631917059, 32.371812563490302 ], [ 87.090755780835337, 32.412652234871175 ], [ 87.215219541234191, 32.461270891276975 ] ] } },
{ "type": "Feature", "properties": { "accuracy": null, "activity_confidence": null, "average_dip": null, "average_rake": null, "catalog_id": "GAF_223", "catalog_name": "HimaTibetMap", "dip_dir": null, "downthrown_side_dir": null, "downthrown_side_id": null, "epistemic_quality": null, "exposure_quality": "1", "fs_name": null, "last_movement": null, "lower_seis_depth": null, "name": null, "net_slip_rate": null, "notes": null, "reference": null, "shortening_rate": null, "slip_type": "Normal", "strike_slip_rate": null, "upper_seis_depth": null, "vert_sep_rate": null }, "geometry": { "type": "LineString", "coordinates": [ [ 87.949936266389599, 32.869694733400564 ], [ 87.845317499289052, 32.847899156921279 ], [ 87.769032981611559, 32.815205792202356 ], [ 87.627361734496233, 32.612506930945045 ], [ 87.622570678434158, 32.611309166929523 ] ] } },
{ "type": "Feature", "properties": { "accuracy": null, "activity_confidence": null, "average_dip": null, "average_rake": null, "catalog_id": "GAF_224", "catalog_name": "HimaTibetMap", "dip_dir": null, "downthrown_side_dir": null, "downthrown_side_id": null, "epistemic_quality": null, "exposure_quality": "1", "fs_name": null, "last_movement": null, "lower_seis_depth": null, "name": null, "net_slip_rate": null, "notes": null, "reference": null, "shortening_rate": null, "slip_type": "Sinistral", "strike_slip_rate": null, "upper_seis_depth": null, "vert_sep_rate": null }, "geometry": { "type": "LineString", "coordinates": [ [ 87.616215707127338, 32.596320378594889 ], [ 87.523877052453059, 32.576641648910204 ], [ 87.477707725115906, 32.576641648910204 ], [ 87.442891511058392, 32.572100403598355 ], [ 87.427754026685562, 32.557719793444164 ], [ 87.410345919656805, 32.535013566884913 ], [ 87.405047800126312, 32.518362334074794 ], [ 87.387639693097555, 32.500197352827392 ], [ 87.36644721497558, 32.474463629393576 ], [ 87.348282233728185, 32.46311051611395 ], [ 87.325576007168934, 32.427537427837791 ], [ 87.311195397014743, 32.411643069246317 ] ] } },
{ "type": "Feature", "properties": { "accuracy": null, "activity_confidence": null, "average_dip": null, "average_rake": null, "catalog_id": "GAF_225", "catalog_name": "HimaTibetMap", "dip_dir": null, "downthrown_side_dir": null, "downthrown_side_id": null, "epistemic_quality": null, "exposure_quality": "1", "fs_name": null, "last_movement": null, "lower_seis_depth": null, "name": null, "net_slip_rate": null, "notes": null, "reference": null, "shortening_rate": null, "slip_type": "Normal", "strike_slip_rate": null, "upper_seis_depth": null, "vert_sep_rate": null }, "geometry": { "type": "LineString", "coordinates": [ [ 87.156793056411829, 32.37379935831423 ], [ 87.136357452508506, 32.358661873941394 ], [ 87.131059332978012, 32.34655188644313 ], [ 87.131059332978012, 32.323845659883879 ], [ 87.147710565788131, 32.292056942700924 ], [ 87.162091175942322, 32.26783696770439 ], [ 87.177985534533804, 32.24513074114514 ], [ 87.196907389999836, 32.223938263023172 ], [ 87.197664264218488, 32.205016407557132 ], [ 87.205233006404896, 32.192906420058861 ] ] } },
{ "type": "Feature", "properties": { "accuracy": null, "activity_confidence": null, "average_dip": null, "average_rake": null, "catalog_id": "GAF_226", "catalog_name": "HimaTibetMap", "dip_dir": null, "downthrown_side_dir": null, "downthrown_side_id": null, "epistemic_quality": null, "exposure_quality": "1", "fs_name": null, "last_movement": null, "lower_seis_depth": null, "name": null, "net_slip_rate": null, "notes": null, "reference": null, "shortening_rate": null, "slip_type": "Normal", "strike_slip_rate": null, "upper_seis_depth": null, "vert_sep_rate": null }, "geometry": { "type": "LineString", "coordinates": [ [ 87.221127364996377, 32.366230616127808 ], [ 87.213558622809956, 32.354120628629545 ], [ 87.209774251716752, 32.327630030977083 ], [ 87.20371925796762, 32.311735672385609 ], [ 87.207503629060824, 32.294327565356852 ], [ 87.227182358745509, 32.272378213016239 ], [ 87.227939232964147, 32.261025099736614 ], [ 87.220370490777739, 32.240589495833291 ], [ 87.227182358745509, 32.211071401306263 ], [ 87.227939232964147, 32.198961413807993 ] ] } },
{ "type": "Feature", "properties": { "accuracy": null, "activity_confidence": null, "average_dip": null, "average_rake": null, "catalog_id": "GAF_227", "catalog_name": "HimaTibetMap", "dip_dir": null, "downthrown_side_dir": null, "downthrown_side_id": null, "epistemic_quality": null, "exposure_quality": "1", "fs_name": null, "last_movement": null, "lower_seis_depth": null, "name": null, "net_slip_rate": null, "notes": null, "reference": null, "shortening_rate": null, "slip_type": "Normal", "strike_slip_rate": null, "upper_seis_depth": null, "vert_sep_rate": null }, "geometry": { "type": "LineString", "coordinates": [ [ 87.405804674344949, 32.077104664606679 ], [ 87.385369070441627, 32.117975872413332 ], [ 87.36796096341287, 32.139925224753945 ], [ 87.337685994667197, 32.177012061467387 ], [ 87.333144749355341, 32.195177042714789 ], [ 87.333144749355341, 32.214098898180829 ], [ 87.336172246229907, 32.231507005209586 ], [ 87.337685994667197, 32.251185734894271 ], [ 87.337685994667197, 32.273135087234884 ], [ 87.337685994667197, 32.292056942700924 ], [ 87.337685994667197, 32.31552004347882 ], [ 87.343740988416329, 32.338983144256709 ], [ 87.361905969663724, 32.351093131754979 ], [ 87.372502208724711, 32.363203119253242 ], [ 87.383855322004337, 32.369258113002381 ] ] } },
{ "type": "Feature", "properties": { "accuracy": null, "activity_confidence": null, "average_dip": null, "average_rake": null, "catalog_id": "GAF_228", "catalog_name": "HimaTibetMap", "dip_dir": null, "downthrown_side_dir": null, "downthrown_side_id": null, "epistemic_quality": null, "exposure_quality": "1", "fs_name": null, "last_movement": null, "lower_seis_depth": null, "name": null, "net_slip_rate": null, "notes": null, "reference": null, "shortening_rate": null, "slip_type": "Normal", "strike_slip_rate": null, "upper_seis_depth": null, "vert_sep_rate": null }, "geometry": { "type": "LineString", "coordinates": [ [ 87.784450068308828, 32.688346663997798 ], [ 87.787791620716064, 32.691384438913474 ], [ 87.895447325191398, 32.74545994746866 ], [ 87.967372727573022, 32.769435081595866 ], [ 88.085068840561149, 32.821744465146146 ] ] } },
{ "type": "Feature", "properties": { "accuracy": null, "activity_confidence": null, "average_dip": null, "average_rake": null, "catalog_id": "GAF_229", "catalog_name": "HimaTibetMap", "dip_dir": null, "downthrown_side_dir": null, "downthrown_side_id": null, "epistemic_quality": null, "exposure_quality": "1", "fs_name": null, "last_movement": null, "lower_seis_depth": null, "name": null, "net_slip_rate": null, "notes": null, "reference": null, "shortening_rate": null, "slip_type": "Sinistral", "strike_slip_rate": null, "upper_seis_depth": null, "vert_sep_rate": null }, "geometry": { "type": "LineString", "coordinates": [ [ 87.394375873643455, 32.376069980970151 ], [ 87.434490207231462, 32.400289955966691 ], [ 87.451141440041582, 32.419211811432731 ], [ 87.470063295507629, 32.438890541117416 ], [ 87.526071987687104, 32.467651761425799 ], [ 87.556346956432776, 32.487330491110484 ], [ 87.627493132985094, 32.513064214544301 ], [ 87.647171862669779, 32.520632956730715 ] ] } },
{ "type": "Feature", "properties": { "accuracy": null, "activity_confidence": null, "average_dip": null, "average_rake": null, "catalog_id": "GAF_230", "catalog_name": "HimaTibetMap", "dip_dir": null, "downthrown_side_dir": null, "downthrown_side_id": null, "epistemic_quality": null, "exposure_quality": "1", "fs_name": null, "last_movement": null, "lower_seis_depth": null, "name": null, "net_slip_rate": null, "notes": null, "reference": null, "shortening_rate": null, "slip_type": "Normal", "strike_slip_rate": null, "upper_seis_depth": null, "vert_sep_rate": null }, "geometry": { "type": "LineString", "coordinates": [ [ 88.057941692518241, 33.20177244886959 ], [ 88.070950468151139, 33.256172783334463 ], [ 88.061489540418123, 33.303477421999574 ], [ 88.08041139588417, 33.336590669065146 ], [ 88.08041139588417, 33.361425604364328 ], [ 88.08041139588417, 33.387443155630137 ], [ 88.09223755555044, 33.409912858996059 ], [ 88.095785403450321, 33.422921634628963 ] ] } },
{ "type": "Feature", "properties": { "accuracy": null, "activity_confidence": null, "average_dip": null, "average_rake": null, "catalog_id": "GAF_231", "catalog_name": "HimaTibetMap", "dip_dir": null, "downthrown_side_dir": null, "downthrown_side_id": null, "epistemic_quality": null, "exposure_quality": "1", "fs_name": null, "last_movement": null, "lower_seis_depth": null, "name": null, "net_slip_rate": null, "notes": null, "reference": null, "shortening_rate": null, "slip_type": "Dextral", "strike_slip_rate": null, "upper_seis_depth": null, "vert_sep_rate": null }, "geometry": { "type": "LineString", "coordinates": [ [ 85.829255113151106, 32.024998658355202 ], [ 85.893529530281526, 31.98788244564609 ], [ 85.950561759566241, 31.952576779898401 ], [ 86.032036372830149, 31.910028926305035 ], [ 86.093594969518421, 31.876533807518765 ], [ 86.195890872838646, 31.833080680444688 ], [ 86.26831275129544, 31.808638296465517 ], [ 86.380566662903476, 31.766090442872148 ], [ 86.434883071746086, 31.758848255026471 ], [ 86.494631121472935, 31.739837511931562 ], [ 86.549852803796242, 31.730784777124462 ], [ 86.59692702479316, 31.714489854471683 ], [ 86.644906519270791, 31.691858017453931 ], [ 86.688359646344864, 31.671036727397603 ], [ 86.718233671208296, 31.656552351706242 ] ] } },
{ "type": "Feature", "properties": { "accuracy": null, "activity_confidence": null, "average_dip": null, "average_rake": null, "catalog_id": "GAF_232", "catalog_name": "HimaTibetMap", "dip_dir": null, "downthrown_side_dir": null, "downthrown_side_id": null, "epistemic_quality": null, "exposure_quality": "1", "fs_name": "Gyaring Co Fault", "last_movement": null, "lower_seis_depth": null, "name": null, "net_slip_rate": null, "notes": null, "reference": "Armijo, et al., 1986, 1989; Taylor, et al., 2003; Taylor and Peltzer, 2006", "shortening_rate": null, "slip_type": "Dextral", "strike_slip_rate": null, "upper_seis_depth": null, "vert_sep_rate": null }, "geometry": { "type": "LineString", "coordinates": [ [ 87.438733069174646, 31.550164940156062 ], [ 87.579555071562879, 31.5052217479045 ], [ 87.92934036134119, 31.368864770533293 ], [ 88.160554366448892, 31.285864871263861 ], [ 88.279125651119514, 31.226579228928554 ], [ 88.605196683963712, 31.007222352287911 ], [ 88.729696532867848, 30.906436760317888 ], [ 88.877910638706126, 30.799722604114333 ], [ 88.972767666442621, 30.704865576377841 ], [ 89.043910437244989, 30.63372280557547 ] ] } },
{ "type": "Feature", "properties": { "accuracy": null, "activity_confidence": null, "average_dip": null, "average_rake": null, "catalog_id": "GAF_233", "catalog_name": "HimaTibetMap", "dip_dir": null, "downthrown_side_dir": null, "downthrown_side_id": null, "epistemic_quality": null, "exposure_quality": "1", "fs_name": "Gyaring Co Fault", "last_movement": null, "lower_seis_depth": null, "name": null, "net_slip_rate": null, "notes": null, "reference": "Armijo, et al., 1986, 1989; Taylor, et al., 2003; Taylor and Peltzer, 2006", "shortening_rate": null, "slip_type": "Dextral", "strike_slip_rate": null, "upper_seis_depth": null, "vert_sep_rate": null }, "geometry": { "type": "LineString", "coordinates": [ [ 87.425566851603975, 31.555146012442169 ], [ 87.333768140741668, 31.586701819301084 ], [ 87.241969429879376, 31.623995045588888 ], [ 87.186029590447674, 31.651247787876134 ], [ 87.128655396158734, 31.6799348850206 ], [ 87.041159749868115, 31.757390047310658 ], [ 87.015341362438093, 31.788945854169572 ], [ 86.903461683574676, 31.836279564457943 ], [ 86.841784424714078, 31.856360532459068 ] ] } },
{ "type": "Feature", "properties": { "accuracy": null, "activity_confidence": null, "average_dip": null, "average_rake": null, "catalog_id": "GAF_234", "catalog_name": "HimaTibetMap", "dip_dir": null, "downthrown_side_dir": null, "downthrown_side_id": null, "epistemic_quality": null, "exposure_quality": "1", "fs_name": "Gyaring Co Fault", "last_movement": null, "lower_seis_depth": null, "name": null, "net_slip_rate": null, "notes": null, "reference": "Armijo, et al., 1986, 1989; Taylor, et al., 2003; Taylor and Peltzer, 2006", "shortening_rate": null, "slip_type": "Dextral", "strike_slip_rate": null, "upper_seis_depth": null, "vert_sep_rate": null }, "geometry": { "type": "LineString", "coordinates": [ [ 86.6840053904195, 32.034220534754759 ], [ 86.778672810996241, 31.986886824466392 ], [ 86.837481360142405, 31.948159243321363 ], [ 86.870471521858533, 31.913734726748004 ], [ 86.87620894128743, 31.899391178175769 ] ] } },
{ "type": "Feature", "properties": { "accuracy": null, "activity_confidence": null, "average_dip": null, "average_rake": null, "catalog_id": "GAF_235", "catalog_name": "HimaTibetMap", "dip_dir": null, "downthrown_side_dir": null, "downthrown_side_id": null, "epistemic_quality": null, "exposure_quality": "1", "fs_name": "Gyaring Co Fault", "last_movement": null, "lower_seis_depth": null, "name": null, "net_slip_rate": null, "notes": null, "reference": "Armijo, et al., 1986, 1989; Taylor, et al., 2003; Taylor and Peltzer, 2006", "shortening_rate": null, "slip_type": "Dextral", "strike_slip_rate": null, "upper_seis_depth": null, "vert_sep_rate": null }, "geometry": { "type": "LineString", "coordinates": [ [ 86.675399261276169, 31.968240211322488 ], [ 86.612287647558333, 31.985452469609168 ], [ 86.562085227555514, 32.017008276468083 ], [ 86.507579742981036, 32.045695373612553 ], [ 86.415781032118744, 32.098766503329813 ] ] } },
{ "type": "Feature", "properties": { "accuracy": null, "activity_confidence": null, "average_dip": null, "average_rake": null, "catalog_id": "GAF_236", "catalog_name": "HimaTibetMap", "dip_dir": null, "downthrown_side_dir": null, "downthrown_side_id": null, "epistemic_quality": null, "exposure_quality": "1", "fs_name": null, "last_movement": null, "lower_seis_depth": null, "name": null, "net_slip_rate": null, "notes": null, "reference": null, "shortening_rate": null, "slip_type": "Normal", "strike_slip_rate": null, "upper_seis_depth": null, "vert_sep_rate": null }, "geometry": { "type": "LineString", "coordinates": [ [ 87.148728565461042, 31.967692560948631 ], [ 87.16917175652155, 31.913177384787268 ], [ 87.182800550561893, 31.87910539968642 ], [ 87.195293611765536, 31.831404620545229 ], [ 87.206650940132491, 31.813232895158109 ], [ 87.236179993886552, 31.775753711547175 ], [ 87.25662318494706, 31.755310520486663 ] ] } },
{ "type": "Feature", "properties": { "accuracy": null, "activity_confidence": null, "average_dip": null, "average_rake": null, "catalog_id": "GAF_237", "catalog_name": "HimaTibetMap", "dip_dir": null, "downthrown_side_dir": null, "downthrown_side_id": null, "epistemic_quality": null, "exposure_quality": "1", "fs_name": null, "last_movement": null, "lower_seis_depth": null, "name": null, "net_slip_rate": null, "notes": null, "reference": null, "shortening_rate": null, "slip_type": "Normal", "strike_slip_rate": null, "upper_seis_depth": null, "vert_sep_rate": null }, "geometry": { "type": "LineString", "coordinates": [ [ 87.33044581933224, 32.022207737109987 ], [ 87.296373834231389, 31.960878163928459 ], [ 87.29750956706809, 31.913177384787268 ], [ 87.308866895435031, 31.881376865359808 ], [ 87.312274093945121, 31.848440613095654 ], [ 87.331581552168942, 31.818911559341583 ] ] } },
{ "type": "Feature", "properties": { "accuracy": null, "activity_confidence": null, "average_dip": null, "average_rake": null, "catalog_id": "GAF_238", "catalog_name": "HimaTibetMap", "dip_dir": null, "downthrown_side_dir": null, "downthrown_side_id": null, "epistemic_quality": null, "exposure_quality": "1", "fs_name": null, "last_movement": null, "lower_seis_depth": null, "name": null, "net_slip_rate": null, "notes": null, "reference": null, "shortening_rate": null, "slip_type": "Sinistral", "strike_slip_rate": null, "upper_seis_depth": null, "vert_sep_rate": null }, "geometry": { "type": "LineString", "coordinates": [ [ 87.721799106597913, 31.791678178275937 ], [ 87.829676512756976, 31.823720972184567 ], [ 87.952507222740053, 31.866444697396073 ], [ 88.036886580032785, 31.891010839392692 ], [ 88.107380726631774, 31.909168422607582 ] ] } },
{ "type": "Feature", "properties": { "accuracy": null, "activity_confidence": null, "average_dip": null, "average_rake": null, "catalog_id": "GAF_239", "catalog_name": "HimaTibetMap", "dip_dir": null, "downthrown_side_dir": null, "downthrown_side_id": null, "epistemic_quality": null, "exposure_quality": "1", "fs_name": null, "last_movement": null, "lower_seis_depth": null, "name": null, "net_slip_rate": null, "notes": null, "reference": null, "shortening_rate": null, "slip_type": "Sinistral", "strike_slip_rate": null, "upper_seis_depth": null, "vert_sep_rate": null }, "geometry": { "type": "LineString", "coordinates": [ [ 88.35966432400572, 31.943347402776787 ], [ 88.512401641636856, 31.980730662336857 ], [ 88.608530023362746, 32.009569176854626 ], [ 88.670479424919435, 32.042680063893542 ], [ 88.738837385257852, 32.0725866715416 ] ] } },
{ "type": "Feature", "properties": { "accuracy": null, "activity_confidence": null, "average_dip": null, "average_rake": null, "catalog_id": "GAF_240", "catalog_name": "HimaTibetMap", "dip_dir": null, "downthrown_side_dir": null, "downthrown_side_id": null, "epistemic_quality": null, "exposure_quality": "1", "fs_name": null, "last_movement": null, "lower_seis_depth": null, "name": null, "net_slip_rate": null, "notes": null, "reference": null, "shortening_rate": null, "slip_type": "Sinistral", "strike_slip_rate": null, "upper_seis_depth": null, "vert_sep_rate": null }, "geometry": { "type": "LineString", "coordinates": [ [ 90.209886124553122, 32.576382986481526 ], [ 90.092324351496316, 32.553629094922144 ], [ 89.997516469998885, 32.519498257583066 ], [ 89.887539327461866, 32.485367420243996 ], [ 89.800316076484236, 32.447444267645025 ], [ 89.720677456026394, 32.43606732186533 ], [ 89.648623466088353, 32.432275006605437 ], [ 89.379369082635662, 32.3450517556278 ], [ 89.269391940098643, 32.291959341989241 ], [ 89.180591344892989, 32.247559044386414 ] ] } },
{ "type": "Feature", "properties": { "accuracy": null, "activity_confidence": null, "average_dip": null, "average_rake": null, "catalog_id": "GAF_241", "catalog_name": "HimaTibetMap", "dip_dir": null, "downthrown_side_dir": null, "downthrown_side_id": null, "epistemic_quality": null, "exposure_quality": "1", "fs_name": null, "last_movement": null, "lower_seis_depth": null, "name": null, "net_slip_rate": null, "notes": null, "reference": null, "shortening_rate": null, "slip_type": "Sinistral", "strike_slip_rate": null, "upper_seis_depth": null, "vert_sep_rate": null }, "geometry": { "type": "LineString", "coordinates": [ [ 88.75058640969101, 32.139876538749725 ], [ 88.889438516628417, 32.175123612049212 ], [ 89.004792574699479, 32.209302592218421 ], [ 89.082763373210483, 32.22425589604245 ], [ 89.167142730503215, 32.244549665517916 ] ] } },
{ "type": "Feature", "properties": { "accuracy": null, "activity_confidence": null, "average_dip": null, "average_rake": null, "catalog_id": "GAF_242", "catalog_name": "HimaTibetMap", "dip_dir": null, "downthrown_side_dir": null, "downthrown_side_id": null, "epistemic_quality": null, "exposure_quality": "1", "fs_name": null, "last_movement": null, "lower_seis_depth": null, "name": null, "net_slip_rate": null, "notes": null, "reference": null, "shortening_rate": null, "slip_type": "Sinistral", "strike_slip_rate": null, "upper_seis_depth": null, "vert_sep_rate": null }, "geometry": { "type": "LineString", "coordinates": [ [ 91.526477990785224, 32.930855617785021 ], [ 91.420753954472133, 32.88259029685949 ], [ 91.243781111078505, 32.822833232856446 ], [ 91.149548817842941, 32.760777820237898 ], [ 91.06450991906938, 32.717109196543362 ], [ 90.896730470137754, 32.64126369223181 ], [ 90.72435432397512, 32.592998371306273 ], [ 90.639315425201559, 32.572313233766756 ], [ 90.556574875043495, 32.572313233766756 ], [ 90.420972306728899, 32.576909930997765 ], [ 90.322143316262327, 32.576909930997765 ], [ 90.211822582718241, 32.576909930997765 ] ] } },
{ "type": "Feature", "properties": { "accuracy": null, "activity_confidence": null, "average_dip": null, "average_rake": null, "catalog_id": "GAF_243", "catalog_name": "HimaTibetMap", "dip_dir": null, "downthrown_side_dir": null, "downthrown_side_id": null, "epistemic_quality": null, "exposure_quality": "1", "fs_name": null, "last_movement": null, "lower_seis_depth": null, "name": null, "net_slip_rate": null, "notes": null, "reference": null, "shortening_rate": null, "slip_type": "Sinistral", "strike_slip_rate": null, "upper_seis_depth": null, "vert_sep_rate": null }, "geometry": { "type": "LineString", "coordinates": [ [ 92.563245569032901, 32.400453534397009 ], [ 92.633392516030511, 32.419584519941814 ], [ 92.684408477483331, 32.425050515811755 ], [ 92.729958443066195, 32.432338510305016 ], [ 92.77824140658403, 32.447825498603194 ], [ 92.825613370790222, 32.474244478641253 ], [ 92.859320345321535, 32.494286463497716 ], [ 92.906692309527713, 32.528904437340692 ], [ 92.943132281994011, 32.560789413248699 ], [ 92.991415245511845, 32.585386394663452 ], [ 93.036965211094724, 32.60451738020825 ], [ 93.072494184249351, 32.619093369194772 ] ] } },
{ "type": "Feature", "properties": { "accuracy": null, "activity_confidence": null, "average_dip": null, "average_rake": null, "catalog_id": "GAF_244", "catalog_name": "HimaTibetMap", "dip_dir": null, "downthrown_side_dir": null, "downthrown_side_id": null, "epistemic_quality": null, "exposure_quality": "1", "fs_name": null, "last_movement": null, "lower_seis_depth": null, "name": null, "net_slip_rate": null, "notes": null, "reference": null, "shortening_rate": null, "slip_type": "Sinistral", "strike_slip_rate": null, "upper_seis_depth": null, "vert_sep_rate": null }, "geometry": { "type": "LineString", "coordinates": [ [ 92.953153274422249, 32.618182369883115 ], [ 92.998703240005113, 32.650978345102779 ], [ 93.055185197327873, 32.670109330647584 ], [ 93.091625169794156, 32.692884313439016 ], [ 93.11804414983223, 32.720214292788732 ], [ 93.134442137442051, 32.745722273515142 ], [ 93.153573122986856, 32.772141253553201 ], [ 93.168149111973378, 32.794916236344633 ], [ 93.215521076179556, 32.814047221889439 ], [ 93.243762054840928, 32.830445209499274 ] ] } },
{ "type": "Feature", "properties": { "accuracy": null, "activity_confidence": null, "average_dip": null, "average_rake": null, "catalog_id": "GAF_245", "catalog_name": "HimaTibetMap", "dip_dir": null, "downthrown_side_dir": null, "downthrown_side_id": null, "epistemic_quality": null, "exposure_quality": "1", "fs_name": null, "last_movement": null, "lower_seis_depth": null, "name": null, "net_slip_rate": null, "notes": null, "reference": null, "shortening_rate": null, "slip_type": "Normal", "strike_slip_rate": null, "upper_seis_depth": null, "vert_sep_rate": null }, "geometry": { "type": "LineString", "coordinates": [ [ 82.231555463978239, 31.315291544224255 ], [ 82.257343508604876, 31.282817710249972 ], [ 82.289817342579155, 31.267058349644802 ], [ 82.352854784999835, 31.247000981601865 ], [ 82.380553055154365, 31.233629402906569 ], [ 82.419235122094321, 31.211184252953757 ], [ 82.454574294360455, 31.183008426417246 ], [ 82.483705233660913, 31.162951058374304 ], [ 82.505195270849782, 31.136685457365694 ], [ 82.551040683519361, 31.086542037258344 ], [ 82.578261397291911, 31.068872451125277 ] ] } },
{ "type": "Feature", "properties": { "accuracy": null, "activity_confidence": null, "average_dip": null, "average_rake": null, "catalog_id": "GAF_246", "catalog_name": "HimaTibetMap", "dip_dir": null, "downthrown_side_dir": null, "downthrown_side_id": null, "epistemic_quality": null, "exposure_quality": "1", "fs_name": null, "last_movement": null, "lower_seis_depth": null, "name": null, "net_slip_rate": null, "notes": null, "reference": null, "shortening_rate": null, "slip_type": "Normal", "strike_slip_rate": null, "upper_seis_depth": null, "vert_sep_rate": null }, "geometry": { "type": "LineString", "coordinates": [ [ 82.216818673748961, 31.328580633272651 ], [ 82.207867957803288, 31.345068794225213 ], [ 82.206925777177418, 31.360143684238988 ], [ 82.210694499680869, 31.3742763936269 ], [ 82.217760854374816, 31.387938012701881 ], [ 82.22341393812998, 31.403012902715652 ], [ 82.228595931572215, 31.427509598988031 ], [ 82.233306834701523, 31.447766482444038 ], [ 82.241786460334268, 31.460485920893159 ], [ 82.252150447218739, 31.475560810906934 ], [ 82.257803530973902, 31.509950403750853 ], [ 82.255919169722176, 31.523140932512902 ], [ 82.255919169722176, 31.535389280649092 ], [ 82.258745711599758, 31.546695448159422 ], [ 82.266754246919575, 31.558472705982684 ], [ 82.269109698484229, 31.563183609111988 ] ] } },
{ "type": "Feature", "properties": { "accuracy": null, "activity_confidence": null, "average_dip": null, "average_rake": null, "catalog_id": "GAF_247", "catalog_name": "HimaTibetMap", "dip_dir": null, "downthrown_side_dir": null, "downthrown_side_id": null, "epistemic_quality": null, "exposure_quality": "1", "fs_name": null, "last_movement": null, "lower_seis_depth": null, "name": null, "net_slip_rate": null, "notes": null, "reference": null, "shortening_rate": null, "slip_type": "Normal", "strike_slip_rate": null, "upper_seis_depth": null, "vert_sep_rate": null }, "geometry": { "type": "LineString", "coordinates": [ [ 82.86280073225727, 31.960327170736992 ], [ 82.855865025300403, 31.949719618920618 ], [ 82.833833956143323, 31.937888118817739 ], [ 82.81833061118094, 31.929320480812208 ], [ 82.811802886986243, 31.918712928995834 ], [ 82.811802886986243, 31.910145290990304 ], [ 82.812210869748412, 31.898721773649594 ], [ 82.810170955937565, 31.882402463162865 ], [ 82.810170955937565, 31.86853104924915 ], [ 82.811394904224073, 31.855883583621935 ], [ 82.810986921461904, 31.84813191114074 ], [ 82.799971386883371, 31.843236117994721 ], [ 82.790995766115671, 31.830180669605337 ], [ 82.775492421153274, 31.820797066075471 ], [ 82.771412593531593, 31.806517669399582 ], [ 82.771004610769424, 31.795094152058873 ], [ 82.767740748672082, 31.791014324437192 ] ] } },
{ "type": "Feature", "properties": { "accuracy": null, "activity_confidence": null, "average_dip": null, "average_rake": null, "catalog_id": "GAF_248", "catalog_name": "HimaTibetMap", "dip_dir": null, "downthrown_side_dir": null, "downthrown_side_id": null, "epistemic_quality": null, "exposure_quality": "1", "fs_name": null, "last_movement": null, "lower_seis_depth": null, "name": null, "net_slip_rate": null, "notes": null, "reference": null, "shortening_rate": null, "slip_type": "Normal", "strike_slip_rate": null, "upper_seis_depth": null, "vert_sep_rate": null }, "geometry": { "type": "LineString", "coordinates": [ [ 82.865656611592442, 31.962775067309998 ], [ 82.879528025506161, 31.974606567412877 ], [ 82.897071284279392, 31.984806136467082 ], [ 82.937461577734041, 31.999085533142967 ], [ 82.974180026329179, 32.016220809154035 ], [ 82.999882940345785, 32.023564498873057 ], [ 83.020690061216357, 32.030500205829917 ], [ 83.028441733697548, 32.041107757646294 ], [ 83.029257699221887, 32.041923723170626 ] ] } },
{ "type": "Feature", "properties": { "accuracy": null, "activity_confidence": null, "average_dip": null, "average_rake": null, "catalog_id": "GAF_249", "catalog_name": "HimaTibetMap", "dip_dir": null, "downthrown_side_dir": null, "downthrown_side_id": null, "epistemic_quality": null, "exposure_quality": "1", "fs_name": null, "last_movement": null, "lower_seis_depth": null, "name": null, "net_slip_rate": null, "notes": null, "reference": null, "shortening_rate": null, "slip_type": "Normal", "strike_slip_rate": null, "upper_seis_depth": null, "vert_sep_rate": null }, "geometry": { "type": "LineString", "coordinates": [ [ 83.02567608427448, 32.043002328529404 ], [ 83.02507859646218, 32.057640779930644 ], [ 83.026572315992922, 32.068993048364263 ], [ 83.028663523335965, 32.076760389924104 ], [ 83.03045598677285, 32.08632019492083 ], [ 83.031053474585136, 32.095879999917557 ], [ 83.031352218491293, 32.104543573195848 ], [ 83.031352218491293, 32.114402122098724 ], [ 83.031352218491293, 32.125754390532336 ], [ 83.031352218491293, 32.135911683341362 ], [ 83.031650962397435, 32.143380280995054 ], [ 83.034937145365063, 32.164292354425399 ], [ 83.032845938022021, 32.17176095207909 ], [ 83.027169803805222, 32.178632061920489 ], [ 83.027169803805222, 32.18639940348033 ], [ 83.027169803805222, 32.195062976758621 ], [ 83.02926101114825, 32.204324037849197 ] ] } },
{ "type": "Feature", "properties": { "accuracy": null, "activity_confidence": null, "average_dip": null, "average_rake": null, "catalog_id": "GAF_250", "catalog_name": "HimaTibetMap", "dip_dir": null, "downthrown_side_dir": null, "downthrown_side_id": null, "epistemic_quality": null, "exposure_quality": "1", "fs_name": null, "last_movement": null, "lower_seis_depth": null, "name": null, "net_slip_rate": null, "notes": null, "reference": null, "shortening_rate": null, "slip_type": "Normal", "strike_slip_rate": null, "upper_seis_depth": null, "vert_sep_rate": null }, "geometry": { "type": "LineString", "coordinates": [ [ 83.015565470200784, 32.268395269970831 ], [ 83.057576332002824, 32.287533551458424 ], [ 83.091185021444446, 32.300603597352392 ], [ 83.115457963818955, 32.308072195006083 ], [ 83.149066653260576, 32.316007580013135 ], [ 83.186409641529053, 32.320208666193338 ], [ 83.209749009196841, 32.325343327080255 ], [ 83.226086566564305, 32.329544413260457 ] ] } },
{ "type": "Feature", "properties": { "accuracy": null, "activity_confidence": null, "average_dip": null, "average_rake": null, "catalog_id": "GAF_251", "catalog_name": "HimaTibetMap", "dip_dir": null, "downthrown_side_dir": null, "downthrown_side_id": null, "epistemic_quality": null, "exposure_quality": "1", "fs_name": null, "last_movement": null, "lower_seis_depth": null, "name": null, "net_slip_rate": null, "notes": null, "reference": null, "shortening_rate": null, "slip_type": "Normal", "strike_slip_rate": null, "upper_seis_depth": null, "vert_sep_rate": null }, "geometry": { "type": "LineString", "coordinates": [ [ 83.006696510487032, 32.225917620815444 ], [ 83.007630085193739, 32.209580063447994 ], [ 83.015098682847437, 32.193242506080537 ], [ 83.020233343734347, 32.185307121073485 ] ] } },
{ "type": "Feature", "properties": { "accuracy": null, "activity_confidence": null, "average_dip": null, "average_rake": null, "catalog_id": "GAF_252", "catalog_name": "HimaTibetMap", "dip_dir": null, "downthrown_side_dir": null, "downthrown_side_id": null, "epistemic_quality": null, "exposure_quality": "1", "fs_name": null, "last_movement": null, "lower_seis_depth": null, "name": null, "net_slip_rate": null, "notes": null, "reference": null, "shortening_rate": null, "slip_type": "Normal", "strike_slip_rate": null, "upper_seis_depth": null, "vert_sep_rate": null }, "geometry": { "type": "LineString", "coordinates": [ [ 82.453530641179157, 34.75637425149133 ], [ 82.472499710698457, 34.78272018137924 ], [ 82.481984245458094, 34.803796925289568 ], [ 82.498845640586367, 34.822765994808861 ], [ 82.512545524128072, 34.837519715546094 ], [ 82.537837616820468, 34.850165761892285 ], [ 82.575775755859055, 34.873350180193647 ], [ 82.602121685746965, 34.892319249712941 ], [ 82.611606220506616, 34.896534598495009 ] ] } },
{ "type": "Feature", "properties": { "accuracy": null, "activity_confidence": null, "average_dip": null, "average_rake": null, "catalog_id": "GAF_253", "catalog_name": "HimaTibetMap", "dip_dir": null, "downthrown_side_dir": null, "downthrown_side_id": null, "epistemic_quality": null, "exposure_quality": "1", "fs_name": null, "last_movement": null, "lower_seis_depth": null, "name": null, "net_slip_rate": null, "notes": null, "reference": null, "shortening_rate": null, "slip_type": "Normal", "strike_slip_rate": null, "upper_seis_depth": null, "vert_sep_rate": null }, "geometry": { "type": "LineString", "coordinates": [ [ 83.446223917790789, 34.786685421840417 ], [ 83.44282742899172, 34.764042163179994 ], [ 83.44282742899172, 34.750456207983746 ], [ 83.441129184592199, 34.737436334254006 ], [ 83.431505799661522, 34.727812949323322 ], [ 83.429241473795472, 34.715359157060092 ], [ 83.424146740596882, 34.690451572533632 ], [ 83.41791984446526, 34.678563861736912 ], [ 83.41791984446526, 34.657052766009514 ], [ 83.4252789035299, 34.63780599614816 ], [ 83.433204044061043, 34.618559226286806 ], [ 83.435468369927094, 34.585160419762687 ], [ 83.43773269579313, 34.56761189430086 ], [ 83.441129184592199, 34.547799042972997 ], [ 83.434902288460577, 34.525721865779083 ], [ 83.436034451393596, 34.512701992049344 ], [ 83.438298777259646, 34.49345522218799 ], [ 83.444525673391254, 34.464018985929442 ], [ 83.447356080723807, 34.44816870486715 ], [ 83.444525673391254, 34.433450586737877 ], [ 83.449054325123342, 34.420996794474647 ] ] } },
{ "type": "Feature", "properties": { "accuracy": null, "activity_confidence": null, "average_dip": null, "average_rake": null, "catalog_id": "GAF_254", "catalog_name": "HimaTibetMap", "dip_dir": null, "downthrown_side_dir": null, "downthrown_side_id": null, "epistemic_quality": null, "exposure_quality": "1", "fs_name": null, "last_movement": null, "lower_seis_depth": null, "name": null, "net_slip_rate": null, "notes": null, "reference": null, "shortening_rate": null, "slip_type": "Normal", "strike_slip_rate": null, "upper_seis_depth": null, "vert_sep_rate": null }, "geometry": { "type": "LineString", "coordinates": [ [ 83.923172034018521, 34.138595030082293 ], [ 83.97909308524514, 34.17650760718508 ], [ 84.000892817079233, 34.210628926577584 ], [ 84.018901291203065, 34.239063359404675 ], [ 84.062500754871266, 34.270341235514472 ], [ 84.132639022511412, 34.287401895210728 ], [ 84.178134115034766, 34.291193152921004 ], [ 84.221733578702967, 34.291193152921004 ], [ 84.260593970233316, 34.294036596203718 ], [ 84.289976217487975, 34.316784142465387 ], [ 84.320306279170211, 34.331001358878929 ], [ 84.337366938866467, 34.348062018575185 ], [ 84.338314753294028, 34.36512267827144 ], [ 84.338314753294028, 34.385974595677972 ], [ 84.348740711997294, 34.417252471787769 ], [ 84.350636340852432, 34.43905220362187 ], [ 84.339262567721605, 34.458008492173263 ], [ 84.317462835887497, 34.481703852862509 ], [ 84.301349990618817, 34.50350358469661 ], [ 84.298506547336103, 34.519616429965289 ], [ 84.299454361763679, 34.546155233937242 ], [ 84.304193433901517, 34.567007151343773 ], [ 84.321254093597773, 34.596389398598433 ], [ 84.344001639859442, 34.611554429439551 ], [ 84.354427598562708, 34.631458532418513 ], [ 84.358218856272998, 34.647571377687193 ], [ 84.371488258258964, 34.658945150818028 ] ] } },
{ "type": "Feature", "properties": { "accuracy": null, "activity_confidence": null, "average_dip": null, "average_rake": null, "catalog_id": "GAF_255", "catalog_name": "HimaTibetMap", "dip_dir": null, "downthrown_side_dir": null, "downthrown_side_id": null, "epistemic_quality": null, "exposure_quality": "1", "fs_name": null, "last_movement": null, "lower_seis_depth": null, "name": null, "net_slip_rate": null, "notes": null, "reference": null, "shortening_rate": null, "slip_type": "Normal", "strike_slip_rate": null, "upper_seis_depth": null, "vert_sep_rate": null }, "geometry": { "type": "LineString", "coordinates": [ [ 85.765575185209642, 34.173775235905595 ], [ 85.728551184132698, 34.20524563682099 ], [ 85.698931983271152, 34.247823238059475 ], [ 85.698931983271152, 34.27929363897487 ], [ 85.698931983271152, 34.308912839836424 ], [ 85.750765584778861, 34.35334164112875 ], [ 85.815557586663502, 34.392216842259543 ], [ 85.830367187094282, 34.438496843605712 ], [ 85.824813586932748, 34.505140045544209 ], [ 85.830367187094282, 34.560676047159617 ] ] } },
{ "type": "Feature", "properties": { "accuracy": null, "activity_confidence": null, "average_dip": null, "average_rake": null, "catalog_id": "GAF_256", "catalog_name": "HimaTibetMap", "dip_dir": null, "downthrown_side_dir": null, "downthrown_side_id": null, "epistemic_quality": null, "exposure_quality": "1", "fs_name": null, "last_movement": null, "lower_seis_depth": null, "name": null, "net_slip_rate": null, "notes": null, "reference": null, "shortening_rate": null, "slip_type": "Sinistral", "strike_slip_rate": null, "upper_seis_depth": null, "vert_sep_rate": null }, "geometry": { "type": "LineString", "coordinates": [ [ 85.897010389032772, 34.538461646513454 ], [ 85.948843990540496, 34.599551248290403 ], [ 86.026594392802068, 34.632872849259648 ], [ 86.10249359500979, 34.664343250175051 ], [ 86.254291999425249, 34.690260050928906 ], [ 86.33389360174067, 34.721730451844302 ], [ 86.38387600319453, 34.745796052544314 ], [ 86.494948006425346, 34.777266453459717 ], [ 86.563442408417686, 34.806885654321263 ], [ 86.713389612779295, 34.86612405604437 ], [ 86.785586414879333, 34.912404057390546 ] ] } },
{ "type": "Feature", "properties": { "accuracy": null, "activity_confidence": null, "average_dip": null, "average_rake": null, "catalog_id": "GAF_257", "catalog_name": "HimaTibetMap", "dip_dir": null, "downthrown_side_dir": null, "downthrown_side_id": null, "epistemic_quality": null, "exposure_quality": "1", "fs_name": null, "last_movement": null, "lower_seis_depth": null, "name": null, "net_slip_rate": null, "notes": null, "reference": null, "shortening_rate": null, "slip_type": "Sinistral", "strike_slip_rate": null, "upper_seis_depth": null, "vert_sep_rate": null }, "geometry": { "type": "LineString", "coordinates": [ [ 86.046957593394382, 34.705069651359679 ], [ 86.170987997002129, 34.745796052544314 ], [ 86.237631198940619, 34.779117653513559 ], [ 86.324637601471423, 34.819844054698194 ], [ 86.441263204863787, 34.879082456421301 ], [ 86.567144808525384, 34.921660057659778 ], [ 86.693026412186981, 34.979047259329036 ], [ 86.770776814448553, 35.012368860298281 ], [ 86.870741617356288, 35.07345846207523 ] ] } },
{ "type": "Feature", "properties": { "accuracy": null, "activity_confidence": null, "average_dip": null, "average_rake": null, "catalog_id": "GAF_272", "catalog_name": "HimaTibetMap", "dip_dir": null, "downthrown_side_dir": null, "downthrown_side_id": null, "epistemic_quality": null, "exposure_quality": "1", "fs_name": null, "last_movement": null, "lower_seis_depth": null, "name": null, "net_slip_rate": null, "notes": null, "reference": null, "shortening_rate": null, "slip_type": "Reverse", "strike_slip_rate": null, "upper_seis_depth": null, "vert_sep_rate": null }, "geometry": { "type": "LineString", "coordinates": [ [ 96.129949730123755, 26.691856487273387 ], [ 96.293229454932998, 26.775828917175289 ], [ 96.442513774758609, 26.822480267120792 ], [ 96.57780268960056, 26.817815132126242 ], [ 96.787733764355309, 26.799154592148042 ], [ 96.92302267919726, 26.799154592148042 ], [ 96.988334569120966, 26.75250324220254 ] ] } },
{ "type": "Feature", "properties": { "accuracy": null, "activity_confidence": null, "average_dip": null, "average_rake": null, "catalog_id": "GAF_274", "catalog_name": "HimaTibetMap", "dip_dir": null, "downthrown_side_dir": null, "downthrown_side_id": null, "epistemic_quality": null, "exposure_quality": "1", "fs_name": null, "last_movement": null, "lower_seis_depth": null, "name": null, "net_slip_rate": null, "notes": null, "reference": null, "shortening_rate": null, "slip_type": "Reverse", "strike_slip_rate": null, "upper_seis_depth": null, "vert_sep_rate": null }, "geometry": { "type": "LineString", "coordinates": [ [ 96.927687814191813, 25.394948958788468 ], [ 97.095632673995624, 25.548898413608622 ], [ 97.216926183853914, 25.707513003423323 ], [ 97.310228883744927, 25.926774348167179 ], [ 97.347549963701326, 26.17869163787288 ], [ 97.366210503679525, 26.430608927578586 ], [ 97.426857258608678, 26.715182162246141 ], [ 97.464178338565077, 26.855136212082641 ], [ 97.47350860855417, 27.027746206880995 ] ] } },
{ "type": "Feature", "properties": { "accuracy": null, "activity_confidence": null, "average_dip": null, "average_rake": null, "catalog_id": "GAF_275", "catalog_name": "HimaTibetMap", "dip_dir": null, "downthrown_side_dir": null, "downthrown_side_id": null, "epistemic_quality": null, "exposure_quality": "1", "fs_name": null, "last_movement": null, "lower_seis_depth": null, "name": null, "net_slip_rate": null, "notes": null, "reference": null, "shortening_rate": null, "slip_type": "Reverse", "strike_slip_rate": null, "upper_seis_depth": null, "vert_sep_rate": null }, "geometry": { "type": "LineString", "coordinates": [ [ 95.537477585815893, 24.436263717408426 ], [ 95.397523535979388, 24.21233723767002 ], [ 95.215583271191932, 24.002406162915268 ], [ 95.084959491344534, 23.745823738215016 ], [ 95.042973276393582, 23.573213743416662 ], [ 95.033643006404489, 23.37261293865101 ], [ 94.968331116480783, 23.167346998890807 ], [ 94.912349496546184, 22.920094844179651 ], [ 94.786390851693326, 22.752149984375851 ] ] } },
{ "type": "Feature", "properties": { "accuracy": null, "activity_confidence": null, "average_dip": null, "average_rake": null, "catalog_id": "GAF_276", "catalog_name": "HimaTibetMap", "dip_dir": null, "downthrown_side_dir": null, "downthrown_side_id": null, "epistemic_quality": null, "exposure_quality": "1", "fs_name": null, "last_movement": null, "lower_seis_depth": null, "name": null, "net_slip_rate": null, "notes": null, "reference": null, "shortening_rate": null, "slip_type": "Reverse", "strike_slip_rate": null, "upper_seis_depth": null, "vert_sep_rate": null }, "geometry": { "type": "LineString", "coordinates": [ [ 94.329207622227429, 21.301293001070778 ], [ 94.329207622227429, 21.590531370732883 ], [ 94.417845187123874, 21.805127580482186 ], [ 94.46449653706938, 21.991732980264189 ], [ 94.441170862096627, 22.192333785029842 ], [ 94.44583599709118, 22.341618104855442 ], [ 94.43184059210752, 22.523558369642895 ], [ 94.399184647145674, 22.700833499435799 ], [ 94.324542487232875, 22.915429709185101 ], [ 94.27322600229283, 23.190672673863556 ], [ 94.329207622227429, 23.395938613623759 ], [ 94.371193837178382, 23.50790185349296 ], [ 94.44583599709118, 23.624530228356711 ] ] } },
{ "type": "Feature", "properties": { "accuracy": null, "activity_confidence": null, "average_dip": null, "average_rake": null, "catalog_id": "GAF_277", "catalog_name": "HimaTibetMap", "dip_dir": null, "downthrown_side_dir": null, "downthrown_side_id": null, "epistemic_quality": null, "exposure_quality": "1", "fs_name": null, "last_movement": null, "lower_seis_depth": null, "name": null, "net_slip_rate": null, "notes": null, "reference": null, "shortening_rate": null, "slip_type": "Reverse", "strike_slip_rate": null, "upper_seis_depth": null, "vert_sep_rate": null }, "geometry": { "type": "LineString", "coordinates": [ [ 95.066298951366335, 18.075352152339402 ], [ 94.97766138646989, 18.462558356887058 ], [ 94.931010036524384, 18.835769156451065 ], [ 94.842372471627939, 19.064360771184017 ], [ 94.725744096764174, 19.218310226004171 ], [ 94.665097341835036, 19.362929410835221 ], [ 94.609115721900423, 19.624176970530026 ], [ 94.478491942053026, 19.969396960126733 ], [ 94.385189242162028, 20.169997764892386 ], [ 94.287221407276476, 20.323947219712537 ], [ 94.212579247363678, 20.49655721451089 ], [ 94.109946277483573, 20.748474504216595 ], [ 94.039969252565314, 20.916419364020395 ] ] } },
{ "type": "Feature", "properties": { "accuracy": null, "activity_confidence": null, "average_dip": null, "average_rake": null, "catalog_id": "GAF_278", "catalog_name": "HimaTibetMap", "dip_dir": null, "downthrown_side_dir": null, "downthrown_side_id": null, "epistemic_quality": null, "exposure_quality": "1", "fs_name": null, "last_movement": null, "lower_seis_depth": null, "name": null, "net_slip_rate": null, "notes": null, "reference": null, "shortening_rate": null, "slip_type": "Reverse", "strike_slip_rate": null, "upper_seis_depth": null, "vert_sep_rate": null }, "geometry": { "type": "LineString", "coordinates": [ [ 95.061633816371781, 18.068354449847579 ], [ 95.042973276393582, 17.928400400011075 ], [ 94.991656791453536, 17.755790405212725 ], [ 94.903019226557078, 17.452556630566967 ], [ 94.725744096764174, 17.084010965997514 ] ] } },
{ "type": "Feature", "properties": { "accuracy": null, "activity_confidence": null, "average_dip": null, "average_rake": null, "catalog_id": "GAF_279", "catalog_name": "HimaTibetMap", "dip_dir": null, "downthrown_side_dir": null, "downthrown_side_id": null, "epistemic_quality": null, "exposure_quality": "1", "fs_name": "Dauki Thrust", "last_movement": null, "lower_seis_depth": null, "name": null, "net_slip_rate": null, "notes": null, "reference": "Das, et al., 1995", "shortening_rate": null, "slip_type": "Reverse", "strike_slip_rate": null, "upper_seis_depth": null, "vert_sep_rate": null }, "geometry": { "type": "LineString", "coordinates": [ [ 89.754721682178854, 25.344236799017356 ], [ 90.210631641025785, 25.241657058276797 ], [ 90.467080992877172, 25.190367187906517 ], [ 90.900195453781762, 25.184668313420932 ], [ 91.179440303575504, 25.213162685848864 ], [ 91.61255476448008, 25.218861560334449 ], [ 92.062765848841423, 25.178969438935344 ], [ 92.33631182414959, 25.173270564449759 ], [ 92.530073556659531, 25.156173940993 ] ] } },
{ "type": "Feature", "properties": { "accuracy": null, "activity_confidence": null, "average_dip": null, "average_rake": null, "catalog_id": "GAF_280", "catalog_name": "HimaTibetMap", "dip_dir": null, "downthrown_side_dir": null, "downthrown_side_id": null, "epistemic_quality": null, "exposure_quality": "1", "fs_name": "Naga Hills Thrust Belt", "last_movement": null, "lower_seis_depth": null, "name": null, "net_slip_rate": null, "notes": null, "reference": "Das, et al., 1995", "shortening_rate": null, "slip_type": "Reverse", "strike_slip_rate": null, "upper_seis_depth": null, "vert_sep_rate": null }, "geometry": { "type": "LineString", "coordinates": [ [ 92.250828706865789, 25.116281819593894 ], [ 92.421794941433376, 25.059293074738026 ], [ 92.712437540198295, 25.002304329882161 ], [ 92.963188017564107, 25.002304329882161 ], [ 93.225336243901097, 25.076389698194784 ], [ 93.424796850896641, 25.150475066507411 ] ] } },
{ "type": "Feature", "properties": { "accuracy": null, "activity_confidence": null, "average_dip": null, "average_rake": null, "catalog_id": "GAF_281", "catalog_name": "HimaTibetMap", "dip_dir": null, "downthrown_side_dir": null, "downthrown_side_id": null, "epistemic_quality": null, "exposure_quality": "1", "fs_name": "Naga Hills Thrust Belt", "last_movement": null, "lower_seis_depth": null, "name": null, "net_slip_rate": null, "notes": null, "reference": "Das, et al., 1995", "shortening_rate": null, "slip_type": "Reverse", "strike_slip_rate": null, "upper_seis_depth": null, "vert_sep_rate": null }, "geometry": { "type": "LineString", "coordinates": [ [ 94.02317867188323, 25.914124247576016 ], [ 93.76103044554624, 25.794447883378698 ], [ 93.384904729497535, 25.594987276383169 ], [ 93.111358754189368, 25.429719916301156 ], [ 92.917597021679413, 25.298645803132665 ] ] } },
{ "type": "Feature", "properties": { "accuracy": null, "activity_confidence": null, "average_dip": null, "average_rake": null, "catalog_id": "GAF_282", "catalog_name": "HimaTibetMap", "dip_dir": null, "downthrown_side_dir": null, "downthrown_side_id": null, "epistemic_quality": null, "exposure_quality": "1", "fs_name": null, "last_movement": null, "lower_seis_depth": null, "name": null, "net_slip_rate": null, "notes": null, "reference": null, "shortening_rate": null, "slip_type": "Reverse", "strike_slip_rate": null, "upper_seis_depth": null, "vert_sep_rate": null }, "geometry": { "type": "LineString", "coordinates": [ [ 94.317810482788033, 23.711509258896797 ], [ 94.460282344927705, 23.871077744493221 ], [ 94.52866883875474, 24.002151857661712 ], [ 94.52866883875474, 24.190214715686071 ], [ 94.625549705009718, 24.372578699224842 ], [ 94.642646328466469, 24.526448310335677 ], [ 94.699635073322341, 24.771499913215902 ], [ 94.802214814062893, 24.965261645725846 ], [ 95.007374295544011, 25.204614374120485 ], [ 95.115652910770166, 25.432569353543947 ], [ 95.400596635049496, 25.734609701280039 ], [ 95.577261744102671, 25.956865806217916 ], [ 95.639949363444131, 26.11643429181434 ] ] } },
{ "type": "Feature", "properties": { "accuracy": null, "activity_confidence": null, "average_dip": null, "average_rake": null, "catalog_id": "GAF_283", "catalog_name": "HimaTibetMap", "dip_dir": null, "downthrown_side_dir": null, "downthrown_side_id": null, "epistemic_quality": null, "exposure_quality": "1", "fs_name": null, "last_movement": null, "lower_seis_depth": null, "name": null, "net_slip_rate": null, "notes": null, "reference": null, "shortening_rate": null, "slip_type": "Reverse", "strike_slip_rate": null, "upper_seis_depth": null, "vert_sep_rate": null }, "geometry": { "type": "LineString", "coordinates": [ [ 96.198439063031614, 25.039347014038473 ], [ 96.346609799656875, 25.329989612803391 ], [ 96.403598544512732, 25.512353596342162 ], [ 96.551769281137979, 25.751706324736798 ], [ 96.574564779080333, 25.911274810333222 ], [ 96.506178285253299, 26.06514442144406 ], [ 96.443490665911838, 26.190519660126967 ], [ 96.443490665911838, 26.332991522266632 ], [ 96.380803046570392, 26.469764509920712 ], [ 96.23833118443072, 26.560946501690097 ], [ 96.164245816118097, 26.623634121031547 ] ] } },
{ "type": "Feature", "properties": { "accuracy": null, "activity_confidence": null, "average_dip": null, "average_rake": null, "catalog_id": "GAF_284", "catalog_name": "HimaTibetMap", "dip_dir": null, "downthrown_side_dir": null, "downthrown_side_id": null, "epistemic_quality": null, "exposure_quality": "1", "fs_name": null, "last_movement": null, "lower_seis_depth": null, "name": null, "net_slip_rate": null, "notes": null, "reference": null, "shortening_rate": null, "slip_type": "Reverse", "strike_slip_rate": null, "upper_seis_depth": null, "vert_sep_rate": null }, "geometry": { "type": "LineString", "coordinates": [ [ 96.535593320504688, 37.878680431250032 ], [ 96.384252481631478, 38.01740953355047 ], [ 96.258135115903812, 38.086774084700693 ], [ 96.075264935598682, 38.149832767564526 ], [ 95.942841701584626, 38.200279713855593 ], [ 95.835641940716116, 38.244420791860279 ], [ 95.69691283841567, 38.282256001578581 ], [ 95.54557199954246, 38.282256001578581 ], [ 95.387925292382874, 38.282256001578581 ], [ 95.242890321796054, 38.263338396719426 ], [ 95.123078824354764, 38.326397079583266 ], [ 95.003267326913488, 38.395761630733482 ], [ 94.896067566044962, 38.395761630733482 ], [ 94.732114990598987, 38.383149894160717 ], [ 94.580774151725777, 38.376844025874334 ] ] } },
{ "type": "Feature", "properties": { "accuracy": null, "activity_confidence": null, "average_dip": null, "average_rake": null, "catalog_id": "GAF_285", "catalog_name": "HimaTibetMap", "dip_dir": null, "downthrown_side_dir": null, "downthrown_side_id": null, "epistemic_quality": null, "exposure_quality": "1", "fs_name": "North Qaidam Thrust Belt", "last_movement": null, "lower_seis_depth": null, "name": null, "net_slip_rate": null, "notes": null, "reference": "Yin, et al., 2008", "shortening_rate": null, "slip_type": "Reverse", "strike_slip_rate": null, "upper_seis_depth": null, "vert_sep_rate": null }, "geometry": { "type": "LineString", "coordinates": [ [ 95.381619424096499, 37.405740309771268 ], [ 95.6086306824063, 37.298540548902743 ], [ 95.715830443274825, 37.191340788034225 ], [ 95.949147569871016, 37.058917554020169 ], [ 96.144629486748897, 37.058917554020169 ], [ 96.333805535340417, 37.058917554020169 ], [ 96.516675715645533, 37.002164739442719 ], [ 96.718463500809804, 36.939106056578886 ], [ 97.008533441983445, 36.794071085992059 ] ] } },
{ "type": "Feature", "properties": { "accuracy": null, "activity_confidence": null, "average_dip": null, "average_rake": null, "catalog_id": "GAF_286", "catalog_name": "HimaTibetMap", "dip_dir": null, "downthrown_side_dir": null, "downthrown_side_id": null, "epistemic_quality": null, "exposure_quality": "1", "fs_name": "North Qaidam Thrust Belt", "last_movement": null, "lower_seis_depth": null, "name": null, "net_slip_rate": null, "notes": null, "reference": "Yin, et al., 2008", "shortening_rate": null, "slip_type": "Reverse", "strike_slip_rate": null, "upper_seis_depth": null, "vert_sep_rate": null }, "geometry": { "type": "LineString", "coordinates": [ [ 96.686934159377884, 36.781459349419293 ], [ 96.94547475911962, 36.686871325123541 ], [ 97.11573320285197, 36.705788929982695 ], [ 97.298603383157101, 36.705788929982695 ], [ 97.456250090316686, 36.66164785197801 ], [ 97.645426138908192, 36.66164785197801 ], [ 97.777849372922248, 36.712094798269078 ], [ 97.872437397217993, 36.712094798269078 ] ] } },
{ "type": "Feature", "properties": { "accuracy": null, "activity_confidence": null, "average_dip": null, "average_rake": null, "catalog_id": "GAF_287", "catalog_name": "HimaTibetMap", "dip_dir": null, "downthrown_side_dir": null, "downthrown_side_id": null, "epistemic_quality": null, "exposure_quality": "1", "fs_name": "North Qaidam Thrust Belt", "last_movement": null, "lower_seis_depth": null, "name": null, "net_slip_rate": null, "notes": null, "reference": "Yin, et al., 2008", "shortening_rate": null, "slip_type": "Reverse", "strike_slip_rate": null, "upper_seis_depth": null, "vert_sep_rate": null }, "geometry": { "type": "LineString", "coordinates": [ [ 94.618609361444086, 38.282256001578581 ], [ 94.896067566044962, 38.175056240710056 ], [ 95.110467087781998, 38.074162348127921 ], [ 95.261807926655209, 37.98588019211855 ], [ 95.375313555810109, 37.90390390439557 ], [ 95.438372238673949, 37.777786538667897 ], [ 95.58340720926077, 37.645363304653841 ], [ 95.823030204143336, 37.550775280358089 ], [ 96.050041462453152, 37.525551807212551 ] ] } },
{ "type": "Feature", "properties": { "accuracy": null, "activity_confidence": null, "average_dip": null, "average_rake": null, "catalog_id": "GAF_288", "catalog_name": "HimaTibetMap", "dip_dir": null, "downthrown_side_dir": null, "downthrown_side_id": null, "epistemic_quality": null, "exposure_quality": "1", "fs_name": "North Qaidam Thrust Belt", "last_movement": null, "lower_seis_depth": null, "name": null, "net_slip_rate": null, "notes": null, "reference": "Yin, et al., 2008", "shortening_rate": null, "slip_type": "Reverse", "strike_slip_rate": null, "upper_seis_depth": null, "vert_sep_rate": null }, "geometry": { "type": "LineString", "coordinates": [ [ 95.980676911302936, 37.449881387775953 ], [ 96.176158828180817, 37.424657914630416 ], [ 96.321193798767638, 37.367905100052965 ], [ 96.529287452218298, 37.23548186603891 ], [ 96.668016554518744, 37.222870129466145 ] ] } },
{ "type": "Feature", "properties": { "accuracy": null, "activity_confidence": null, "average_dip": null, "average_rake": null, "catalog_id": "GAF_289", "catalog_name": "HimaTibetMap", "dip_dir": null, "downthrown_side_dir": null, "downthrown_side_id": null, "epistemic_quality": null, "exposure_quality": "1", "fs_name": "North Qaidam Thrust Belt", "last_movement": null, "lower_seis_depth": null, "name": null, "net_slip_rate": null, "notes": null, "reference": "Yin, et al., 2008", "shortening_rate": null, "slip_type": "Reverse", "strike_slip_rate": null, "upper_seis_depth": null, "vert_sep_rate": null }, "geometry": { "type": "LineString", "coordinates": [ [ 96.932863022546854, 37.071529290592935 ], [ 97.229238832006871, 36.945411924865269 ], [ 97.475167695175827, 36.939106056578886 ], [ 97.620202665762662, 36.913882583433349 ], [ 97.796766977781388, 36.894964978574201 ], [ 97.941801948368223, 36.838212163996744 ], [ 98.086836918955044, 36.825600427423979 ], [ 98.345377518696765, 36.800376954278448 ] ] } },
{ "type": "Feature", "properties": { "accuracy": null, "activity_confidence": null, "average_dip": null, "average_rake": null, "catalog_id": "GAF_290", "catalog_name": "HimaTibetMap", "dip_dir": null, "downthrown_side_dir": null, "downthrown_side_id": null, "epistemic_quality": null, "exposure_quality": "1", "fs_name": "North Qaidam Thrust Belt", "last_movement": null, "lower_seis_depth": null, "name": null, "net_slip_rate": null, "notes": null, "reference": "Yin, et al., 2008", "shortening_rate": null, "slip_type": "Reverse", "strike_slip_rate": null, "upper_seis_depth": null, "vert_sep_rate": null }, "geometry": { "type": "LineString", "coordinates": [ [ 98.29493057240569, 37.361599231766583 ], [ 98.074225182382264, 37.399434441484885 ], [ 97.916578475222678, 37.437269651203181 ], [ 97.771543504635858, 37.437269651203181 ], [ 97.550838114612432, 37.393128573198496 ], [ 97.342744461161772, 37.437269651203181 ], [ 97.17879188571581, 37.437269651203181 ], [ 97.014839310269835, 37.487716597494256 ], [ 96.794133920246409, 37.500328334067021 ], [ 96.573428530222984, 37.481410729207866 ] ] } },
{ "type": "Feature", "properties": { "accuracy": null, "activity_confidence": null, "average_dip": null, "average_rake": null, "catalog_id": "GAF_291", "catalog_name": "HimaTibetMap", "dip_dir": null, "downthrown_side_dir": null, "downthrown_side_id": null, "epistemic_quality": null, "exposure_quality": "1", "fs_name": "North Qaidam Thrust Belt", "last_movement": null, "lower_seis_depth": null, "name": null, "net_slip_rate": null, "notes": null, "reference": "Yin, et al., 2008", "shortening_rate": null, "slip_type": "Reverse", "strike_slip_rate": null, "upper_seis_depth": null, "vert_sep_rate": null }, "geometry": { "type": "LineString", "coordinates": [ [ 97.424720748884766, 37.298540548902743 ], [ 97.601285060903507, 37.229175997752527 ], [ 97.834602187499698, 37.153505578315922 ], [ 97.960719553227364, 37.071529290592935 ], [ 98.130977996959729, 37.027388212588257 ], [ 98.29493057240569, 37.027388212588257 ], [ 98.54085943557466, 36.958023661438034 ], [ 98.717423747593386, 36.806682822564831 ] ] } },
{ "type": "Feature", "properties": { "accuracy": null, "activity_confidence": null, "average_dip": null, "average_rake": null, "catalog_id": "GAF_294", "catalog_name": "HimaTibetMap", "dip_dir": null, "downthrown_side_dir": null, "downthrown_side_id": null, "epistemic_quality": null, "exposure_quality": "1", "fs_name": null, "last_movement": null, "lower_seis_depth": null, "name": null, "net_slip_rate": null, "notes": null, "reference": null, "shortening_rate": null, "slip_type": "Anticline", "strike_slip_rate": null, "upper_seis_depth": null, "vert_sep_rate": null }, "geometry": { "type": "LineString", "coordinates": [ [ 92.705599872823299, 38.477737918456469 ], [ 92.856940711696495, 38.389455762447099 ], [ 92.957834604278631, 38.275950133292199 ], [ 93.178539994302056, 38.181362108996446 ], [ 93.329880833175267, 38.099385821273458 ], [ 93.399245384325482, 38.04893887498239 ], [ 93.619950774348908, 37.866068694677267 ] ] } },
{ "type": "Feature", "properties": { "accuracy": null, "activity_confidence": null, "average_dip": null, "average_rake": null, "catalog_id": "GAF_295", "catalog_name": "HimaTibetMap", "dip_dir": null, "downthrown_side_dir": null, "downthrown_side_id": null, "epistemic_quality": null, "exposure_quality": "1", "fs_name": null, "last_movement": null, "lower_seis_depth": null, "name": null, "net_slip_rate": null, "notes": null, "reference": null, "shortening_rate": null, "slip_type": "Anticline", "strike_slip_rate": null, "upper_seis_depth": null, "vert_sep_rate": null }, "geometry": { "type": "LineString", "coordinates": [ [ 93.140704784583761, 38.584937679324987 ], [ 93.367716042893562, 38.496655523315617 ], [ 93.544280354912303, 38.320091211296884 ], [ 93.720844666931043, 38.200279713855593 ], [ 93.884797242377019, 38.074162348127921 ], [ 93.973079398386389, 37.98588019211855 ] ] } },
{ "type": "Feature", "properties": { "accuracy": null, "activity_confidence": null, "average_dip": null, "average_rake": null, "catalog_id": "GAF_296", "catalog_name": "HimaTibetMap", "dip_dir": null, "downthrown_side_dir": null, "downthrown_side_id": null, "epistemic_quality": null, "exposure_quality": "1", "fs_name": null, "last_movement": null, "lower_seis_depth": null, "name": null, "net_slip_rate": null, "notes": null, "reference": null, "shortening_rate": null, "slip_type": "Anticline", "strike_slip_rate": null, "upper_seis_depth": null, "vert_sep_rate": null }, "geometry": { "type": "LineString", "coordinates": [ [ 91.845411887817377, 37.752721840662694 ], [ 92.147117895402914, 37.670438384048452 ], [ 92.464496942343558, 37.603827966789311 ], [ 92.68391949331486, 37.545054069207708 ] ] } },
{ "type": "Feature", "properties": { "accuracy": null, "activity_confidence": null, "average_dip": null, "average_rake": null, "catalog_id": "GAF_297", "catalog_name": "HimaTibetMap", "dip_dir": null, "downthrown_side_dir": null, "downthrown_side_id": null, "epistemic_quality": null, "exposure_quality": "1", "fs_name": null, "last_movement": null, "lower_seis_depth": null, "name": null, "net_slip_rate": null, "notes": null, "reference": null, "shortening_rate": null, "slip_type": "Reverse", "strike_slip_rate": null, "upper_seis_depth": null, "vert_sep_rate": null }, "geometry": { "type": "LineString", "coordinates": [ [ 88.128961805385089, 36.851461076917481 ], [ 88.336666514750078, 36.806025671743889 ], [ 88.619015104043115, 36.786553355240919 ], [ 88.885136762917014, 36.750854108318812 ], [ 89.083105314030519, 36.692437158809909 ], [ 89.28431925122787, 36.588584804127414 ], [ 89.417380080664813, 36.556130943289133 ] ] } },
{ "type": "Feature", "properties": { "accuracy": null, "activity_confidence": null, "average_dip": null, "average_rake": null, "catalog_id": "GAF_298", "catalog_name": "HimaTibetMap", "dip_dir": null, "downthrown_side_dir": null, "downthrown_side_id": null, "epistemic_quality": null, "exposure_quality": "1", "fs_name": null, "last_movement": null, "lower_seis_depth": null, "name": null, "net_slip_rate": null, "notes": null, "reference": null, "shortening_rate": null, "slip_type": "Reverse", "strike_slip_rate": null, "upper_seis_depth": null, "vert_sep_rate": null }, "geometry": { "type": "LineString", "coordinates": [ [ 89.401153150245676, 36.588584804127414 ], [ 89.527723207514967, 36.491223221612572 ], [ 89.702974056041683, 36.416579341684525 ], [ 89.949623398412612, 36.358162392175622 ] ] } },
{ "type": "Feature", "properties": { "accuracy": null, "activity_confidence": null, "average_dip": null, "average_rake": null, "catalog_id": "GAF_299", "catalog_name": "HimaTibetMap", "dip_dir": null, "downthrown_side_dir": null, "downthrown_side_id": null, "epistemic_quality": null, "exposure_quality": "1", "fs_name": null, "last_movement": null, "lower_seis_depth": null, "name": null, "net_slip_rate": null, "notes": null, "reference": null, "shortening_rate": null, "slip_type": "Reverse", "strike_slip_rate": null, "upper_seis_depth": null, "vert_sep_rate": null }, "geometry": { "type": "LineString", "coordinates": [ [ 89.647802492616606, 36.371143936510933 ], [ 89.819807955059488, 36.257555423576953 ], [ 90.011285734005341, 36.234837720990157 ], [ 90.167064266029087, 36.228346948822498 ], [ 90.339069728471969, 36.212120018403361 ] ] } },
{ "type": "Feature", "properties": { "accuracy": null, "activity_confidence": null, "average_dip": null, "average_rake": null, "catalog_id": "GAF_300", "catalog_name": "HimaTibetMap", "dip_dir": null, "downthrown_side_dir": null, "downthrown_side_id": null, "epistemic_quality": null, "exposure_quality": "1", "fs_name": null, "last_movement": null, "lower_seis_depth": null, "name": null, "net_slip_rate": null, "notes": null, "reference": null, "shortening_rate": null, "slip_type": "Reverse", "strike_slip_rate": null, "upper_seis_depth": null, "vert_sep_rate": null }, "geometry": { "type": "LineString", "coordinates": [ [ 89.75953800412799, 36.873210093021093 ], [ 89.961521974040252, 36.777027250205734 ], [ 90.10900233302381, 36.725729734037536 ], [ 90.317398492457087, 36.684050502150882 ], [ 90.429611809075013, 36.661607838827294 ] ] } },
{ "type": "Feature", "properties": { "accuracy": null, "activity_confidence": null, "average_dip": null, "average_rake": null, "catalog_id": "GAF_301", "catalog_name": "HimaTibetMap", "dip_dir": null, "downthrown_side_dir": null, "downthrown_side_id": null, "epistemic_quality": null, "exposure_quality": "1", "fs_name": null, "last_movement": null, "lower_seis_depth": null, "name": null, "net_slip_rate": null, "notes": null, "reference": null, "shortening_rate": null, "slip_type": "Reverse", "strike_slip_rate": null, "upper_seis_depth": null, "vert_sep_rate": null }, "geometry": { "type": "LineString", "coordinates": [ [ 89.16961656819376, 36.902064945865703 ], [ 89.374806632866523, 36.777027250205734 ], [ 89.599233266102374, 36.67763831262986 ], [ 89.778774572691063, 36.597485943617052 ], [ 89.964728068800753, 36.530157953646302 ], [ 90.163505943952515, 36.488478721759641 ], [ 90.307780208175558, 36.424356826549399 ], [ 90.490527609524747, 36.40832635274684 ], [ 90.695717674197525, 36.35061664705762 ] ] } },
{ "type": "Feature", "properties": { "accuracy": null, "activity_confidence": null, "average_dip": null, "average_rake": null, "catalog_id": "GAF_302", "catalog_name": "HimaTibetMap", "dip_dir": null, "downthrown_side_dir": null, "downthrown_side_id": null, "epistemic_quality": null, "exposure_quality": "1", "fs_name": null, "last_movement": null, "lower_seis_depth": null, "name": null, "net_slip_rate": null, "notes": null, "reference": null, "shortening_rate": null, "slip_type": "Sinistral", "strike_slip_rate": null, "upper_seis_depth": null, "vert_sep_rate": null }, "geometry": { "type": "LineString", "coordinates": [ [ 84.374477170531222, 36.585306209183571 ], [ 84.522664965715904, 36.638230421749526 ], [ 84.604319465103373, 36.641254662467581 ], [ 84.695046686645014, 36.654863745698826 ], [ 84.812992074649145, 36.69569099539256 ], [ 84.911279897985935, 36.728957643291167 ], [ 85.088197979992131, 36.781881855857122 ], [ 85.236385775176814, 36.825733346268919 ], [ 85.361891764976079, 36.862024234885574 ], [ 85.549394689495472, 36.913436327092505 ] ] } },
{ "type": "Feature", "properties": { "accuracy": null, "activity_confidence": null, "average_dip": null, "average_rake": null, "catalog_id": "GAF_303", "catalog_name": "HimaTibetMap", "dip_dir": null, "downthrown_side_dir": null, "downthrown_side_id": null, "epistemic_quality": null, "exposure_quality": "1", "fs_name": null, "last_movement": null, "lower_seis_depth": null, "name": null, "net_slip_rate": null, "notes": null, "reference": null, "shortening_rate": null, "slip_type": "Sinistral", "strike_slip_rate": null, "upper_seis_depth": null, "vert_sep_rate": null }, "geometry": { "type": "LineString", "coordinates": [ [ 86.526927341125244, 37.622499687713201 ], [ 86.733662546461005, 37.629883087903764 ], [ 87.01054005360713, 37.604041187236795 ], [ 87.202508458561766, 37.574507586474539 ], [ 87.368634962849441, 37.563432486188695 ], [ 87.612287169138028, 37.581890986665101 ], [ 87.815330674378515, 37.637266488094326 ], [ 87.922389977141691, 37.64834158838017 ] ] } },
{ "type": "Feature", "properties": { "accuracy": null, "activity_confidence": null, "average_dip": null, "average_rake": null, "catalog_id": "GAF_304", "catalog_name": "HimaTibetMap", "dip_dir": null, "downthrown_side_dir": null, "downthrown_side_id": null, "epistemic_quality": null, "exposure_quality": "1", "fs_name": null, "last_movement": null, "lower_seis_depth": null, "name": null, "net_slip_rate": null, "notes": null, "reference": null, "shortening_rate": null, "slip_type": "Dextral", "strike_slip_rate": null, "upper_seis_depth": null, "vert_sep_rate": null }, "geometry": { "type": "LineString", "coordinates": [ [ 97.60393760797291, 27.692166771307289 ], [ 97.71809287826477, 27.509518338840312 ], [ 97.980649999936048, 27.349700960431711 ], [ 98.294576993238664, 27.132805946877177 ], [ 98.36307015541378, 26.887372115749677 ], [ 98.323115810811629, 26.579152885961658 ], [ 98.260330412151106, 26.459289852155205 ], [ 98.24891488512192, 26.270933656173636 ], [ 98.140467378344653, 25.945591135841834 ], [ 98.009188817509013, 25.745819412831082 ], [ 97.798001567469072, 25.517508872247362 ] ] } },
{ "type": "Feature", "properties": { "accuracy": null, "activity_confidence": null, "average_dip": null, "average_rake": null, "catalog_id": "GAF_305", "catalog_name": "HimaTibetMap", "dip_dir": null, "downthrown_side_dir": null, "downthrown_side_id": null, "epistemic_quality": null, "exposure_quality": "1", "fs_name": null, "last_movement": null, "lower_seis_depth": null, "name": null, "net_slip_rate": null, "notes": null, "reference": null, "shortening_rate": null, "slip_type": "Dextral", "strike_slip_rate": null, "upper_seis_depth": null, "vert_sep_rate": null }, "geometry": { "type": "LineString", "coordinates": [ [ 97.906449074246339, 25.514654990490079 ], [ 97.900741310731746, 25.297759976935549 ], [ 97.929280128304711, 25.109403780953979 ], [ 97.929280128304711, 24.898216530914038 ], [ 97.929280128304711, 24.721275861961654 ] ] } },
{ "type": "Feature", "properties": { "accuracy": null, "activity_confidence": null, "average_dip": null, "average_rake": null, "catalog_id": "GAF_306", "catalog_name": "HimaTibetMap", "dip_dir": null, "downthrown_side_dir": null, "downthrown_side_id": null, "epistemic_quality": null, "exposure_quality": "1", "fs_name": null, "last_movement": null, "lower_seis_depth": null, "name": null, "net_slip_rate": null, "notes": null, "reference": null, "shortening_rate": null, "slip_type": "Sinistral", "strike_slip_rate": null, "upper_seis_depth": null, "vert_sep_rate": null }, "geometry": { "type": "LineString", "coordinates": [ [ 96.656448864550484, 23.225841821138292 ], [ 96.89617493216339, 23.374243672517711 ], [ 97.02745349299903, 23.419905780634455 ], [ 97.124485472747097, 23.511229996867943 ], [ 97.227225216009771, 23.579723159043059 ], [ 97.392750357932968, 23.636800794188989 ], [ 97.575398790399944, 23.73383277393707 ], [ 97.695261824206398, 23.870819098287303 ], [ 97.849371439100409, 23.962143314520787 ], [ 97.912156837760932, 23.990682132093752 ] ] } },
{ "type": "Feature", "properties": { "accuracy": null, "activity_confidence": null, "average_dip": null, "average_rake": null, "catalog_id": "GAF_308", "catalog_name": "HimaTibetMap", "dip_dir": null, "downthrown_side_dir": null, "downthrown_side_id": null, "epistemic_quality": null, "exposure_quality": "1", "fs_name": null, "last_movement": null, "lower_seis_depth": null, "name": null, "net_slip_rate": null, "notes": null, "reference": null, "shortening_rate": null, "slip_type": "Sinistral", "strike_slip_rate": null, "upper_seis_depth": null, "vert_sep_rate": null }, "geometry": { "type": "LineString", "coordinates": [ [ 97.959257879192748, 24.062539138611715 ], [ 98.066657567590752, 24.095226000298066 ], [ 98.21141366934458, 24.109234655306501 ], [ 98.398195736123725, 24.132582413653893 ], [ 98.589647354572335, 24.141921516992852 ], [ 98.736738232160917, 24.153595396166548 ], [ 98.867485678906306, 24.183947482018159 ], [ 99.047263418181231, 24.260995084564552 ], [ 99.173341313257154, 24.340377462945685 ], [ 99.25739324330776, 24.438438048004734 ], [ 99.3484495008626, 24.534163857229043 ], [ 99.336775621688901, 24.655572200635483 ], [ 99.364792931705765, 24.751298009859791 ], [ 99.397479793392122, 24.863367249927276 ], [ 99.432501430913206, 24.928740973299973 ], [ 99.455849189260604, 25.031471110028498 ] ] } },
{ "type": "Feature", "properties": { "accuracy": null, "activity_confidence": null, "average_dip": null, "average_rake": null, "catalog_id": "GAF_309", "catalog_name": "HimaTibetMap", "dip_dir": null, "downthrown_side_dir": null, "downthrown_side_id": null, "epistemic_quality": null, "exposure_quality": "1", "fs_name": null, "last_movement": null, "lower_seis_depth": null, "name": null, "net_slip_rate": null, "notes": null, "reference": null, "shortening_rate": null, "slip_type": "Sinistral", "strike_slip_rate": null, "upper_seis_depth": null, "vert_sep_rate": null }, "geometry": { "type": "LineString", "coordinates": [ [ 96.644954192422176, 23.164525983175139 ], [ 96.846328608168434, 23.158689043588289 ], [ 96.983496688459368, 23.155770573794868 ], [ 97.214055802139868, 23.170362922761989 ], [ 97.342468473050531, 23.18787374152253 ], [ 97.526332070036247, 23.205384560283076 ], [ 97.675174029500866, 23.228732318630467 ], [ 97.835689868139198, 23.275427835325253 ], [ 97.978694888016975, 23.33087876140031 ], [ 98.185906243350075, 23.351308049954277 ], [ 98.384362189302919, 23.392166627062213 ], [ 98.559470376908351, 23.403840506235912 ], [ 98.757926322861195, 23.482639190658361 ], [ 98.982648496954837, 23.552682465700538 ], [ 99.207370671048494, 23.678176666817773 ], [ 99.394152737827639, 23.797833928348158 ], [ 99.566342455639656, 23.917491189878543 ] ] } },
{ "type": "Feature", "properties": { "accuracy": null, "activity_confidence": null, "average_dip": null, "average_rake": null, "catalog_id": "GAF_324", "catalog_name": "HimaTibetMap", "dip_dir": null, "downthrown_side_dir": null, "downthrown_side_id": null, "epistemic_quality": null, "exposure_quality": "1", "fs_name": null, "last_movement": null, "lower_seis_depth": null, "name": null, "net_slip_rate": null, "notes": null, "reference": null, "shortening_rate": null, "slip_type": "Reverse", "strike_slip_rate": null, "upper_seis_depth": null, "vert_sep_rate": null }, "geometry": { "type": "LineString", "coordinates": [ [ 94.491054580404665, 24.660156354112782 ], [ 94.39584056345285, 24.430055813145891 ], [ 94.237150535199817, 24.215824275004302 ], [ 94.102264011184744, 23.866706212847639 ], [ 94.086395008359446, 23.628671170468095 ], [ 94.054657002708836, 23.525522652103628 ] ] } },
{ "type": "Feature", "properties": { "accuracy": null, "activity_confidence": null, "average_dip": null, "average_rake": null, "catalog_id": "GAF_325", "catalog_name": "HimaTibetMap", "dip_dir": null, "downthrown_side_dir": null, "downthrown_side_id": null, "epistemic_quality": null, "exposure_quality": "1", "fs_name": null, "last_movement": null, "lower_seis_depth": null, "name": null, "net_slip_rate": null, "notes": null, "reference": null, "shortening_rate": null, "slip_type": "Reverse", "strike_slip_rate": null, "upper_seis_depth": null, "vert_sep_rate": null }, "geometry": { "type": "LineString", "coordinates": [ [ 94.030853498470876, 20.986482200055164 ], [ 94.070526005534134, 21.327665760799174 ], [ 94.062591504121485, 21.533962797528115 ], [ 93.903901475868466, 21.724390831431748 ], [ 93.888032473043154, 21.883080859684778 ], [ 93.903901475868466, 22.057639890763109 ], [ 93.94357398293171, 22.295674933142653 ], [ 93.959442985757022, 22.565447981172802 ], [ 93.967377487169671, 22.732072510838481 ], [ 93.903901475868466, 23.033583564519237 ] ] } },
{ "type": "Feature", "properties": { "accuracy": null, "activity_confidence": null, "average_dip": null, "average_rake": null, "catalog_id": "GAF_336", "catalog_name": "HimaTibetMap", "dip_dir": null, "downthrown_side_dir": null, "downthrown_side_id": null, "epistemic_quality": null, "exposure_quality": "1", "fs_name": null, "last_movement": null, "lower_seis_depth": null, "name": null, "net_slip_rate": null, "notes": null, "reference": null, "shortening_rate": null, "slip_type": "Reverse", "strike_slip_rate": null, "upper_seis_depth": null, "vert_sep_rate": null }, "geometry": { "type": "LineString", "coordinates": [ [ 98.672079030818736, 35.074376860656734 ], [ 98.128014947554192, 35.2287734248264 ], [ 97.738347428459306, 35.339056684947593 ], [ 97.363384344047248, 35.464044379751613 ], [ 97.223692214560401, 35.486101031775853 ] ] } },
{ "type": "Feature", "properties": { "accuracy": null, "activity_confidence": null, "average_dip": null, "average_rake": null, "catalog_id": "GAF_338", "catalog_name": "HimaTibetMap", "dip_dir": null, "downthrown_side_dir": null, "downthrown_side_id": null, "epistemic_quality": null, "exposure_quality": "1", "fs_name": "Kongur Shan", "last_movement": null, "lower_seis_depth": null, "name": null, "net_slip_rate": null, "notes": null, "reference": "Avouac and Peltzer, 1993; Robinson, et al., 2004b; Schoenbohm et al., 2011", "shortening_rate": "(5.75,5.,6.5)", "slip_type": "Normal", "strike_slip_rate": null, "upper_seis_depth": null, "vert_sep_rate": null }, "geometry": { "type": "LineString", "coordinates": [ [ 75.15530221931256, 37.868718672817991 ], [ 75.197809482265569, 37.992376165044924 ], [ 75.219063113742081, 38.029086983049794 ], [ 75.211334520477891, 38.069662097686752 ], [ 75.159166515944662, 38.1179658055879 ], [ 75.083812731618863, 38.145015882012537 ], [ 75.000730354028903, 38.168201661805092 ], [ 74.952426646127748, 38.212641073074145 ], [ 74.93890160791544, 38.266741225923425 ], [ 74.960155239391938, 38.328569972036895 ], [ 75.020051837189357, 38.390398718150358 ], [ 75.043237616981912, 38.423245239523141 ], [ 75.050966210246088, 38.473481095740333 ], [ 75.008458947293079, 38.616460071127719 ], [ 74.981408870868435, 38.682153113873277 ], [ 74.994933909080757, 38.734321118406513 ], [ 75.023916133821444, 38.7884212712558 ], [ 75.006526798977035, 38.836724979156941 ], [ 74.964019536024026, 38.890825132006228 ], [ 74.853887082009422, 38.917875208430864 ], [ 74.784329742631769, 38.919807356746915 ], [ 74.701247365041795, 38.94106098822342 ], [ 74.65101150882461, 38.968111064648056 ], [ 74.604639949239512, 39.012550475917109 ], [ 74.571793427866723, 39.082107815294762 ], [ 74.577589872814869, 39.128479374879859 ], [ 74.614300690819732, 39.161325896252642 ] ] } },
{ "type": "Feature", "properties": { "accuracy": null, "activity_confidence": null, "average_dip": null, "average_rake": null, "catalog_id": "GAF_339", "catalog_name": "HimaTibetMap", "dip_dir": null, "downthrown_side_dir": null, "downthrown_side_id": null, "epistemic_quality": null, "exposure_quality": "1", "fs_name": "Kongur Shan", "last_movement": null, "lower_seis_depth": null, "name": null, "net_slip_rate": null, "notes": null, "reference": "Avouac and Peltzer, 1993; Robinson, et al., 2004b", "shortening_rate": null, "slip_type": "Normal", "strike_slip_rate": null, "upper_seis_depth": null, "vert_sep_rate": null }, "geometry": { "type": "LineString", "coordinates": [ [ 75.139346900796468, 37.826468023313197 ], [ 75.207273990032462, 37.690613844841224 ], [ 75.301617169526878, 37.460416486874827 ], [ 75.380865440302202, 37.309467399683747 ] ] } },
{ "type": "Feature", "properties": { "accuracy": null, "activity_confidence": null, "average_dip": null, "average_rake": null, "catalog_id": "GAF_340", "catalog_name": "HimaTibetMap", "dip_dir": null, "downthrown_side_dir": null, "downthrown_side_id": null, "epistemic_quality": null, "exposure_quality": "1", "fs_name": "Gurla Mandhata detachment", "last_movement": null, "lower_seis_depth": null, "name": null, "net_slip_rate": null, "notes": null, "reference": "Murphy, et al., 2002", "shortening_rate": null, "slip_type": "Normal", "strike_slip_rate": null, "upper_seis_depth": null, "vert_sep_rate": null }, "geometry": { "type": "LineString", "coordinates": [ [ 81.459615674079686, 30.547349131866813 ], [ 81.482458499735657, 30.560674113499463 ], [ 81.508156678598624, 30.585420507960098 ], [ 81.54432448588723, 30.611118686823065 ], [ 81.572878017957194, 30.633009728076704 ], [ 81.583680770923706, 30.654139341808488 ], [ 81.613424033496585, 30.699943966170729 ], [ 81.613424033496585, 30.730282093995068 ], [ 81.644951891823851, 30.757051030310659 ] ] } },
{ "type": "Feature", "properties": { "accuracy": null, "activity_confidence": null, "average_dip": null, "average_rake": null, "catalog_id": "GAF_441", "catalog_name": "HimaTibetMap", "dip_dir": null, "downthrown_side_dir": null, "downthrown_side_id": null, "epistemic_quality": null, "exposure_quality": "1", "fs_name": "Chaman Fault", "last_movement": null, "lower_seis_depth": null, "name": null, "net_slip_rate": null, "notes": null, "reference": "Szeliga et al., 2012; Barnhart, 2017; Fattahi and Amelung, 2016; Mohadjer, et al., 2010", "shortening_rate": null, "slip_type": "Sinistral", "strike_slip_rate": "None", "upper_seis_depth": null, "vert_sep_rate": null }, "geometry": { "type": "LineString", "coordinates": [ [ 66.135256410247607, 30.243087622788142 ], [ 66.295046360291636, 30.467792240037557 ], [ 66.439856002519036, 30.702483729164726 ], [ 66.569685336929808, 30.927188346414145 ], [ 66.634600004135194, 31.166873271480188 ], [ 66.719488415096095, 31.416545068423986 ], [ 66.874284929201238, 31.686190609123283 ], [ 67.074022366756282, 31.935862406067081 ], [ 67.263772932433568, 32.125612971744367 ], [ 67.69820185911577, 32.639936873448583 ], [ 68.0876898623481, 33.024431440742035 ], [ 68.217519196758872, 33.279096673624707 ], [ 68.402276326497272, 33.508794726813001 ], [ 68.45221068588603, 33.628637189346023 ] ] } },
{ "type": "Feature", "properties": { "accuracy": null, "activity_confidence": null, "average_dip": null, "average_rake": null, "catalog_id": "GAF_477", "catalog_name": "HimaTibetMap", "dip_dir": null, "downthrown_side_dir": null, "downthrown_side_id": null, "epistemic_quality": null, "exposure_quality": "1", "fs_name": "Makran Thrust Belt", "last_movement": null, "lower_seis_depth": null, "name": null, "net_slip_rate": null, "notes": null, "reference": "Molnar and Tapponnier, 1975", "shortening_rate": null, "slip_type": "Anticline", "strike_slip_rate": null, "upper_seis_depth": null, "vert_sep_rate": null }, "geometry": { "type": "LineString", "coordinates": [ [ 68.431576436136638, 29.08504061105775 ], [ 68.720643288654131, 28.940507184799003 ], [ 68.902881086980372, 28.915370936754005 ], [ 69.022278265194117, 28.953075308821504 ], [ 69.223368249554113, 28.946791246810253 ], [ 69.418174171902848, 28.959359370832754 ], [ 69.568991660172856, 29.053620301001502 ] ] } },
{ "type": "Feature", "properties": { "accuracy": null, "activity_confidence": null, "average_dip": null, "average_rake": null, "catalog_id": "GAF_478", "catalog_name": "HimaTibetMap", "dip_dir": null, "downthrown_side_dir": null, "downthrown_side_id": null, "epistemic_quality": null, "exposure_quality": "1", "fs_name": "Makran Thrust Belt", "last_movement": null, "lower_seis_depth": null, "name": null, "net_slip_rate": null, "notes": null, "reference": "Molnar and Tapponnier, 1975", "shortening_rate": null, "slip_type": "Anticline", "strike_slip_rate": null, "upper_seis_depth": null, "vert_sep_rate": null }, "geometry": { "type": "LineString", "coordinates": [ [ 68.337315505967879, 29.286130595417745 ], [ 68.55725767636163, 29.248426223350247 ], [ 68.708075164631623, 29.260994347372744 ], [ 68.909165148991619, 29.198153727260248 ], [ 69.129107319385369, 29.160449355192746 ], [ 69.305061055700364, 29.166733417203996 ], [ 69.437026357936602, 29.242142161338997 ] ] } },
{ "type": "Feature", "properties": { "accuracy": null, "activity_confidence": null, "average_dip": null, "average_rake": null, "catalog_id": "GAF_479", "catalog_name": "HimaTibetMap", "dip_dir": null, "downthrown_side_dir": null, "downthrown_side_id": null, "epistemic_quality": null, "exposure_quality": "1", "fs_name": "Makran Thrust Belt", "last_movement": null, "lower_seis_depth": null, "name": null, "net_slip_rate": null, "notes": null, "reference": "Molnar and Tapponnier, 1975", "shortening_rate": null, "slip_type": "Anticline", "strike_slip_rate": null, "upper_seis_depth": null, "vert_sep_rate": null }, "geometry": { "type": "LineString", "coordinates": [ [ 69.883194760735336, 29.46836839374399 ], [ 69.964887566881586, 29.656890254081485 ], [ 69.990023814926587, 29.732298998216482 ] ] } },
{ "type": "Feature", "properties": { "accuracy": null, "activity_confidence": null, "average_dip": null, "average_rake": null, "catalog_id": "GAF_480", "catalog_name": "HimaTibetMap", "dip_dir": null, "downthrown_side_dir": null, "downthrown_side_id": null, "epistemic_quality": null, "exposure_quality": "1", "fs_name": "Makran Thrust Belt", "last_movement": null, "lower_seis_depth": null, "name": null, "net_slip_rate": null, "notes": null, "reference": "Molnar and Tapponnier, 1975", "shortening_rate": null, "slip_type": "Anticline", "strike_slip_rate": null, "upper_seis_depth": null, "vert_sep_rate": null }, "geometry": { "type": "LineString", "coordinates": [ [ 69.550139474139101, 29.562629323912738 ], [ 69.895762884757843, 29.788855556317731 ], [ 70.052864435039083, 29.996229602688974 ], [ 70.103136931129086, 30.228739897105218 ], [ 70.153409427219088, 30.436113943476464 ] ] } },
{ "type": "Feature", "properties": { "accuracy": null, "activity_confidence": null, "average_dip": null, "average_rake": null, "catalog_id": "GAF_481", "catalog_name": "HimaTibetMap", "dip_dir": null, "downthrown_side_dir": null, "downthrown_side_id": null, "epistemic_quality": null, "exposure_quality": "1", "fs_name": "Makran Thrust Belt", "last_movement": null, "lower_seis_depth": null, "name": null, "net_slip_rate": null, "notes": null, "reference": "Molnar and Tapponnier, 1975", "shortening_rate": null, "slip_type": "Anticline", "strike_slip_rate": null, "upper_seis_depth": null, "vert_sep_rate": null }, "geometry": { "type": "LineString", "coordinates": [ [ 68.305895195911631, 29.556345261901487 ], [ 68.494417056249134, 29.568913385923988 ], [ 68.670370792564128, 29.562629323912738 ], [ 68.890312962957864, 29.493504641788988 ], [ 68.965721707092868, 29.493504641788988 ] ] } },
{ "type": "Feature", "properties": { "accuracy": null, "activity_confidence": null, "average_dip": null, "average_rake": null, "catalog_id": "GAF_482", "catalog_name": "HimaTibetMap", "dip_dir": null, "downthrown_side_dir": null, "downthrown_side_id": null, "epistemic_quality": null, "exposure_quality": "1", "fs_name": "Makran Thrust Belt", "last_movement": null, "lower_seis_depth": null, "name": null, "net_slip_rate": null, "notes": null, "reference": "Molnar and Tapponnier, 1975", "shortening_rate": null, "slip_type": "Anticline", "strike_slip_rate": null, "upper_seis_depth": null, "vert_sep_rate": null }, "geometry": { "type": "LineString", "coordinates": [ [ 67.551807754561651, 29.776287432295231 ], [ 67.778033986966648, 29.776287432295231 ], [ 67.90371522719164, 29.782571494306481 ], [ 68.136225521607884, 29.713446812182731 ] ] } },
{ "type": "Feature", "properties": { "accuracy": null, "activity_confidence": null, "average_dip": null, "average_rake": null, "catalog_id": "GAF_494", "catalog_name": "HimaTibetMap", "dip_dir": null, "downthrown_side_dir": null, "downthrown_side_id": null, "epistemic_quality": null, "exposure_quality": "1", "fs_name": "Makran Thrust Belt", "last_movement": null, "lower_seis_depth": null, "name": null, "net_slip_rate": null, "notes": null, "reference": "Molnar and Tapponnier, 1975", "shortening_rate": null, "slip_type": "Anticline", "strike_slip_rate": null, "upper_seis_depth": null, "vert_sep_rate": null }, "geometry": { "type": "LineString", "coordinates": [ [ 68.362451754012881, 30.065354284812724 ], [ 68.55725767636163, 30.071638346823974 ], [ 68.701791102620376, 30.077922408835221 ] ] } },
{ "type": "Feature", "properties": { "accuracy": null, "activity_confidence": null, "average_dip": null, "average_rake": null, "catalog_id": "GAF_495", "catalog_name": "HimaTibetMap", "dip_dir": null, "downthrown_side_dir": null, "downthrown_side_id": null, "epistemic_quality": null, "exposure_quality": "1", "fs_name": "Makran Thrust Belt", "last_movement": null, "lower_seis_depth": null, "name": null, "net_slip_rate": null, "notes": null, "reference": "Molnar and Tapponnier, 1975", "shortening_rate": null, "slip_type": "Anticline", "strike_slip_rate": null, "upper_seis_depth": null, "vert_sep_rate": null }, "geometry": { "type": "LineString", "coordinates": [ [ 68.40015612608039, 29.964809292632726 ], [ 68.695507040609129, 29.920820858553977 ], [ 68.915449211002866, 29.964809292632726 ], [ 69.085118885306613, 29.977377416655226 ], [ 69.36790167581286, 30.071638346823974 ], [ 69.5250032260941, 30.222455835093967 ] ] } },
{ "type": "Feature", "properties": { "accuracy": null, "activity_confidence": null, "average_dip": null, "average_rake": null, "catalog_id": "GAF_497", "catalog_name": "HimaTibetMap", "dip_dir": null, "downthrown_side_dir": null, "downthrown_side_id": null, "epistemic_quality": null, "exposure_quality": "1", "fs_name": "Makran Thrust Belt", "last_movement": null, "lower_seis_depth": null, "name": null, "net_slip_rate": null, "notes": null, "reference": "Molnar and Tapponnier, 1975", "shortening_rate": null, "slip_type": "Anticline", "strike_slip_rate": null, "upper_seis_depth": null, "vert_sep_rate": null }, "geometry": { "type": "LineString", "coordinates": [ [ 66.973674049526679, 30.894850470297701 ], [ 67.539239630539157, 30.989111400466449 ], [ 67.953987723281642, 30.970259214432698 ], [ 68.111089273562897, 30.970259214432698 ] ] } },
{ "type": "Feature", "properties": { "accuracy": null, "activity_confidence": null, "average_dip": null, "average_rake": null, "catalog_id": "GAF_498", "catalog_name": "HimaTibetMap", "dip_dir": null, "downthrown_side_dir": null, "downthrown_side_id": null, "epistemic_quality": null, "exposure_quality": "1", "fs_name": "Makran Thrust Belt", "last_movement": null, "lower_seis_depth": null, "name": null, "net_slip_rate": null, "notes": null, "reference": "Molnar and Tapponnier, 1975", "shortening_rate": null, "slip_type": "Anticline", "strike_slip_rate": null, "upper_seis_depth": null, "vert_sep_rate": null }, "geometry": { "type": "LineString", "coordinates": [ [ 68.186498017697886, 31.051952020578945 ], [ 68.469280808204132, 31.020531710522697 ], [ 68.777199846755366, 31.014247648511446 ], [ 68.959437645081621, 31.133644826725192 ], [ 69.135391381396616, 31.435279803265185 ] ] } },
{ "type": "Feature", "properties": { "accuracy": null, "activity_confidence": null, "average_dip": null, "average_rake": null, "catalog_id": "GAF_499", "catalog_name": "HimaTibetMap", "dip_dir": null, "downthrown_side_dir": null, "downthrown_side_id": null, "epistemic_quality": null, "exposure_quality": "1", "fs_name": "Makran Thrust Belt", "last_movement": null, "lower_seis_depth": null, "name": null, "net_slip_rate": null, "notes": null, "reference": "Molnar and Tapponnier, 1975", "shortening_rate": null, "slip_type": "Anticline", "strike_slip_rate": null, "upper_seis_depth": null, "vert_sep_rate": null }, "geometry": { "type": "LineString", "coordinates": [ [ 68.148793645630391, 31.133644826725192 ], [ 68.550973614350383, 31.23418981890519 ], [ 68.814904218822875, 31.265610128961438 ], [ 69.09140294731786, 31.560961043490181 ], [ 69.179379815475357, 31.755766965838927 ] ] } },
{ "type": "Feature", "properties": { "accuracy": null, "activity_confidence": null, "average_dip": null, "average_rake": null, "catalog_id": "GAF_501", "catalog_name": "HimaTibetMap", "dip_dir": null, "downthrown_side_dir": null, "downthrown_side_id": null, "epistemic_quality": null, "exposure_quality": "1", "fs_name": "Makran Thrust Belt", "last_movement": null, "lower_seis_depth": null, "name": null, "net_slip_rate": null, "notes": null, "reference": "Molnar and Tapponnier, 1975", "shortening_rate": null, "slip_type": "Anticline", "strike_slip_rate": null, "upper_seis_depth": null, "vert_sep_rate": null }, "geometry": { "type": "LineString", "coordinates": [ [ 68.613814234462879, 29.751151184250233 ], [ 68.846324528879123, 29.807707742351479 ], [ 69.047414513239119, 29.776287432295231 ], [ 69.204516063520359, 29.83284399039648 ], [ 69.273640745644101, 29.883116486486479 ], [ 69.512435102071606, 29.971093354643976 ], [ 69.556423536150348, 30.033933974756472 ] ] } },
{ "type": "Feature", "properties": { "accuracy": null, "activity_confidence": null, "average_dip": null, "average_rake": null, "catalog_id": "GAF_502", "catalog_name": "HimaTibetMap", "dip_dir": null, "downthrown_side_dir": null, "downthrown_side_id": null, "epistemic_quality": null, "exposure_quality": "1", "fs_name": "Makran Thrust Belt", "last_movement": null, "lower_seis_depth": null, "name": null, "net_slip_rate": null, "notes": null, "reference": "Molnar and Tapponnier, 1975", "shortening_rate": null, "slip_type": "Anticline", "strike_slip_rate": null, "upper_seis_depth": null, "vert_sep_rate": null }, "geometry": { "type": "LineString", "coordinates": [ [ 69.173095753464111, 29.418095897653991 ], [ 69.374185737824106, 29.531209013856486 ], [ 69.437026357936602, 29.575197447935235 ] ] } },
{ "type": "Feature", "properties": { "accuracy": null, "activity_confidence": null, "average_dip": null, "average_rake": null, "catalog_id": "GAF_503", "catalog_name": "HimaTibetMap", "dip_dir": null, "downthrown_side_dir": null, "downthrown_side_id": null, "epistemic_quality": null, "exposure_quality": "1", "fs_name": "Makran Thrust Belt", "last_movement": null, "lower_seis_depth": null, "name": null, "net_slip_rate": null, "notes": null, "reference": "Molnar and Tapponnier, 1975", "shortening_rate": null, "slip_type": "Anticline", "strike_slip_rate": null, "upper_seis_depth": null, "vert_sep_rate": null }, "geometry": { "type": "LineString", "coordinates": [ [ 69.418174171902848, 29.380391525586493 ], [ 69.568991660172856, 29.418095897653991 ], [ 69.6632525903416, 29.474652455755241 ] ] } },
{ "type": "Feature", "properties": { "accuracy": null, "activity_confidence": null, "average_dip": null, "average_rake": null, "catalog_id": "GAF_504", "catalog_name": "HimaTibetMap", "dip_dir": null, "downthrown_side_dir": null, "downthrown_side_id": null, "epistemic_quality": null, "exposure_quality": "1", "fs_name": "Makran Thrust Belt", "last_movement": null, "lower_seis_depth": null, "name": null, "net_slip_rate": null, "notes": null, "reference": "Molnar and Tapponnier, 1975", "shortening_rate": null, "slip_type": "Anticline", "strike_slip_rate": null, "upper_seis_depth": null, "vert_sep_rate": null }, "geometry": { "type": "LineString", "coordinates": [ [ 69.920899132802845, 31.780903213883924 ], [ 69.914615070791584, 31.535824795445183 ], [ 69.757513520510344, 31.341018873096438 ] ] } },
{ "type": "Feature", "properties": { "accuracy": null, "activity_confidence": null, "average_dip": null, "average_rake": null, "catalog_id": "GAF_505", "catalog_name": "HimaTibetMap", "dip_dir": null, "downthrown_side_dir": null, "downthrown_side_id": null, "epistemic_quality": null, "exposure_quality": "1", "fs_name": "Makran Thrust Belt", "last_movement": null, "lower_seis_depth": null, "name": null, "net_slip_rate": null, "notes": null, "reference": "Molnar and Tapponnier, 1975", "shortening_rate": null, "slip_type": "Anticline", "strike_slip_rate": null, "upper_seis_depth": null, "vert_sep_rate": null }, "geometry": { "type": "LineString", "coordinates": [ [ 70.008876000960342, 31.454131989298933 ], [ 70.015160062971589, 31.30959856304019 ], [ 69.977455690904094, 31.133644826725192 ] ] } },
{ "type": "Feature", "properties": { "accuracy": null, "activity_confidence": null, "average_dip": null, "average_rake": null, "catalog_id": "GAF_506", "catalog_name": "HimaTibetMap", "dip_dir": null, "downthrown_side_dir": null, "downthrown_side_id": null, "epistemic_quality": null, "exposure_quality": "1", "fs_name": "Makran Thrust Belt", "last_movement": null, "lower_seis_depth": null, "name": null, "net_slip_rate": null, "notes": null, "reference": "Molnar and Tapponnier, 1975", "shortening_rate": null, "slip_type": "Anticline", "strike_slip_rate": null, "upper_seis_depth": null, "vert_sep_rate": null }, "geometry": { "type": "LineString", "coordinates": [ [ 70.103136931129086, 31.102224516668944 ], [ 70.04029631101659, 30.894850470297701 ], [ 69.933467256825338, 30.712612671971456 ] ] } },
{ "type": "Feature", "properties": { "accuracy": null, "activity_confidence": null, "average_dip": null, "average_rake": null, "catalog_id": "GAF_507", "catalog_name": "HimaTibetMap", "dip_dir": null, "downthrown_side_dir": null, "downthrown_side_id": null, "epistemic_quality": null, "exposure_quality": "1", "fs_name": "Makran Thrust Belt", "last_movement": null, "lower_seis_depth": null, "name": null, "net_slip_rate": null, "notes": null, "reference": "Molnar and Tapponnier, 1975", "shortening_rate": null, "slip_type": "Anticline", "strike_slip_rate": null, "upper_seis_depth": null, "vert_sep_rate": null }, "geometry": { "type": "LineString", "coordinates": [ [ 69.946035380847846, 30.404693633420212 ], [ 69.996307876937834, 30.693760485937705 ], [ 70.128273179174087, 30.894850470297701 ] ] } },
{ "type": "Feature", "properties": { "accuracy": null, "activity_confidence": null, "average_dip": null, "average_rake": null, "catalog_id": "GAF_516", "catalog_name": "HimaTibetMap", "dip_dir": null, "downthrown_side_dir": null, "downthrown_side_id": null, "epistemic_quality": null, "exposure_quality": "1", "fs_name": "Makran Thrust Belt", "last_movement": null, "lower_seis_depth": null, "name": null, "net_slip_rate": null, "notes": null, "reference": "Molnar and Tapponnier, 1975", "shortening_rate": null, "slip_type": "Anticline", "strike_slip_rate": null, "upper_seis_depth": null, "vert_sep_rate": null }, "geometry": { "type": "LineString", "coordinates": [ [ 69.411890109891587, 29.672600409109613 ], [ 69.669536652352832, 29.854838207435858 ], [ 69.832922264645333, 30.049644129784603 ], [ 69.92089913280283, 30.175325370009599 ] ] } },
{ "type": "Feature", "properties": { "accuracy": null, "activity_confidence": null, "average_dip": null, "average_rake": null, "catalog_id": "GAF_517", "catalog_name": "HimaTibetMap", "dip_dir": null, "downthrown_side_dir": null, "downthrown_side_id": null, "epistemic_quality": null, "exposure_quality": "1", "fs_name": "Makran Thrust Belt", "last_movement": null, "lower_seis_depth": null, "name": null, "net_slip_rate": null, "notes": null, "reference": "Molnar and Tapponnier, 1975", "shortening_rate": null, "slip_type": "Anticline", "strike_slip_rate": null, "upper_seis_depth": null, "vert_sep_rate": null }, "geometry": { "type": "LineString", "coordinates": [ [ 69.047414513239104, 30.357563168335844 ], [ 69.261072621621594, 30.432971912470844 ], [ 69.399321985869094, 30.520948780628341 ] ] } },
{ "type": "Feature", "properties": { "accuracy": null, "activity_confidence": null, "average_dip": null, "average_rake": null, "catalog_id": "GAF_518", "catalog_name": "HimaTibetMap", "dip_dir": null, "downthrown_side_dir": null, "downthrown_side_id": null, "epistemic_quality": null, "exposure_quality": "1", "fs_name": "Makran Thrust Belt", "last_movement": null, "lower_seis_depth": null, "name": null, "net_slip_rate": null, "notes": null, "reference": "Molnar and Tapponnier, 1975", "shortening_rate": null, "slip_type": "Anticline", "strike_slip_rate": null, "upper_seis_depth": null, "vert_sep_rate": null }, "geometry": { "type": "LineString", "coordinates": [ [ 69.078834823295352, 30.520948780628341 ], [ 69.2485044975991, 30.602641586774588 ], [ 69.336481365756597, 30.690618454932086 ] ] } },
{ "type": "Feature", "properties": { "accuracy": null, "activity_confidence": null, "average_dip": null, "average_rake": null, "catalog_id": "GAF_519", "catalog_name": "HimaTibetMap", "dip_dir": null, "downthrown_side_dir": null, "downthrown_side_id": null, "epistemic_quality": null, "exposure_quality": "1", "fs_name": "Makran Thrust Belt", "last_movement": null, "lower_seis_depth": null, "name": null, "net_slip_rate": null, "notes": null, "reference": "Molnar and Tapponnier, 1975", "shortening_rate": null, "slip_type": "Reverse", "strike_slip_rate": null, "upper_seis_depth": null, "vert_sep_rate": null }, "geometry": { "type": "LineString", "coordinates": [ [ 67.597020710567165, 24.983372319897057 ], [ 67.851100623238239, 25.252398109784078 ], [ 67.940775886533913, 25.439221574983396 ], [ 67.940775886533913, 25.685828549046498 ], [ 67.933302947925952, 25.910016707285681 ], [ 67.903411193494051, 26.096840172484999 ], [ 67.70164185107879, 26.268717760468373 ], [ 67.529764263095416, 26.350920085156076 ], [ 67.372832552327992, 26.455541225667695 ], [ 67.283157289032317, 26.679729383906878 ], [ 67.342940797896091, 26.933809296577952 ], [ 67.342940797896091, 27.15052451620916 ], [ 67.357886675112042, 27.427023244704152 ], [ 67.507345447271504, 27.651211402943336 ], [ 67.484926631447578, 27.875399561182519 ], [ 67.380305490935967, 28.219154737149267 ], [ 67.380305490935967, 28.361140570700751 ], [ 67.320521982072179, 28.510599342860207 ], [ 67.298103166248254, 28.682476930843578 ], [ 67.380305490935967, 28.84688158021898 ], [ 67.469980754231628, 29.026232106810326 ], [ 67.469980754231628, 29.145799124537891 ], [ 67.544710140311366, 29.474608423288693 ], [ 67.791317114374465, 29.661431888488011 ], [ 67.993086456789726, 29.698796581527876 ], [ 68.194855799204987, 29.571756625192339 ], [ 68.239693430852824, 29.392406098600993 ], [ 68.314422816932563, 29.153272063145863 ], [ 68.478827466307962, 29.003813290986407 ] ] } },
{ "type": "Feature", "properties": { "accuracy": null, "activity_confidence": null, "average_dip": null, "average_rake": null, "catalog_id": "GAF_520", "catalog_name": "HimaTibetMap", "dip_dir": null, "downthrown_side_dir": null, "downthrown_side_id": null, "epistemic_quality": null, "exposure_quality": "1", "fs_name": "Makran Thrust Belt", "last_movement": null, "lower_seis_depth": null, "name": null, "net_slip_rate": null, "notes": null, "reference": "Molnar and Tapponnier, 1975", "shortening_rate": null, "slip_type": "Reverse", "strike_slip_rate": null, "upper_seis_depth": null, "vert_sep_rate": null }, "geometry": { "type": "LineString", "coordinates": [ [ 68.949622598610247, 28.719841623883443 ], [ 69.308323651792932, 28.555436974508041 ], [ 69.554930625856031, 28.570382851723988 ], [ 69.779118784095218, 28.749733378315334 ], [ 69.786591722703193, 28.921610966298708 ] ] } },
{ "type": "Feature", "properties": { "accuracy": null, "activity_confidence": null, "average_dip": null, "average_rake": null, "catalog_id": "GAF_521", "catalog_name": "HimaTibetMap", "dip_dir": null, "downthrown_side_dir": null, "downthrown_side_id": null, "epistemic_quality": null, "exposure_quality": "1", "fs_name": "Makran Thrust Belt", "last_movement": null, "lower_seis_depth": null, "name": null, "net_slip_rate": null, "notes": null, "reference": "Molnar and Tapponnier, 1975", "shortening_rate": null, "slip_type": "Reverse", "strike_slip_rate": null, "upper_seis_depth": null, "vert_sep_rate": null }, "geometry": { "type": "LineString", "coordinates": [ [ 70.01077988094238, 28.981394475162489 ], [ 70.190130407533729, 29.190636756185729 ], [ 70.212549223357641, 29.362514344169099 ] ] } },
{ "type": "Feature", "properties": { "accuracy": null, "activity_confidence": null, "average_dip": null, "average_rake": null, "catalog_id": "GAF_522", "catalog_name": "HimaTibetMap", "dip_dir": null, "downthrown_side_dir": null, "downthrown_side_id": null, "epistemic_quality": null, "exposure_quality": "1", "fs_name": "Makran Thrust Belt", "last_movement": null, "lower_seis_depth": null, "name": null, "net_slip_rate": null, "notes": null, "reference": "Molnar and Tapponnier, 1975", "shortening_rate": null, "slip_type": "Reverse", "strike_slip_rate": null, "upper_seis_depth": null, "vert_sep_rate": null }, "geometry": { "type": "LineString", "coordinates": [ [ 69.891212863214818, 29.100961492890054 ], [ 70.033198696766291, 29.377460221385046 ], [ 70.167711591709804, 29.825836537863413 ], [ 70.332116241085203, 30.057497634710568 ], [ 70.496520890460602, 30.326523424597589 ], [ 70.503993829068577, 30.580603337268663 ], [ 70.444210320204803, 30.834683249939737 ], [ 70.436737381596828, 31.036452592355001 ], [ 70.414318565772902, 31.245694873378238 ], [ 70.354535056909128, 31.365261891105803 ] ] } },
{ "type": "Feature", "properties": { "accuracy": null, "activity_confidence": null, "average_dip": null, "average_rake": null, "catalog_id": "GAF_523", "catalog_name": "HimaTibetMap", "dip_dir": null, "downthrown_side_dir": null, "downthrown_side_id": null, "epistemic_quality": null, "exposure_quality": "1", "fs_name": "Salt Range Frontal Fault", "last_movement": null, "lower_seis_depth": null, "name": null, "net_slip_rate": null, "notes": null, "reference": "Khan et al., 2007; Meigs et al., 2012; Pennock et al., 1989; Mohadjer (2017)", "shortening_rate": "(7,4,13)", "slip_type": "Reverse", "strike_slip_rate": null, "upper_seis_depth": null, "vert_sep_rate": null }, "geometry": { "type": "LineString", "coordinates": [ [ 71.528201371938479, 33.192728350073594 ], [ 71.564735738466339, 32.936987784378523 ], [ 71.637804471522074, 32.72143502186411 ], [ 71.703566331272228, 32.637405978850019 ], [ 71.831436614119767, 32.498575386044124 ], [ 72.021415320064676, 32.410892906377242 ], [ 72.182166532787292, 32.403586033071669 ], [ 72.331957435551544, 32.505882259349697 ], [ 72.456174281746286, 32.546070062530355 ], [ 72.576737691288244, 32.597218175669362 ], [ 72.71922172074693, 32.644712852155592 ], [ 72.774023270538734, 32.666633472072313 ], [ 72.97130884978921, 32.648366288808376 ], [ 73.135713499164609, 32.717781585211327 ], [ 73.238009725442637, 32.728741895169684 ], [ 73.365880008290176, 32.684900655336243 ], [ 73.406067811470834, 32.684900655336243 ] ] } },
{ "type": "Feature", "properties": { "accuracy": null, "activity_confidence": null, "average_dip": null, "average_rake": null, "catalog_id": "GAF_524", "catalog_name": "HimaTibetMap", "dip_dir": null, "downthrown_side_dir": null, "downthrown_side_id": null, "epistemic_quality": null, "exposure_quality": "1", "fs_name": null, "last_movement": null, "lower_seis_depth": null, "name": null, "net_slip_rate": null, "notes": null, "reference": null, "shortening_rate": null, "slip_type": "Anticline", "strike_slip_rate": null, "upper_seis_depth": null, "vert_sep_rate": null }, "geometry": { "type": "LineString", "coordinates": [ [ 70.874236211089652, 32.224567637085123 ], [ 70.991146183978827, 32.217260763779549 ], [ 71.097095846909639, 32.26110200361299 ], [ 71.126323340131933, 32.308596680099214 ], [ 71.162857706659807, 32.370705103196592 ], [ 71.224966129757178, 32.440120399599536 ], [ 71.290727989507332, 32.487615076085767 ], [ 71.298034862812912, 32.557030372488711 ] ] } },
{ "type": "Feature", "properties": { "accuracy": null, "activity_confidence": null, "average_dip": null, "average_rake": null, "catalog_id": "GAF_525", "catalog_name": "HimaTibetMap", "dip_dir": null, "downthrown_side_dir": null, "downthrown_side_id": null, "epistemic_quality": null, "exposure_quality": "1", "fs_name": null, "last_movement": null, "lower_seis_depth": null, "name": null, "net_slip_rate": null, "notes": null, "reference": null, "shortening_rate": null, "slip_type": "Anticline", "strike_slip_rate": null, "upper_seis_depth": null, "vert_sep_rate": null }, "geometry": { "type": "LineString", "coordinates": [ [ 71.123059469676292, 32.662948600127379 ], [ 71.132923980064291, 32.830645276723175 ], [ 71.162517511228245, 32.929290380603049 ], [ 71.188822872262875, 32.991765613060302 ], [ 71.294044316401411, 33.014782803965609 ], [ 71.346655038470686, 33.02135914422427 ], [ 71.3926894202813, 33.011494633836278 ], [ 71.435435631962577, 33.01807097409494 ], [ 71.461740992997207, 33.050952675388231 ], [ 71.50119903454916, 33.050952675388231 ] ] } },
{ "type": "Feature", "properties": { "accuracy": null, "activity_confidence": null, "average_dip": null, "average_rake": null, "catalog_id": "GAF_526", "catalog_name": "HimaTibetMap", "dip_dir": null, "downthrown_side_dir": null, "downthrown_side_id": null, "epistemic_quality": null, "exposure_quality": "1", "fs_name": null, "last_movement": null, "lower_seis_depth": null, "name": null, "net_slip_rate": null, "notes": null, "reference": null, "shortening_rate": null, "slip_type": "Anticline", "strike_slip_rate": null, "upper_seis_depth": null, "vert_sep_rate": null }, "geometry": { "type": "LineString", "coordinates": [ [ 71.090177768383001, 32.876679658533781 ], [ 71.12634763980563, 33.004918293577624 ], [ 71.178958361874891, 33.02135914422427 ], [ 71.264450785237457, 33.04437633512957 ], [ 71.320349677436056, 33.077258036422862 ], [ 71.356519548858671, 33.070681696164208 ], [ 71.402553930669285, 33.10685156758683 ], [ 71.461740992997207, 33.136445098750791 ], [ 71.504487204678483, 33.136445098750791 ] ] } },
{ "type": "Feature", "properties": { "accuracy": null, "activity_confidence": null, "average_dip": null, "average_rake": null, "catalog_id": "GAF_527", "catalog_name": "HimaTibetMap", "dip_dir": null, "downthrown_side_dir": null, "downthrown_side_id": null, "epistemic_quality": null, "exposure_quality": "1", "fs_name": null, "last_movement": null, "lower_seis_depth": null, "name": null, "net_slip_rate": null, "notes": null, "reference": null, "shortening_rate": null, "slip_type": "Anticline", "strike_slip_rate": null, "upper_seis_depth": null, "vert_sep_rate": null }, "geometry": { "type": "LineString", "coordinates": [ [ 70.748208074932762, 32.281520865125188 ], [ 70.869870369717944, 32.347284267711778 ], [ 71.021126195667094, 32.393318649522385 ], [ 71.113194959288307, 32.459082052108968 ], [ 71.178958361874891, 32.547862645600858 ] ] } },
{ "type": "Feature", "properties": { "accuracy": null, "activity_confidence": null, "average_dip": null, "average_rake": null, "catalog_id": "GAF_528", "catalog_name": "HimaTibetMap", "dip_dir": null, "downthrown_side_dir": null, "downthrown_side_id": null, "epistemic_quality": null, "exposure_quality": "1", "fs_name": null, "last_movement": null, "lower_seis_depth": null, "name": null, "net_slip_rate": null, "notes": null, "reference": null, "shortening_rate": null, "slip_type": "Anticline", "strike_slip_rate": null, "upper_seis_depth": null, "vert_sep_rate": null }, "geometry": { "type": "LineString", "coordinates": [ [ 69.784774227039307, 34.116319797290899 ], [ 69.965623584152411, 34.063709075221631 ], [ 70.116879410101546, 34.004522012893709 ], [ 70.248406215274727, 34.004522012893709 ], [ 70.4029502113532, 33.974928481729748 ], [ 70.554206037302336, 33.961775801212426 ], [ 70.705461863251486, 33.961775801212426 ], [ 70.820547817778007, 33.968352141471087 ], [ 70.909328411269897, 33.971640311600417 ], [ 71.024414365796417, 33.965063971341756 ], [ 71.159229341098921, 33.925605929789803 ], [ 71.290756146272088, 33.85984252720322 ], [ 71.336790528082702, 33.853266186944566 ] ] } },
{ "type": "Feature", "properties": { "accuracy": null, "activity_confidence": null, "average_dip": null, "average_rake": null, "catalog_id": "GAF_529", "catalog_name": "HimaTibetMap", "dip_dir": null, "downthrown_side_dir": null, "downthrown_side_id": null, "epistemic_quality": null, "exposure_quality": "1", "fs_name": null, "last_movement": null, "lower_seis_depth": null, "name": null, "net_slip_rate": null, "notes": null, "reference": null, "shortening_rate": null, "slip_type": "Anticline", "strike_slip_rate": null, "upper_seis_depth": null, "vert_sep_rate": null }, "geometry": { "type": "LineString", "coordinates": [ [ 73.083322643339201, 32.845544797621692 ], [ 73.155251364918271, 32.907197987546617 ], [ 73.211766789016124, 32.984264474952774 ], [ 73.258006681459818, 33.040779899050619 ], [ 73.355624232174279, 33.040779899050619 ], [ 73.44296625123458, 33.179499576381694 ] ] } },
{ "type": "Feature", "properties": { "accuracy": null, "activity_confidence": null, "average_dip": null, "average_rake": null, "catalog_id": "GAF_530", "catalog_name": "HimaTibetMap", "dip_dir": null, "downthrown_side_dir": null, "downthrown_side_id": null, "epistemic_quality": null, "exposure_quality": "1", "fs_name": null, "last_movement": null, "lower_seis_depth": null, "name": null, "net_slip_rate": null, "notes": null, "reference": null, "shortening_rate": null, "slip_type": "Anticline", "strike_slip_rate": null, "upper_seis_depth": null, "vert_sep_rate": null }, "geometry": { "type": "LineString", "coordinates": [ [ 73.340210934693047, 32.799304905178005 ], [ 73.412139656272117, 32.871233626757075 ], [ 73.473792846197043, 32.871233626757075 ], [ 73.607374757701038, 33.015091069915229 ] ] } },
{ "type": "Feature", "properties": { "accuracy": null, "activity_confidence": null, "average_dip": null, "average_rake": null, "catalog_id": "GAF_531", "catalog_name": "HimaTibetMap", "dip_dir": null, "downthrown_side_dir": null, "downthrown_side_id": null, "epistemic_quality": null, "exposure_quality": "1", "fs_name": null, "last_movement": null, "lower_seis_depth": null, "name": null, "net_slip_rate": null, "notes": null, "reference": null, "shortening_rate": null, "slip_type": "Anticline", "strike_slip_rate": null, "upper_seis_depth": null, "vert_sep_rate": null }, "geometry": { "type": "LineString", "coordinates": [ [ 73.643339118490587, 32.773616076042615 ], [ 73.782058795821655, 32.824993734313388 ], [ 73.853987517400739, 32.845544797621692 ] ] } },
{ "type": "Feature", "properties": { "accuracy": null, "activity_confidence": null, "average_dip": null, "average_rake": null, "catalog_id": "GAF_532", "catalog_name": "HimaTibetMap", "dip_dir": null, "downthrown_side_dir": null, "downthrown_side_id": null, "epistemic_quality": null, "exposure_quality": "1", "fs_name": null, "last_movement": null, "lower_seis_depth": null, "name": null, "net_slip_rate": null, "notes": null, "reference": null, "shortening_rate": null, "slip_type": "Anticline", "strike_slip_rate": null, "upper_seis_depth": null, "vert_sep_rate": null }, "geometry": { "type": "LineString", "coordinates": [ [ 75.780649702554584, 31.946435777883234 ], [ 75.934782677366883, 31.771751739762617 ], [ 76.032400228081343, 31.617618764950311 ], [ 76.13515554462289, 31.478899087619233 ], [ 76.217359797856119, 31.319628346979851 ], [ 76.294426285262276, 31.237424093746618 ], [ 76.505074684172428, 31.026775694836466 ], [ 76.710585317255507, 30.949709207430313 ] ] } },
{ "type": "Feature", "properties": { "accuracy": null, "activity_confidence": null, "average_dip": null, "average_rake": null, "catalog_id": "GAF_533", "catalog_name": "HimaTibetMap", "dip_dir": null, "downthrown_side_dir": null, "downthrown_side_id": null, "epistemic_quality": null, "exposure_quality": "1", "fs_name": null, "last_movement": null, "lower_seis_depth": null, "name": null, "net_slip_rate": "(15,10,21)", "notes": null, "reference": null, "shortening_rate": null, "slip_type": "Reverse", "strike_slip_rate": null, "upper_seis_depth": null, "vert_sep_rate": null }, "geometry": { "type": "LineString", "coordinates": [ [ 73.802609859129973, 33.148672981419232 ], [ 73.946467302288113, 33.020228835742309 ], [ 74.116013574581658, 32.948300114163231 ], [ 74.259871017739812, 32.907197987546617 ], [ 74.403728460897966, 32.907197987546617 ], [ 74.629790157289349, 32.902060221719537 ], [ 74.747958771312113, 32.989402240779846 ], [ 74.794198663755807, 32.973988943298615 ], [ 74.794198663755807, 32.83526926596754 ], [ 74.92264280943273, 32.675998525328154 ], [ 75.066500252590885, 32.573243208786614 ], [ 75.236046524884429, 32.527003316342928 ], [ 75.462108221275813, 32.465350126418002 ], [ 75.652205556877661, 32.342043746568159 ], [ 75.677894386013037, 32.213599600891236 ], [ 75.790925234208729, 32.105706518522616 ], [ 75.862853955787813, 31.966986841191542 ], [ 75.965609272329345, 31.833404929687543 ] ] } },
{ "type": "Feature", "properties": { "accuracy": null, "activity_confidence": null, "average_dip": null, "average_rake": null, "catalog_id": "GAF_534", "catalog_name": "HimaTibetMap", "dip_dir": null, "downthrown_side_dir": null, "downthrown_side_id": null, "epistemic_quality": null, "exposure_quality": "1", "fs_name": "Main Frontal Thrust", "last_movement": null, "lower_seis_depth": null, "name": null, "net_slip_rate": "(15,10,21)", "notes": null, "reference": "Lave and Avouac, 2000, 2001; Lave, et al., 2005; Lillie and Yeats, 1991", "shortening_rate": null, "slip_type": "Reverse", "strike_slip_rate": null, "upper_seis_depth": null, "vert_sep_rate": null }, "geometry": { "type": "LineString", "coordinates": [ [ 75.717455182881551, 31.941298012056162 ], [ 75.794521670287693, 31.838542695514622 ], [ 75.938379113445848, 31.674134189048161 ], [ 76.035996664160308, 31.504587916754623 ], [ 76.133614214874783, 31.345317176115238 ], [ 76.215818468108012, 31.232286327919546 ], [ 76.318573784649544, 31.134668777205086 ], [ 76.447017930326467, 31.011362397355239 ], [ 76.585737607657549, 30.918882612467854 ], [ 76.703906221680313, 30.898331549159547 ], [ 76.811799304048932, 30.749336340174317 ], [ 76.95051898138, 30.67740761859524 ], [ 77.150891848636007, 30.600341131189086 ], [ 77.217682804388005, 30.523274643782933 ], [ 77.212545038560933, 30.456483688030932 ], [ 77.412917905816926, 30.410243795587242 ], [ 77.531086519839704, 30.307488479045702 ], [ 77.649255133862468, 30.307488479045702 ], [ 77.870179064426779, 30.173906567541703 ], [ 77.972934380968312, 30.09684008013555 ], [ 78.070551931682772, 30.004360295248162 ], [ 78.23496043814923, 29.855365086262932 ], [ 78.378817881307384, 29.803987427992165 ], [ 78.532950856119697, 29.783436364683855 ] ] } },
{ "type": "Feature", "properties": { "accuracy": null, "activity_confidence": null, "average_dip": null, "average_rake": null, "catalog_id": "GAF_535", "catalog_name": "HimaTibetMap", "dip_dir": null, "downthrown_side_dir": null, "downthrown_side_id": null, "epistemic_quality": null, "exposure_quality": "1", "fs_name": "Main Frontal Thrust", "last_movement": null, "lower_seis_depth": null, "name": null, "net_slip_rate": "(15,10,21)", "notes": null, "reference": "Lave and Avouac, 2000, 2001; Lave, et al., 2005; Lillie and Yeats, 1991", "shortening_rate": null, "slip_type": "Reverse", "strike_slip_rate": null, "upper_seis_depth": null, "vert_sep_rate": null }, "geometry": { "type": "LineString", "coordinates": [ [ 78.507262026984307, 29.74747200389432 ], [ 78.553501919428001, 29.624165624044473 ], [ 78.717910425894459, 29.552236902465395 ], [ 78.985074248902464, 29.434068288442624 ], [ 79.118656160406459, 29.382690630171858 ], [ 79.221411476948006, 29.326175206074012 ], [ 79.375544451760305, 29.310761908592781 ], [ 79.401233280895696, 29.310761908592781 ] ] } },
{ "type": "Feature", "properties": { "accuracy": null, "activity_confidence": null, "average_dip": null, "average_rake": null, "catalog_id": "GAF_536", "catalog_name": "HimaTibetMap", "dip_dir": null, "downthrown_side_dir": null, "downthrown_side_id": null, "epistemic_quality": null, "exposure_quality": "1", "fs_name": "Main Frontal Thrust", "last_movement": null, "lower_seis_depth": null, "name": null, "net_slip_rate": "(15,10,21)", "notes": null, "reference": "Lave and Avouac, 2000, 2001; Lave, et al., 2005; Lillie and Yeats, 1991", "shortening_rate": null, "slip_type": "Reverse", "strike_slip_rate": null, "upper_seis_depth": null, "vert_sep_rate": null }, "geometry": { "type": "LineString", "coordinates": [ [ 79.439766524598753, 29.26709089906263 ], [ 79.599037265238138, 29.205437709137705 ], [ 79.753170240050451, 29.097544626769089 ], [ 79.90730321486275, 29.071855797633706 ], [ 80.092262784637526, 29.092406860942013 ], [ 80.13850267708122, 29.11295792425032 ] ] } },
{ "type": "Feature", "properties": { "accuracy": null, "activity_confidence": null, "average_dip": null, "average_rake": null, "catalog_id": "GAF_537", "catalog_name": "HimaTibetMap", "dip_dir": null, "downthrown_side_dir": null, "downthrown_side_id": null, "epistemic_quality": null, "exposure_quality": "1", "fs_name": "Main Frontal Thrust", "last_movement": null, "lower_seis_depth": null, "name": null, "net_slip_rate": "(15,10,21)", "notes": null, "reference": "Lave and Avouac, 2000, 2001; Lave, et al., 2005; Lillie and Yeats, 1991", "shortening_rate": null, "slip_type": "Reverse", "strike_slip_rate": null, "upper_seis_depth": null, "vert_sep_rate": null }, "geometry": { "type": "LineString", "coordinates": [ [ 80.159053740389524, 29.051304734325399 ], [ 80.277222354412288, 28.999927076054629 ], [ 80.410804265916298, 28.999927076054629 ], [ 80.477595221668295, 28.938273886129707 ], [ 80.606039367345218, 28.892033993686013 ], [ 80.806412234601211, 28.850931867069399 ], [ 81.001647336030146, 28.794416442971553 ], [ 81.196882437459067, 28.660834531467554 ], [ 81.376704241406756, 28.568354746580169 ], [ 81.361290943925525, 28.470737195865709 ], [ 81.474321792121216, 28.388532942632477 ], [ 81.566801577008604, 28.321741986880475 ], [ 81.674694659377209, 28.316604221053399 ], [ 81.864791994979058, 28.172746777895245 ], [ 82.049751564753834, 28.069991461353709 ], [ 82.167920178776598, 28.03402710056417 ] ] } },
{ "type": "Feature", "properties": { "accuracy": null, "activity_confidence": null, "average_dip": null, "average_rake": null, "catalog_id": "GAF_538", "catalog_name": "HimaTibetMap", "dip_dir": null, "downthrown_side_dir": null, "downthrown_side_id": null, "epistemic_quality": null, "exposure_quality": "1", "fs_name": "Main Frontal Thrust", "last_movement": null, "lower_seis_depth": null, "name": null, "net_slip_rate": "(15,10,21)", "notes": null, "reference": "Lave and Avouac, 2000, 2001; Lave, et al., 2005; Lillie and Yeats, 1991", "shortening_rate": null, "slip_type": "Reverse", "strike_slip_rate": null, "upper_seis_depth": null, "vert_sep_rate": null }, "geometry": { "type": "LineString", "coordinates": [ [ 81.79800103922706, 28.100818056316172 ], [ 81.931582950731055, 27.93640954984971 ], [ 82.1011292230246, 27.920996252368479 ], [ 82.234711134528595, 27.813103169999863 ], [ 82.358017514378446, 27.73089891676663 ], [ 82.507012723363673, 27.689796790150016 ], [ 82.743349951409215, 27.73603668259371 ], [ 82.969411647800598, 27.766863277556169 ], [ 83.149233451748287, 27.766863277556169 ], [ 83.488325996335362, 27.674383492668785 ], [ 83.704112161072601, 27.617868068570939 ], [ 83.860814018798436, 27.507406103288787 ], [ 83.989258164475359, 27.430339615882634 ], [ 84.143391139287672, 27.425201850055554 ], [ 84.246146455829219, 27.358410894303557 ], [ 84.410554962295677, 27.348135362649401 ], [ 84.585239000416294, 27.342997596822325 ], [ 84.708545380266145, 27.342997596822325 ] ] } },
{ "type": "Feature", "properties": { "accuracy": null, "activity_confidence": null, "average_dip": null, "average_rake": null, "catalog_id": "GAF_539", "catalog_name": "HimaTibetMap", "dip_dir": null, "downthrown_side_dir": null, "downthrown_side_id": null, "epistemic_quality": null, "exposure_quality": "1", "fs_name": "Main Frontal Thrust", "last_movement": null, "lower_seis_depth": null, "name": null, "net_slip_rate": "(15,10,21)", "notes": null, "reference": "Lave and Avouac, 2000, 2001; Lave, et al., 2005; Lillie and Yeats, 1991", "shortening_rate": null, "slip_type": "Reverse", "strike_slip_rate": null, "upper_seis_depth": null, "vert_sep_rate": null }, "geometry": { "type": "LineString", "coordinates": [ [ 84.559550171280904, 27.389237489266019 ], [ 84.749647506882752, 27.368686425957709 ], [ 84.955158139965832, 27.276206641070324 ], [ 85.099015583123986, 27.276206641070324 ], [ 85.325077279515369, 27.188864622010019 ], [ 85.607654400004606, 27.111798134603866 ], [ 85.741236311508601, 27.106660368776787 ], [ 85.972435773727057, 27.019318349716482 ], [ 86.157395343501832, 26.962802925618632 ] ] } },
{ "type": "Feature", "properties": { "accuracy": null, "activity_confidence": null, "average_dip": null, "average_rake": null, "catalog_id": "GAF_540", "catalog_name": "HimaTibetMap", "dip_dir": null, "downthrown_side_dir": null, "downthrown_side_id": null, "epistemic_quality": null, "exposure_quality": "1", "fs_name": "Main Frontal Thrust", "last_movement": null, "lower_seis_depth": null, "name": null, "net_slip_rate": "(15,10,21)", "notes": null, "reference": "Lave and Avouac, 2000, 2001; Lave, et al., 2005; Lillie and Yeats, 1991", "shortening_rate": null, "slip_type": "Reverse", "strike_slip_rate": null, "upper_seis_depth": null, "vert_sep_rate": null }, "geometry": { "type": "LineString", "coordinates": [ [ 86.059777792787372, 26.916563033174942 ], [ 86.172808640983064, 26.865185374904172 ], [ 86.2961150208329, 26.865185374904172 ], [ 86.414283634855678, 26.860047609077096 ], [ 86.553003312186746, 26.824083248287558 ] ] } },
{ "type": "Feature", "properties": { "accuracy": null, "activity_confidence": null, "average_dip": null, "average_rake": null, "catalog_id": "GAF_541", "catalog_name": "HimaTibetMap", "dip_dir": null, "downthrown_side_dir": null, "downthrown_side_id": null, "epistemic_quality": null, "exposure_quality": "1", "fs_name": "Main Frontal Thrust", "last_movement": null, "lower_seis_depth": null, "name": null, "net_slip_rate": "(15,10,21)", "notes": null, "reference": "Lave and Avouac, 2000, 2001; Lave, et al., 2005; Lillie and Yeats, 1991", "shortening_rate": null, "slip_type": "Reverse", "strike_slip_rate": null, "upper_seis_depth": null, "vert_sep_rate": null }, "geometry": { "type": "LineString", "coordinates": [ [ 86.532452248878442, 26.695639102610635 ], [ 86.789340540232288, 26.669950273475251 ], [ 86.90237138842798, 26.675088039302327 ], [ 86.979437875834137, 26.772705590016788 ] ] } },
{ "type": "Feature", "properties": { "accuracy": null, "activity_confidence": null, "average_dip": null, "average_rake": null, "catalog_id": "GAF_542", "catalog_name": "HimaTibetMap", "dip_dir": null, "downthrown_side_dir": null, "downthrown_side_id": null, "epistemic_quality": null, "exposure_quality": "1", "fs_name": "Main Frontal Thrust", "last_movement": null, "lower_seis_depth": null, "name": null, "net_slip_rate": "(15,10,21)", "notes": null, "reference": "Lave and Avouac, 2000, 2001; Lave, et al., 2005; Lillie and Yeats, 1991", "shortening_rate": null, "slip_type": "Reverse", "strike_slip_rate": null, "upper_seis_depth": null, "vert_sep_rate": null }, "geometry": { "type": "LineString", "coordinates": [ [ 87.033384417018425, 26.80353218497925 ], [ 87.233757284274418, 26.80353218497925 ], [ 87.495783341455351, 26.741878995054325 ], [ 87.670467379575967, 26.741878995054325 ], [ 87.79891152525289, 26.690501336783559 ], [ 87.999284392508883, 26.716190165918942 ], [ 88.189381728110732, 26.777843355843864 ], [ 88.45140778529165, 26.860047609077096 ], [ 88.65691841837473, 26.901149735693711 ], [ 88.785362564051653, 26.916563033174942 ], [ 88.96004660217227, 26.921700799002018 ], [ 89.047388621232571, 26.875460906558327 ], [ 89.196383830217798, 26.741878995054325 ], [ 89.299139146759344, 26.767567824189712 ] ] } },
{ "type": "Feature", "properties": { "accuracy": null, "activity_confidence": null, "average_dip": null, "average_rake": null, "catalog_id": "GAF_543", "catalog_name": "HimaTibetMap", "dip_dir": null, "downthrown_side_dir": null, "downthrown_side_id": null, "epistemic_quality": null, "exposure_quality": "1", "fs_name": "Main Frontal Thrust", "last_movement": null, "lower_seis_depth": null, "name": null, "net_slip_rate": "(15,10,21)", "notes": null, "reference": "Lave and Avouac, 2000, 2001; Lave, et al., 2005; Lillie and Yeats, 1991", "shortening_rate": null, "slip_type": "Reverse", "strike_slip_rate": null, "upper_seis_depth": null, "vert_sep_rate": null }, "geometry": { "type": "LineString", "coordinates": [ [ 89.376205634165501, 26.860047609077096 ], [ 89.545751906459031, 26.741878995054325 ], [ 89.756400305369183, 26.685363570956479 ], [ 89.967048704279335, 26.716190165918942 ], [ 90.13659497657288, 26.793256653325095 ], [ 90.275314653903962, 26.870323140731248 ] ] } },
{ "type": "Feature", "properties": { "accuracy": null, "activity_confidence": null, "average_dip": null, "average_rake": null, "catalog_id": "GAF_544", "catalog_name": "HimaTibetMap", "dip_dir": null, "downthrown_side_dir": null, "downthrown_side_id": null, "epistemic_quality": null, "exposure_quality": "1", "fs_name": "Main Frontal Thrust", "last_movement": null, "lower_seis_depth": null, "name": null, "net_slip_rate": "(15,10,21)", "notes": null, "reference": "Lave and Avouac, 2000, 2001; Lave, et al., 2005; Lillie and Yeats, 1991", "shortening_rate": null, "slip_type": "Reverse", "strike_slip_rate": null, "upper_seis_depth": null, "vert_sep_rate": null }, "geometry": { "type": "LineString", "coordinates": [ [ 90.396052150840262, 26.896011969866635 ], [ 90.545047359825489, 26.813807716633402 ], [ 90.843037777795956, 26.798394419152174 ], [ 91.084512771668571, 26.824083248287558 ], [ 91.290023404751651, 26.782981121670943 ], [ 91.577738291067945, 26.782981121670943 ], [ 91.762697860842721, 26.829221014114633 ], [ 91.999035088888263, 26.865185374904172 ], [ 92.348403165129483, 26.926838564829097 ], [ 92.533362734904259, 26.931976330656173 ], [ 92.687495709716558, 26.916563033174942 ], [ 92.841628684528871, 26.916563033174942 ] ] } },
{ "type": "Feature", "properties": { "accuracy": null, "activity_confidence": null, "average_dip": null, "average_rake": null, "catalog_id": "GAF_545", "catalog_name": "HimaTibetMap", "dip_dir": null, "downthrown_side_dir": null, "downthrown_side_id": null, "epistemic_quality": null, "exposure_quality": "1", "fs_name": "Main Frontal Thrust", "last_movement": null, "lower_seis_depth": null, "name": null, "net_slip_rate": "(15,10,21)", "notes": null, "reference": "Lave and Avouac, 2000, 2001; Lave, et al., 2005; Lillie and Yeats, 1991", "shortening_rate": null, "slip_type": "Reverse", "strike_slip_rate": null, "upper_seis_depth": null, "vert_sep_rate": null }, "geometry": { "type": "LineString", "coordinates": [ [ 92.769699962949801, 26.993629520581095 ], [ 93.026588254303647, 26.906287501520787 ], [ 93.334854203928259, 26.95252739396448 ], [ 93.663671216861175, 27.009042818062326 ], [ 93.828079723327633, 27.137486963739249 ], [ 93.966799400658715, 27.301895470205711 ], [ 94.084968014681479, 27.389237489266019 ], [ 94.228825457839633, 27.507406103288787 ] ] } },
{ "type": "Feature", "properties": { "accuracy": null, "activity_confidence": null, "average_dip": null, "average_rake": null, "catalog_id": "GAF_546", "catalog_name": "HimaTibetMap", "dip_dir": null, "downthrown_side_dir": null, "downthrown_side_id": null, "epistemic_quality": null, "exposure_quality": "1", "fs_name": "Main Frontal Thrust", "last_movement": null, "lower_seis_depth": null, "name": null, "net_slip_rate": "(15,10,21)", "notes": null, "reference": "Lave and Avouac, 2000, 2001; Lave, et al., 2005; Lillie and Yeats, 1991", "shortening_rate": null, "slip_type": "Reverse", "strike_slip_rate": null, "upper_seis_depth": null, "vert_sep_rate": null }, "geometry": { "type": "LineString", "coordinates": [ [ 94.272496467369791, 27.563921527386633 ], [ 94.616726777783938, 27.640988014792786 ], [ 94.924992727408565, 27.769432160469709 ], [ 95.212707613724874, 27.887600774492476 ], [ 95.284636335303944, 27.964667261898633 ] ] } },
{ "type": "Feature", "properties": { "accuracy": null, "activity_confidence": null, "average_dip": null, "average_rake": null, "catalog_id": "GAF_547", "catalog_name": "HimaTibetMap", "dip_dir": null, "downthrown_side_dir": null, "downthrown_side_id": null, "epistemic_quality": null, "exposure_quality": "1", "fs_name": "Main Frontal Thrust", "last_movement": null, "lower_seis_depth": null, "name": null, "net_slip_rate": "(15,10,21)", "notes": null, "reference": "Lave and Avouac, 2000, 2001; Lave, et al., 2005; Lillie and Yeats, 1991", "shortening_rate": null, "slip_type": "Reverse", "strike_slip_rate": null, "upper_seis_depth": null, "vert_sep_rate": null }, "geometry": { "type": "LineString", "coordinates": [ [ 95.156192189627021, 27.980080559379861 ], [ 95.310325164439334, 28.046871515131862 ], [ 95.33601399357471, 28.072560344267245 ] ] } },
{ "type": "Feature", "properties": { "accuracy": null, "activity_confidence": null, "average_dip": null, "average_rake": null, "catalog_id": "GAF_548", "catalog_name": "HimaTibetMap", "dip_dir": null, "downthrown_side_dir": null, "downthrown_side_id": null, "epistemic_quality": null, "exposure_quality": "1", "fs_name": null, "last_movement": null, "lower_seis_depth": null, "name": null, "net_slip_rate": "(15,10,21)", "notes": null, "reference": null, "shortening_rate": null, "slip_type": "Reverse", "strike_slip_rate": null, "upper_seis_depth": null, "vert_sep_rate": null }, "geometry": { "type": "LineString", "coordinates": [ [ 95.300049632785175, 28.123938002538015 ], [ 95.469595905078705, 28.180453426635861 ], [ 95.63914217737225, 28.303759806485708 ], [ 95.721346430605479, 28.283208743177401 ], [ 95.849790576282402, 28.057147046786017 ], [ 96.060438975192554, 28.031458217650631 ], [ 96.168332057561173, 27.990356091034016 ], [ 96.296776203238096, 27.841360882048786 ], [ 96.271087374102706, 27.651263546446941 ] ] } },
{ "type": "Feature", "properties": { "accuracy": null, "activity_confidence": null, "average_dip": null, "average_rake": null, "catalog_id": "GAF_549", "catalog_name": "HimaTibetMap", "dip_dir": null, "downthrown_side_dir": null, "downthrown_side_id": null, "epistemic_quality": null, "exposure_quality": "1", "fs_name": null, "last_movement": null, "lower_seis_depth": null, "name": null, "net_slip_rate": null, "notes": null, "reference": null, "shortening_rate": null, "slip_type": "Reverse", "strike_slip_rate": null, "upper_seis_depth": null, "vert_sep_rate": null }, "geometry": { "type": "LineString", "coordinates": [ [ 96.204296418350708, 27.497130571634631 ], [ 95.911443766207327, 27.373824191784788 ], [ 95.649417709026409, 27.307033236032787 ], [ 95.438769310116257, 27.18372685618294 ] ] } },
{ "type": "Feature", "properties": { "accuracy": null, "activity_confidence": null, "average_dip": null, "average_rake": null, "catalog_id": "GAF_550", "catalog_name": "HimaTibetMap", "dip_dir": null, "downthrown_side_dir": null, "downthrown_side_id": null, "epistemic_quality": null, "exposure_quality": "1", "fs_name": null, "last_movement": null, "lower_seis_depth": null, "name": null, "net_slip_rate": null, "notes": null, "reference": null, "shortening_rate": null, "slip_type": "Reverse", "strike_slip_rate": null, "upper_seis_depth": null, "vert_sep_rate": null }, "geometry": { "type": "LineString", "coordinates": [ [ 95.592902284928556, 27.399513020920171 ], [ 95.387391651845476, 27.276206641070324 ], [ 95.269223037822712, 27.111798134603866 ], [ 95.084263468047951, 27.009042818062326 ] ] } },
{ "type": "Feature", "properties": { "accuracy": null, "activity_confidence": null, "average_dip": null, "average_rake": null, "catalog_id": "GAF_551", "catalog_name": "HimaTibetMap", "dip_dir": null, "downthrown_side_dir": null, "downthrown_side_id": null, "epistemic_quality": null, "exposure_quality": "1", "fs_name": null, "last_movement": null, "lower_seis_depth": null, "name": null, "net_slip_rate": null, "notes": null, "reference": null, "shortening_rate": null, "slip_type": "Reverse", "strike_slip_rate": null, "upper_seis_depth": null, "vert_sep_rate": null }, "geometry": { "type": "LineString", "coordinates": [ [ 94.93526825906271, 26.983353988926943 ], [ 94.781135284250411, 26.844634311595865 ], [ 94.68351773353595, 26.777843355843864 ], [ 94.580762416994403, 26.70077686843771 ] ] } },
{ "type": "Feature", "properties": { "accuracy": null, "activity_confidence": null, "average_dip": null, "average_rake": null, "catalog_id": "GAF_552", "catalog_name": "HimaTibetMap", "dip_dir": null, "downthrown_side_dir": null, "downthrown_side_id": null, "epistemic_quality": null, "exposure_quality": "1", "fs_name": null, "last_movement": null, "lower_seis_depth": null, "name": null, "net_slip_rate": null, "notes": null, "reference": null, "shortening_rate": null, "slip_type": "Reverse", "strike_slip_rate": null, "upper_seis_depth": null, "vert_sep_rate": null }, "geometry": { "type": "LineString", "coordinates": [ [ 94.349562954775948, 26.644261444339865 ], [ 94.174878916655331, 26.515817298662942 ], [ 94.118363492557478, 26.346271026369404 ], [ 94.020745941843018, 26.181862519902943 ], [ 93.923128391128557, 26.007178481782329 ], [ 93.964230517745179, 25.945525291857404 ] ] } },
{ "type": "Feature", "properties": { "accuracy": null, "activity_confidence": null, "average_dip": null, "average_rake": null, "catalog_id": "GAF_553", "catalog_name": "HimaTibetMap", "dip_dir": null, "downthrown_side_dir": null, "downthrown_side_id": null, "epistemic_quality": null, "exposure_quality": "1", "fs_name": null, "last_movement": null, "lower_seis_depth": null, "name": null, "net_slip_rate": null, "notes": null, "reference": null, "shortening_rate": null, "slip_type": "Anticline", "strike_slip_rate": null, "upper_seis_depth": null, "vert_sep_rate": null }, "geometry": { "type": "LineString", "coordinates": [ [ 75.986701282787621, 31.9037940015141 ], [ 76.170682102769504, 31.764414592436918 ], [ 76.304486335483602, 31.569283419728862 ], [ 76.410414686382254, 31.441054363377855 ], [ 76.521918213644, 31.296099777937584 ], [ 76.739350091804411, 31.20689695612819 ] ] } },
{ "type": "Feature", "properties": { "accuracy": null, "activity_confidence": null, "average_dip": null, "average_rake": null, "catalog_id": "GAF_554", "catalog_name": "HimaTibetMap", "dip_dir": null, "downthrown_side_dir": null, "downthrown_side_id": null, "epistemic_quality": null, "exposure_quality": "1", "fs_name": null, "last_movement": null, "lower_seis_depth": null, "name": null, "net_slip_rate": null, "notes": null, "reference": null, "shortening_rate": null, "slip_type": "Anticline", "strike_slip_rate": null, "upper_seis_depth": null, "vert_sep_rate": null }, "geometry": { "type": "LineString", "coordinates": [ [ 77.572838958085953, 30.429159853477501 ], [ 77.773545307157107, 30.323231502578842 ], [ 77.90177436350811, 30.31208114985267 ], [ 77.979826832591328, 30.222878328043272 ], [ 78.046728948948385, 30.08349891896609 ] ] } },
{ "type": "Feature", "properties": { "accuracy": null, "activity_confidence": null, "average_dip": null, "average_rake": null, "catalog_id": "GAF_555", "catalog_name": "HimaTibetMap", "dip_dir": null, "downthrown_side_dir": null, "downthrown_side_id": null, "epistemic_quality": null, "exposure_quality": "1", "fs_name": null, "last_movement": null, "lower_seis_depth": null, "name": null, "net_slip_rate": null, "notes": null, "reference": null, "shortening_rate": null, "slip_type": "Syncline", "strike_slip_rate": null, "upper_seis_depth": null, "vert_sep_rate": null }, "geometry": { "type": "LineString", "coordinates": [ [ 82.180722222177607, 27.995595370989903 ], [ 82.375853394885667, 27.900817372817418 ], [ 82.520807980325927, 27.850640785549633 ], [ 82.710363976670905, 27.850640785549633 ] ] } },
{ "type": "Feature", "properties": { "accuracy": null, "activity_confidence": null, "average_dip": null, "average_rake": null, "catalog_id": "GAF_556", "catalog_name": "HimaTibetMap", "dip_dir": null, "downthrown_side_dir": null, "downthrown_side_id": null, "epistemic_quality": null, "exposure_quality": "1", "fs_name": null, "last_movement": null, "lower_seis_depth": null, "name": null, "net_slip_rate": null, "notes": null, "reference": null, "shortening_rate": null, "slip_type": "Syncline", "strike_slip_rate": null, "upper_seis_depth": null, "vert_sep_rate": null }, "geometry": { "type": "LineString", "coordinates": [ [ 83.886726189282314, 27.616483378299968 ], [ 84.171060183799767, 27.605333025573792 ], [ 84.332740298329298, 27.62763373102614 ], [ 84.472119707406492, 27.633208907389228 ], [ 84.611499116483671, 27.605333025573792 ], [ 84.734152996471593, 27.555156438306007 ] ] } },
{ "type": "Feature", "properties": { "accuracy": null, "activity_confidence": null, "average_dip": null, "average_rake": null, "catalog_id": "GAF_557", "catalog_name": "HimaTibetMap", "dip_dir": null, "downthrown_side_dir": null, "downthrown_side_id": null, "epistemic_quality": null, "exposure_quality": "1", "fs_name": null, "last_movement": null, "lower_seis_depth": null, "name": null, "net_slip_rate": null, "notes": null, "reference": null, "shortening_rate": null, "slip_type": "Anticline", "strike_slip_rate": null, "upper_seis_depth": null, "vert_sep_rate": null }, "geometry": { "type": "LineString", "coordinates": [ [ 84.338315474692394, 27.516130203764394 ], [ 84.600348763757495, 27.465953616496609 ], [ 84.75087852556085, 27.465953616496609 ], [ 84.85123170009642, 27.432502558318088 ], [ 84.973885580084342, 27.393476323776476 ], [ 85.152291223703131, 27.393476323776476 ] ] } },
{ "type": "Feature", "properties": { "accuracy": null, "activity_confidence": null, "average_dip": null, "average_rake": null, "catalog_id": "GAF_558", "catalog_name": "HimaTibetMap", "dip_dir": null, "downthrown_side_dir": null, "downthrown_side_id": null, "epistemic_quality": null, "exposure_quality": "1", "fs_name": null, "last_movement": null, "lower_seis_depth": null, "name": null, "net_slip_rate": null, "notes": null, "reference": null, "shortening_rate": null, "slip_type": "Anticline", "strike_slip_rate": null, "upper_seis_depth": null, "vert_sep_rate": null }, "geometry": { "type": "LineString", "coordinates": [ [ 83.058812499363853, 27.928693254632854 ], [ 83.404473433875268, 27.850640785549633 ], [ 83.649781193851112, 27.79488902191876 ], [ 83.922964835642389, 27.778163492829499 ], [ 84.134821537439706, 27.778163492829499 ], [ 84.402430002867888, 27.822764903734196 ] ] } },
{ "type": "Feature", "properties": { "accuracy": null, "activity_confidence": null, "average_dip": null, "average_rake": null, "catalog_id": "GAF_559", "catalog_name": "HimaTibetMap", "dip_dir": null, "downthrown_side_dir": null, "downthrown_side_id": null, "epistemic_quality": null, "exposure_quality": "1", "fs_name": null, "last_movement": null, "lower_seis_depth": null, "name": null, "net_slip_rate": null, "notes": null, "reference": null, "shortening_rate": null, "slip_type": "Anticline", "strike_slip_rate": null, "upper_seis_depth": null, "vert_sep_rate": null }, "geometry": { "type": "LineString", "coordinates": [ [ 95.933693510340461, 27.776804913829391 ], [ 96.010127357546409, 27.671253410544974 ], [ 96.079281790732765, 27.638496047456705 ], [ 96.17027446597794, 27.602098977358633 ], [ 96.279465676272167, 27.572981321280171 ], [ 96.334061281419281, 27.572981321280171 ] ] } },
{ "type": "Feature", "properties": { "accuracy": null, "activity_confidence": null, "average_dip": null, "average_rake": null, "catalog_id": "GAF_562", "catalog_name": "HimaTibetMap", "dip_dir": null, "downthrown_side_dir": null, "downthrown_side_id": null, "epistemic_quality": null, "exposure_quality": "1", "fs_name": null, "last_movement": null, "lower_seis_depth": null, "name": null, "net_slip_rate": null, "notes": null, "reference": null, "shortening_rate": null, "slip_type": "Anticline", "strike_slip_rate": null, "upper_seis_depth": null, "vert_sep_rate": null }, "geometry": { "type": "LineString", "coordinates": [ [ 67.977946078898526, 36.404998140725226 ], [ 68.09161424533248, 36.344611927307191 ], [ 68.208834541967491, 36.305538495095519 ] ] } },
{ "type": "Feature", "properties": { "accuracy": null, "activity_confidence": null, "average_dip": null, "average_rake": null, "catalog_id": "GAF_563", "catalog_name": "HimaTibetMap", "dip_dir": null, "downthrown_side_dir": null, "downthrown_side_id": null, "epistemic_quality": null, "exposure_quality": "1", "fs_name": null, "last_movement": null, "lower_seis_depth": null, "name": null, "net_slip_rate": null, "notes": null, "reference": null, "shortening_rate": null, "slip_type": "Anticline", "strike_slip_rate": null, "upper_seis_depth": null, "vert_sep_rate": null }, "geometry": { "type": "LineString", "coordinates": [ [ 68.29763779699401, 36.277121453487034 ], [ 68.397097442623718, 36.252256542079607 ], [ 68.521421999660845, 36.174109677656269 ], [ 68.603120994285248, 36.135036245444596 ] ] } },
{ "type": "Feature", "properties": { "accuracy": null, "activity_confidence": null, "average_dip": null, "average_rake": null, "catalog_id": "GAF_565", "catalog_name": "HimaTibetMap", "dip_dir": null, "downthrown_side_dir": null, "downthrown_side_id": null, "epistemic_quality": null, "exposure_quality": "1", "fs_name": null, "last_movement": null, "lower_seis_depth": null, "name": null, "net_slip_rate": null, "notes": null, "reference": null, "shortening_rate": null, "slip_type": "Anticline", "strike_slip_rate": null, "upper_seis_depth": null, "vert_sep_rate": null }, "geometry": { "type": "LineString", "coordinates": [ [ 67.7257448346232, 36.639438733995249 ], [ 67.860725782263515, 36.596813171582518 ], [ 68.013467380909134, 36.557739739370845 ], [ 68.173313239956883, 36.557739739370845 ] ] } },
{ "type": "Feature", "properties": { "accuracy": null, "activity_confidence": null, "average_dip": null, "average_rake": null, "catalog_id": "GAF_566", "catalog_name": "HimaTibetMap", "dip_dir": null, "downthrown_side_dir": null, "downthrown_side_id": null, "epistemic_quality": null, "exposure_quality": "1", "fs_name": null, "last_movement": null, "lower_seis_depth": null, "name": null, "net_slip_rate": null, "notes": null, "reference": null, "shortening_rate": null, "slip_type": "Anticline", "strike_slip_rate": null, "upper_seis_depth": null, "vert_sep_rate": null }, "geometry": { "type": "LineString", "coordinates": [ [ 68.496557088253425, 36.490249265550688 ], [ 68.596016733883133, 36.36592470851356 ], [ 68.627985905692668, 36.266465062883853 ] ] } },
{ "type": "Feature", "properties": { "accuracy": null, "activity_confidence": null, "average_dip": null, "average_rake": null, "catalog_id": "GAF_567", "catalog_name": "HimaTibetMap", "dip_dir": null, "downthrown_side_dir": null, "downthrown_side_id": null, "epistemic_quality": null, "exposure_quality": "1", "fs_name": null, "last_movement": null, "lower_seis_depth": null, "name": null, "net_slip_rate": null, "notes": null, "reference": null, "shortening_rate": null, "slip_type": "Anticline", "strike_slip_rate": null, "upper_seis_depth": null, "vert_sep_rate": null }, "geometry": { "type": "LineString", "coordinates": [ [ 68.670611468105406, 36.56129186957191 ], [ 68.762966853332983, 36.468936484344326 ], [ 68.862426498962691, 36.415654531328407 ] ] } },
{ "type": "Feature", "properties": { "accuracy": null, "activity_confidence": null, "average_dip": null, "average_rake": null, "catalog_id": "GAF_569", "catalog_name": "HimaTibetMap", "dip_dir": null, "downthrown_side_dir": null, "downthrown_side_id": null, "epistemic_quality": null, "exposure_quality": "1", "fs_name": null, "last_movement": null, "lower_seis_depth": null, "name": null, "net_slip_rate": null, "notes": null, "reference": null, "shortening_rate": null, "slip_type": "Anticline", "strike_slip_rate": null, "upper_seis_depth": null, "vert_sep_rate": null }, "geometry": { "type": "LineString", "coordinates": [ [ 68.033004097014953, 37.321447732598948 ], [ 68.06142113862343, 37.459980810440321 ], [ 68.107598831237226, 37.555888325868963 ], [ 68.118255221840414, 37.591409627879571 ] ] } },
{ "type": "Feature", "properties": { "accuracy": null, "activity_confidence": null, "average_dip": null, "average_rake": null, "catalog_id": "GAF_570", "catalog_name": "HimaTibetMap", "dip_dir": null, "downthrown_side_dir": null, "downthrown_side_id": null, "epistemic_quality": null, "exposure_quality": "1", "fs_name": null, "last_movement": null, "lower_seis_depth": null, "name": null, "net_slip_rate": null, "notes": null, "reference": null, "shortening_rate": null, "slip_type": "Anticline", "strike_slip_rate": null, "upper_seis_depth": null, "vert_sep_rate": null }, "geometry": { "type": "LineString", "coordinates": [ [ 67.76659433193538, 37.456428680239263 ], [ 67.851845456760842, 37.562992586271086 ], [ 67.858949717162957, 37.634035190292302 ], [ 67.919335930580999, 37.669556492302917 ], [ 67.990378534602215, 37.729942705720951 ], [ 68.06852539902556, 37.815193830546413 ], [ 68.118255221840414, 37.93951838758354 ], [ 68.171537174856326, 37.964383298990967 ] ] } },
{ "type": "Feature", "properties": { "accuracy": null, "activity_confidence": null, "average_dip": null, "average_rake": null, "catalog_id": "GAF_571", "catalog_name": "HimaTibetMap", "dip_dir": null, "downthrown_side_dir": null, "downthrown_side_id": null, "epistemic_quality": null, "exposure_quality": "1", "fs_name": null, "last_movement": null, "lower_seis_depth": null, "name": null, "net_slip_rate": null, "notes": null, "reference": null, "shortening_rate": null, "slip_type": "Anticline", "strike_slip_rate": null, "upper_seis_depth": null, "vert_sep_rate": null }, "geometry": { "type": "LineString", "coordinates": [ [ 68.104046701036168, 37.957279038588851 ], [ 68.136015872845718, 38.028321642610067 ], [ 68.228371258073295, 38.102916376832347 ], [ 68.306518122496641, 38.110020637234463 ] ] } },
{ "type": "Feature", "properties": { "accuracy": null, "activity_confidence": null, "average_dip": null, "average_rake": null, "catalog_id": "GAF_574", "catalog_name": "HimaTibetMap", "dip_dir": null, "downthrown_side_dir": null, "downthrown_side_id": null, "epistemic_quality": null, "exposure_quality": "1", "fs_name": null, "last_movement": null, "lower_seis_depth": null, "name": null, "net_slip_rate": null, "notes": null, "reference": null, "shortening_rate": null, "slip_type": "Anticline", "strike_slip_rate": null, "upper_seis_depth": null, "vert_sep_rate": null }, "geometry": { "type": "LineString", "coordinates": [ [ 68.207058476866933, 37.67666075270504 ], [ 68.207058476866933, 37.77612039833474 ], [ 68.224819127872237, 37.864923653361267 ] ] } },
{ "type": "Feature", "properties": { "accuracy": null, "activity_confidence": null, "average_dip": null, "average_rake": null, "catalog_id": "GAF_575", "catalog_name": "HimaTibetMap", "dip_dir": null, "downthrown_side_dir": null, "downthrown_side_id": null, "epistemic_quality": null, "exposure_quality": "1", "fs_name": null, "last_movement": null, "lower_seis_depth": null, "name": null, "net_slip_rate": null, "notes": null, "reference": null, "shortening_rate": null, "slip_type": "Anticline", "strike_slip_rate": null, "upper_seis_depth": null, "vert_sep_rate": null }, "geometry": { "type": "LineString", "coordinates": [ [ 68.270996820486033, 37.051485837318317 ], [ 68.242579778877541, 37.229092347371363 ], [ 68.242579778877541, 37.328551993001071 ], [ 68.253236169480729, 37.463532940641379 ] ] } },
{ "type": "Feature", "properties": { "accuracy": null, "activity_confidence": null, "average_dip": null, "average_rake": null, "catalog_id": "GAF_576", "catalog_name": "HimaTibetMap", "dip_dir": null, "downthrown_side_dir": null, "downthrown_side_id": null, "epistemic_quality": null, "exposure_quality": "1", "fs_name": null, "last_movement": null, "lower_seis_depth": null, "name": null, "net_slip_rate": null, "notes": null, "reference": null, "shortening_rate": null, "slip_type": "Anticline", "strike_slip_rate": null, "upper_seis_depth": null, "vert_sep_rate": null }, "geometry": { "type": "LineString", "coordinates": [ [ 68.402425637925276, 37.38538607621804 ], [ 68.402425637925276, 37.445772289636075 ], [ 68.402425637925276, 37.484845721847748 ] ] } },
{ "type": "Feature", "properties": { "accuracy": null, "activity_confidence": null, "average_dip": null, "average_rake": null, "catalog_id": "GAF_577", "catalog_name": "HimaTibetMap", "dip_dir": null, "downthrown_side_dir": null, "downthrown_side_id": null, "epistemic_quality": null, "exposure_quality": "1", "fs_name": null, "last_movement": null, "lower_seis_depth": null, "name": null, "net_slip_rate": null, "notes": null, "reference": null, "shortening_rate": null, "slip_type": "Anticline", "strike_slip_rate": null, "upper_seis_depth": null, "vert_sep_rate": null }, "geometry": { "type": "LineString", "coordinates": [ [ 68.338487294306191, 37.516814893657298 ], [ 68.345591554708307, 37.715734184916705 ], [ 68.39532137752316, 37.928861996980359 ], [ 68.462811851343318, 38.03542590301219 ], [ 68.462811851343318, 38.095812116430224 ] ] } },
{ "type": "Feature", "properties": { "accuracy": null, "activity_confidence": null, "average_dip": null, "average_rake": null, "catalog_id": "GAF_580", "catalog_name": "HimaTibetMap", "dip_dir": null, "downthrown_side_dir": null, "downthrown_side_id": null, "epistemic_quality": null, "exposure_quality": "1", "fs_name": null, "last_movement": null, "lower_seis_depth": null, "name": null, "net_slip_rate": null, "notes": null, "reference": null, "shortening_rate": null, "slip_type": "Anticline", "strike_slip_rate": null, "upper_seis_depth": null, "vert_sep_rate": null }, "geometry": { "type": "LineString", "coordinates": [ [ 68.505437413756042, 37.609170278884882 ], [ 68.505437413756042, 37.729942705720951 ], [ 68.523198064761345, 37.836506611752775 ], [ 68.548062976168779, 37.921757736578236 ], [ 68.572927887576199, 37.996352470800517 ], [ 68.572927887576199, 38.056738684218551 ], [ 68.576480017777271, 38.120677027837651 ], [ 68.615553449988937, 38.184615371456744 ], [ 68.746982267428194, 38.301835668091755 ], [ 68.821577001650468, 38.376430402314035 ], [ 68.981422860698203, 38.426160225128889 ], [ 69.05601759492049, 38.454577266737374 ] ] } },
{ "type": "Feature", "properties": { "accuracy": null, "activity_confidence": null, "average_dip": null, "average_rake": null, "catalog_id": "GAF_582", "catalog_name": "HimaTibetMap", "dip_dir": null, "downthrown_side_dir": null, "downthrown_side_id": null, "epistemic_quality": null, "exposure_quality": "1", "fs_name": null, "last_movement": null, "lower_seis_depth": null, "name": null, "net_slip_rate": null, "notes": null, "reference": null, "shortening_rate": null, "slip_type": "Anticline", "strike_slip_rate": null, "upper_seis_depth": null, "vert_sep_rate": null }, "geometry": { "type": "LineString", "coordinates": [ [ 68.963662209692899, 36.966234712492856 ], [ 68.974318600296087, 37.055037967519375 ], [ 68.999183511703507, 37.118976311138475 ] ] } },
{ "type": "Feature", "properties": { "accuracy": null, "activity_confidence": null, "average_dip": null, "average_rake": null, "catalog_id": "GAF_583", "catalog_name": "HimaTibetMap", "dip_dir": null, "downthrown_side_dir": null, "downthrown_side_id": null, "epistemic_quality": null, "exposure_quality": "1", "fs_name": null, "last_movement": null, "lower_seis_depth": null, "name": null, "net_slip_rate": null, "notes": null, "reference": null, "shortening_rate": null, "slip_type": "Anticline", "strike_slip_rate": null, "upper_seis_depth": null, "vert_sep_rate": null }, "geometry": { "type": "LineString", "coordinates": [ [ 69.205207063365052, 37.289478560789398 ], [ 69.233624104973529, 37.410250987625467 ], [ 69.233624104973529, 37.520367023858356 ], [ 69.233624104973529, 37.594961758080636 ], [ 69.244280495576717, 37.683765013107156 ] ] } },
{ "type": "Feature", "properties": { "accuracy": null, "activity_confidence": null, "average_dip": null, "average_rake": null, "catalog_id": "GAF_584", "catalog_name": "HimaTibetMap", "dip_dir": null, "downthrown_side_dir": null, "downthrown_side_id": null, "epistemic_quality": null, "exposure_quality": "1", "fs_name": null, "last_movement": null, "lower_seis_depth": null, "name": null, "net_slip_rate": null, "notes": null, "reference": null, "shortening_rate": null, "slip_type": "Anticline", "strike_slip_rate": null, "upper_seis_depth": null, "vert_sep_rate": null }, "geometry": { "type": "LineString", "coordinates": [ [ 69.034704813714129, 37.44932441983714 ], [ 69.127060198941706, 37.573648976874267 ], [ 69.127060198941706, 37.673108622503975 ], [ 69.127060198941706, 37.726390575519886 ], [ 69.130612329142764, 37.911101345975055 ], [ 69.155477240550198, 37.999904601001582 ] ] } },
{ "type": "Feature", "properties": { "accuracy": null, "activity_confidence": null, "average_dip": null, "average_rake": null, "catalog_id": "GAF_585", "catalog_name": "HimaTibetMap", "dip_dir": null, "downthrown_side_dir": null, "downthrown_side_id": null, "epistemic_quality": null, "exposure_quality": "1", "fs_name": null, "last_movement": null, "lower_seis_depth": null, "name": null, "net_slip_rate": null, "notes": null, "reference": null, "shortening_rate": null, "slip_type": "Anticline", "strike_slip_rate": null, "upper_seis_depth": null, "vert_sep_rate": null }, "geometry": { "type": "LineString", "coordinates": [ [ 68.906828126475929, 37.957279038588851 ], [ 69.002735641904579, 38.049634423816428 ], [ 69.006287772105637, 38.113572767435528 ], [ 69.063121855322606, 38.170406850652505 ], [ 69.08088250632791, 38.24144945467372 ], [ 69.084434636528968, 38.316044188896001 ], [ 69.11995593853959, 38.387086792917216 ], [ 69.190998542560806, 38.419055964726766 ] ] } },
{ "type": "Feature", "properties": { "accuracy": null, "activity_confidence": null, "average_dip": null, "average_rake": null, "catalog_id": "GAF_587", "catalog_name": "HimaTibetMap", "dip_dir": null, "downthrown_side_dir": null, "downthrown_side_id": null, "epistemic_quality": null, "exposure_quality": "1", "fs_name": null, "last_movement": null, "lower_seis_depth": null, "name": null, "net_slip_rate": null, "notes": null, "reference": null, "shortening_rate": null, "slip_type": "Anticline", "strike_slip_rate": null, "upper_seis_depth": null, "vert_sep_rate": null }, "geometry": { "type": "LineString", "coordinates": [ [ 69.265593276783079, 36.75665903063026 ], [ 69.265593276783079, 36.845462285656787 ], [ 69.290458188190513, 36.909400629275879 ], [ 69.325979490201121, 36.95202619168861 ] ] } },
{ "type": "Feature", "properties": { "accuracy": null, "activity_confidence": null, "average_dip": null, "average_rake": null, "catalog_id": "GAF_588", "catalog_name": "HimaTibetMap", "dip_dir": null, "downthrown_side_dir": null, "downthrown_side_id": null, "epistemic_quality": null, "exposure_quality": "1", "fs_name": null, "last_movement": null, "lower_seis_depth": null, "name": null, "net_slip_rate": null, "notes": null, "reference": null, "shortening_rate": null, "slip_type": "Anticline", "strike_slip_rate": null, "upper_seis_depth": null, "vert_sep_rate": null }, "geometry": { "type": "LineString", "coordinates": [ [ 68.622657710391053, 36.685616426609045 ], [ 68.537406585565591, 36.763763291032383 ], [ 68.477020372147564, 36.817045244048295 ], [ 68.423738419131652, 36.870327197064213 ], [ 68.36335220571361, 36.873879327265271 ] ] } },
{ "type": "Feature", "properties": { "accuracy": null, "activity_confidence": null, "average_dip": null, "average_rake": null, "catalog_id": "GAF_589", "catalog_name": "HimaTibetMap", "dip_dir": null, "downthrown_side_dir": null, "downthrown_side_id": null, "epistemic_quality": null, "exposure_quality": "1", "fs_name": null, "last_movement": null, "lower_seis_depth": null, "name": null, "net_slip_rate": null, "notes": null, "reference": null, "shortening_rate": null, "slip_type": "Anticline", "strike_slip_rate": null, "upper_seis_depth": null, "vert_sep_rate": null }, "geometry": { "type": "LineString", "coordinates": [ [ 68.324278773501945, 36.873879327265271 ], [ 68.324278773501945, 36.923609150080125 ], [ 68.324278773501945, 36.959130452090733 ] ] } },
{ "type": "Feature", "properties": { "accuracy": null, "activity_confidence": null, "average_dip": null, "average_rake": null, "catalog_id": "GAF_590", "catalog_name": "HimaTibetMap", "dip_dir": null, "downthrown_side_dir": null, "downthrown_side_id": null, "epistemic_quality": null, "exposure_quality": "1", "fs_name": null, "last_movement": null, "lower_seis_depth": null, "name": null, "net_slip_rate": null, "notes": null, "reference": null, "shortening_rate": null, "slip_type": "Anticline", "strike_slip_rate": null, "upper_seis_depth": null, "vert_sep_rate": null }, "geometry": { "type": "LineString", "coordinates": [ [ 68.334935164105119, 37.05859009772044 ], [ 68.359800075512553, 37.140289092344837 ], [ 68.359800075512553, 37.17936252455651 ] ] } },
{ "type": "Feature", "properties": { "accuracy": null, "activity_confidence": null, "average_dip": null, "average_rake": null, "catalog_id": "GAF_591", "catalog_name": "HimaTibetMap", "dip_dir": null, "downthrown_side_dir": null, "downthrown_side_id": null, "epistemic_quality": null, "exposure_quality": "1", "fs_name": null, "last_movement": null, "lower_seis_depth": null, "name": null, "net_slip_rate": null, "notes": null, "reference": null, "shortening_rate": null, "slip_type": "Anticline", "strike_slip_rate": null, "upper_seis_depth": null, "vert_sep_rate": null }, "geometry": { "type": "LineString", "coordinates": [ [ 67.933544451385245, 36.866775066863148 ], [ 68.054316878221314, 36.777971811836629 ], [ 68.114703091639342, 36.682064296407987 ], [ 68.217714867470107, 36.59326104138146 ] ] } },
{ "type": "Feature", "properties": { "accuracy": null, "activity_confidence": null, "average_dip": null, "average_rake": null, "catalog_id": "GAF_641", "catalog_name": "HimaTibetMap", "dip_dir": null, "downthrown_side_dir": null, "downthrown_side_id": null, "epistemic_quality": null, "exposure_quality": "1", "fs_name": "Herat Fault", "last_movement": null, "lower_seis_depth": null, "name": null, "net_slip_rate": null, "notes": null, "reference": "Molnar and Tapponnier, 1975; Tapponnier, et al., 1985; Ruleman, et al., 2007; Mohadjer et al., 2010", "shortening_rate": null, "slip_type": "Dextral", "strike_slip_rate": "(0.,0.,2.)", "upper_seis_depth": null, "vert_sep_rate": null }, "geometry": { "type": "LineString", "coordinates": [ [ 67.800656598881702, 34.808329981288431 ], [ 68.132928613542347, 34.879531127287144 ], [ 68.512668058868798, 34.945985530219275 ], [ 68.825953101263124, 35.031426905417725 ], [ 69.08227722685848, 35.126361766749334 ], [ 69.447776442985187, 35.259270572613595 ], [ 69.675620110181057, 35.411166350744175 ], [ 70.093333500040146, 35.67698396247269 ], [ 70.249976021237302, 35.824132997536687 ] ] } },
{ "type": "Feature", "properties": { "accuracy": null, "activity_confidence": null, "average_dip": null, "average_rake": null, "catalog_id": "GAF_644", "catalog_name": "HimaTibetMap", "dip_dir": null, "downthrown_side_dir": null, "downthrown_side_id": null, "epistemic_quality": null, "exposure_quality": "1", "fs_name": "Chaman Fault", "last_movement": null, "lower_seis_depth": null, "name": null, "net_slip_rate": null, "notes": null, "reference": "Szeliga et al., 2012; Barnhart, 2017; Fattahi and Amelung, 2016; Mohadjer, et al., 2010", "shortening_rate": null, "slip_type": "Sinistral", "strike_slip_rate": "None", "upper_seis_depth": null, "vert_sep_rate": null }, "geometry": { "type": "LineString", "coordinates": [ [ 69.189961944302809, 35.089627440282364 ], [ 69.124188081603421, 34.946334382258676 ], [ 69.084253950678786, 34.821833856434807 ], [ 69.025527287554311, 34.706729596710865 ], [ 68.96445155790488, 34.55169120606228 ], [ 68.891630495630537, 34.434237879813352 ], [ 68.814111300306251, 34.295642954839622 ], [ 68.741290238031908, 34.110066699366314 ], [ 68.673167308807535, 33.962075508292671 ] ] } },
{ "type": "Feature", "properties": { "accuracy": null, "activity_confidence": null, "average_dip": null, "average_rake": null, "catalog_id": "GAF_645", "catalog_name": "HimaTibetMap", "dip_dir": null, "downthrown_side_dir": null, "downthrown_side_id": null, "epistemic_quality": null, "exposure_quality": "1", "fs_name": "Chaman Fault", "last_movement": null, "lower_seis_depth": null, "name": null, "net_slip_rate": null, "notes": null, "reference": "Szeliga et al., 2012; Barnhart, 2017; Fattahi and Amelung, 2016; Mohadjer, et al., 2010", "shortening_rate": null, "slip_type": "Sinistral", "strike_slip_rate": "None", "upper_seis_depth": null, "vert_sep_rate": null }, "geometry": { "type": "LineString", "coordinates": [ [ 68.659072909657667, 33.950330175667773 ], [ 68.532223317308819, 33.755357654094553 ], [ 68.452355055459549, 33.644951527420567 ], [ 68.454704121984534, 33.644951527420567 ] ] } },
{ "type": "Feature", "properties": { "accuracy": null, "activity_confidence": null, "average_dip": null, "average_rake": null, "catalog_id": "GAF_646", "catalog_name": "HimaTibetMap", "dip_dir": null, "downthrown_side_dir": null, "downthrown_side_id": null, "epistemic_quality": null, "exposure_quality": "1", "fs_name": null, "last_movement": null, "lower_seis_depth": null, "name": null, "net_slip_rate": null, "notes": null, "reference": null, "shortening_rate": null, "slip_type": "Anticline", "strike_slip_rate": null, "upper_seis_depth": null, "vert_sep_rate": null }, "geometry": { "type": "LineString", "coordinates": [ [ 68.085539843696182, 32.915890051614973 ], [ 68.200957235823125, 32.984516609095856 ], [ 68.22903173661075, 33.012591109883488 ] ] } },
{ "type": "Feature", "properties": { "accuracy": null, "activity_confidence": null, "average_dip": null, "average_rake": null, "catalog_id": "GAF_647", "catalog_name": "HimaTibetMap", "dip_dir": null, "downthrown_side_dir": null, "downthrown_side_id": null, "epistemic_quality": null, "exposure_quality": "1", "fs_name": null, "last_movement": null, "lower_seis_depth": null, "name": null, "net_slip_rate": null, "notes": null, "reference": null, "shortening_rate": null, "slip_type": "Anticline", "strike_slip_rate": null, "upper_seis_depth": null, "vert_sep_rate": null }, "geometry": { "type": "LineString", "coordinates": [ [ 68.269583793304008, 32.993874776025066 ], [ 68.431792020076998, 33.087456445317173 ], [ 68.528493078345505, 33.152963613821655 ], [ 68.609597191732007, 33.218470782326129 ], [ 68.675104360236475, 33.277739172877801 ] ] } },
{ "type": "Feature", "properties": { "accuracy": null, "activity_confidence": null, "average_dip": null, "average_rake": null, "catalog_id": "GAF_648", "catalog_name": "HimaTibetMap", "dip_dir": null, "downthrown_side_dir": null, "downthrown_side_id": null, "epistemic_quality": null, "exposure_quality": "1", "fs_name": null, "last_movement": null, "lower_seis_depth": null, "name": null, "net_slip_rate": null, "notes": null, "reference": null, "shortening_rate": null, "slip_type": "Anticline", "strike_slip_rate": null, "upper_seis_depth": null, "vert_sep_rate": null }, "geometry": { "type": "LineString", "coordinates": [ [ 68.241509292516369, 32.822308382322866 ], [ 68.350687906690496, 32.897173717756552 ] ] } },
{ "type": "Feature", "properties": { "accuracy": null, "activity_confidence": null, "average_dip": null, "average_rake": null, "catalog_id": "GAF_649", "catalog_name": "HimaTibetMap", "dip_dir": null, "downthrown_side_dir": null, "downthrown_side_id": null, "epistemic_quality": null, "exposure_quality": "1", "fs_name": null, "last_movement": null, "lower_seis_depth": null, "name": null, "net_slip_rate": null, "notes": null, "reference": null, "shortening_rate": null, "slip_type": "Anticline", "strike_slip_rate": null, "upper_seis_depth": null, "vert_sep_rate": null }, "geometry": { "type": "LineString", "coordinates": [ [ 68.534731856298322, 32.990755387048665 ], [ 68.63143291456683, 33.062501333505949 ], [ 68.665746193307271, 33.090575834293581 ] ] } },
{ "type": "Feature", "properties": { "accuracy": null, "activity_confidence": null, "average_dip": null, "average_rake": null, "catalog_id": "GAF_666", "catalog_name": "HimaTibetMap", "dip_dir": null, "downthrown_side_dir": null, "downthrown_side_id": null, "epistemic_quality": null, "exposure_quality": "1", "fs_name": null, "last_movement": null, "lower_seis_depth": null, "name": null, "net_slip_rate": null, "notes": null, "reference": "Ruleman, et al., 2007", "shortening_rate": null, "slip_type": "Anticline", "strike_slip_rate": null, "upper_seis_depth": null, "vert_sep_rate": null }, "geometry": { "type": "LineString", "coordinates": [ [ 68.436880666075922, 35.463913184936352 ], [ 68.912486280217081, 35.46004647262626 ], [ 69.210223128094071, 35.475513321866622 ], [ 69.449959291319701, 35.518047157277621 ], [ 69.705162303785684, 35.556714280378529 ] ] } },
{ "type": "Feature", "properties": { "accuracy": null, "activity_confidence": null, "average_dip": null, "average_rake": null, "catalog_id": "GAF_667", "catalog_name": "HimaTibetMap", "dip_dir": null, "downthrown_side_dir": null, "downthrown_side_id": null, "epistemic_quality": null, "exposure_quality": "1", "fs_name": null, "last_movement": null, "lower_seis_depth": null, "name": null, "net_slip_rate": null, "notes": null, "reference": "Ruleman, et al., 2007", "shortening_rate": null, "slip_type": "Anticline", "strike_slip_rate": null, "upper_seis_depth": null, "vert_sep_rate": null }, "geometry": { "type": "LineString", "coordinates": [ [ 67.737005737949502, 35.023107981586008 ], [ 68.282212173672292, 35.0695085293071 ], [ 68.69208367854192, 35.185509898609823 ], [ 69.086488334171165, 35.34791181563363 ] ] } },
{ "type": "Feature", "properties": { "accuracy": null, "activity_confidence": null, "average_dip": null, "average_rake": null, "catalog_id": "GAF_668", "catalog_name": "HimaTibetMap", "dip_dir": null, "downthrown_side_dir": null, "downthrown_side_id": null, "epistemic_quality": null, "exposure_quality": "1", "fs_name": null, "last_movement": null, "lower_seis_depth": null, "name": null, "net_slip_rate": null, "notes": null, "reference": null, "shortening_rate": null, "slip_type": "Anticline", "strike_slip_rate": null, "upper_seis_depth": null, "vert_sep_rate": null }, "geometry": { "type": "LineString", "coordinates": [ [ 69.377017660269885, 37.848613958743293 ], [ 69.377017660269885, 37.962230615946687 ], [ 69.440753833822995, 38.042593617383233 ], [ 69.474007489589852, 38.106329790936357 ], [ 69.487863179492706, 38.172837102470055 ], [ 69.54051480112355, 38.250428965926027 ] ] } },
{ "type": "Feature", "properties": { "accuracy": null, "activity_confidence": null, "average_dip": null, "average_rake": null, "catalog_id": "GAF_727", "catalog_name": "HimaTibetMap", "dip_dir": null, "downthrown_side_dir": null, "downthrown_side_id": null, "epistemic_quality": null, "exposure_quality": "1", "fs_name": "Main Pamir Thrust", "last_movement": null, "lower_seis_depth": null, "name": null, "net_slip_rate": null, "notes": null, "reference": "Arrowsmith and Strecker, 1999; Robinson, et al., 2004b", "shortening_rate": null, "slip_type": "Reverse", "strike_slip_rate": null, "upper_seis_depth": null, "vert_sep_rate": null }, "geometry": { "type": "LineString", "coordinates": [ [ 72.478319119307088, 39.253946195517919 ], [ 72.3474370221832, 39.244369456703978 ], [ 72.114403044377255, 39.206062501448208 ], [ 71.945213991997605, 39.167755546192431 ], [ 71.763255954532681, 39.154986561107179 ], [ 71.571721178253824, 39.14860206856455 ], [ 71.421685603502056, 39.145409822293232 ], [ 71.210997349595317, 39.081564896866951 ], [ 70.990732356874631, 38.973028523642263 ], [ 70.85027352093681, 38.874068889231523 ], [ 70.652354252115316, 38.791070486177354 ], [ 70.31078390108469, 38.593151217355867 ], [ 70.144787094976351, 38.443115642604099 ], [ 70.033058475480345, 38.321810284294152 ], [ 69.962829057511442, 38.222850649883412 ], [ 69.863869423100695, 38.082391813945584 ], [ 69.745756311062067, 37.846165589868328 ], [ 69.69148812444972, 37.73762921664364 ], [ 69.656373415465268, 37.64505407477553 ], [ 69.64679667665132, 37.565247917992671 ], [ 69.624450952752127, 37.453519298496673 ], [ 69.582951751225039, 37.338598432729356 ], [ 69.547837042240587, 37.242831044589927 ], [ 69.474415378000359, 37.111948947466047 ], [ 69.381840236132234, 37.048104022039759 ], [ 69.362686758504353, 36.97468235779953 ] ] } },
{ "type": "Feature", "properties": { "accuracy": null, "activity_confidence": null, "average_dip": null, "average_rake": null, "catalog_id": "GAF_733", "catalog_name": "HimaTibetMap", "dip_dir": null, "downthrown_side_dir": null, "downthrown_side_id": null, "epistemic_quality": null, "exposure_quality": "2", "fs_name": "Western Kunlun Shan Thrust Belt", "last_movement": null, "lower_seis_depth": null, "name": null, "net_slip_rate": null, "notes": null, "reference": "Avouac and Peltzer, 1993", "shortening_rate": null, "slip_type": "Syncline", "strike_slip_rate": null, "upper_seis_depth": null, "vert_sep_rate": null }, "geometry": { "type": "LineString", "coordinates": [ [ 77.219925813009525, 37.602902577457009 ], [ 77.354234009799583, 37.541439504349697 ], [ 77.53179399877628, 37.475423611012211 ], [ 77.770817060860281, 37.420789768250152 ], [ 77.959759100412398, 37.366155925488094 ], [ 78.16463601077011, 37.300140032150608 ], [ 78.349025230092067, 37.256888239963978 ] ] } },
{ "type": "Feature", "properties": { "accuracy": null, "activity_confidence": null, "average_dip": null, "average_rake": null, "catalog_id": "GAF_734", "catalog_name": "HimaTibetMap", "dip_dir": null, "downthrown_side_dir": null, "downthrown_side_id": null, "epistemic_quality": null, "exposure_quality": "1", "fs_name": "Western Kunlun Shan Thrust Belt", "last_movement": null, "lower_seis_depth": null, "name": null, "net_slip_rate": null, "notes": null, "reference": "Avouac and Peltzer, 1993", "shortening_rate": null, "slip_type": "Anticline", "strike_slip_rate": null, "upper_seis_depth": null, "vert_sep_rate": null }, "geometry": { "type": "LineString", "coordinates": [ [ 79.394406588962426, 37.07684296486299 ], [ 79.337511717234705, 37.09429072552615 ], [ 79.288961426693717, 37.114014281058431 ], [ 79.238135341283623, 37.135255033170111 ], [ 79.20323981995729, 37.146634007515651 ], [ 79.159999717444222, 37.151185597253871 ], [ 79.119794008089968, 37.161805973309711 ], [ 79.080346897025422, 37.176219340814065 ] ] } },
{ "type": "Feature", "properties": { "accuracy": null, "activity_confidence": null, "average_dip": null, "average_rake": null, "catalog_id": "GAF_736", "catalog_name": "HimaTibetMap", "dip_dir": null, "downthrown_side_dir": null, "downthrown_side_id": null, "epistemic_quality": null, "exposure_quality": "1", "fs_name": "Karakax Fault", "last_movement": null, "lower_seis_depth": null, "name": null, "net_slip_rate": "(7,4,10)", "notes": null, "reference": "Avouac and Peltzer, 1993; Taylor, et al., 2003; Shen et al., 2001b", "shortening_rate": null, "slip_type": "Sinistral", "strike_slip_rate": null, "upper_seis_depth": null, "vert_sep_rate": null }, "geometry": { "type": "LineString", "coordinates": [ [ 76.892328914665924, 36.433126208533402 ], [ 77.216307222801476, 36.461055373027847 ], [ 77.534699698038139, 36.455469540128959 ], [ 77.931293833859229, 36.377267879544512 ], [ 78.417261296062549, 36.265551221566739 ], [ 78.81944126478254, 36.215278725476743 ], [ 79.188106236109206, 36.159420396487853 ], [ 79.640558700919186, 36.081218735903413 ], [ 80.115354497324731, 35.980673743723415 ], [ 80.65718028851694, 35.919229581835637 ], [ 80.869441938674711, 35.874542918644529 ], [ 81.171076915214698, 35.89688625024008 ], [ 81.567671051035802, 35.941572913431195 ], [ 81.846962695980238, 36.042117905611192 ], [ 82.092739343531349, 36.114733733296745 ], [ 82.293829327891345, 36.142662897791183 ], [ 82.601050137330219, 36.170592062285628 ], [ 82.89151344807243, 36.215278725476743 ], [ 82.997644273151323, 36.237622057072294 ] ] } },
{ "type": "Feature", "properties": { "accuracy": null, "activity_confidence": null, "average_dip": null, "average_rake": null, "catalog_id": "GAF_737", "catalog_name": "HimaTibetMap", "dip_dir": null, "downthrown_side_dir": null, "downthrown_side_id": null, "epistemic_quality": null, "exposure_quality": "1", "fs_name": "Altyn Tagh Fault", "last_movement": null, "lower_seis_depth": null, "name": null, "net_slip_rate": null, "notes": null, "reference": "Cowgill, et al., 2000, 2004b; Meriaux, et al., 2004, 2005; Elliott et al., 2008; Bendick et al., 2000", "shortening_rate": null, "slip_type": "Sinistral", "strike_slip_rate": "None", "upper_seis_depth": null, "vert_sep_rate": null }, "geometry": { "type": "LineString", "coordinates": [ [ 82.984238274194013, 36.237622057072294 ], [ 83.185328258554009, 36.338167049252291 ], [ 83.431104906105105, 36.472227038825622 ], [ 83.654538222060665, 36.65097369159006 ], [ 83.866799872218436, 36.740347017972283 ], [ 84.162849015859535, 36.835306177253393 ], [ 84.464483992399522, 36.924679503635609 ], [ 84.632058979366192, 37.014052830017832 ], [ 84.883421459816191, 37.103426156400047 ], [ 85.25767226404173, 37.215142814377828 ], [ 85.659852232761722, 37.382717801344484 ], [ 86.000588039593936, 37.516777790917814 ], [ 86.425111339909478, 37.673181112086702 ], [ 86.90549296921391, 37.779311937165588 ] ] } },
{ "type": "Feature", "properties": { "accuracy": null, "activity_confidence": null, "average_dip": null, "average_rake": null, "catalog_id": "GAF_739", "catalog_name": "HimaTibetMap", "dip_dir": null, "downthrown_side_dir": null, "downthrown_side_id": null, "epistemic_quality": null, "exposure_quality": "1", "fs_name": "Altyn Tagh Fault", "last_movement": null, "lower_seis_depth": null, "name": null, "net_slip_rate": null, "notes": null, "reference": "Cowgill, et al., 2000, 2004b; Meriaux, et al., 2004, 2005; Elliott et al., 2008; Bendick et al., 2000", "shortening_rate": null, "slip_type": "Sinistral", "strike_slip_rate": "None", "upper_seis_depth": null, "vert_sep_rate": null }, "geometry": { "type": "LineString", "coordinates": [ [ 86.916265646947494, 37.780109913293991 ], [ 87.136507058389384, 37.823200624228278 ], [ 87.227476337028435, 37.847139908080656 ], [ 87.347172756290334, 37.847139908080656 ], [ 87.45011167685557, 37.880654905473989 ], [ 87.66077737475652, 37.933321329949223 ], [ 87.861867359116516, 37.99795739635065 ], [ 88.067745200246975, 38.055411677596368 ], [ 88.32389553746745, 38.141593099464934 ], [ 88.558500519220772, 38.199047380710645 ], [ 88.721287649416965, 38.220592736177785 ], [ 88.876892994457435, 38.234956306489217 ], [ 89.117482797173864, 38.254107733571132 ], [ 89.294633497681474, 38.254107733571132 ], [ 89.455026699492421, 38.278047017423518 ], [ 89.677662039319571, 38.325925585128275 ], [ 89.893115593990984, 38.390561651529701 ], [ 90.156447716367168, 38.503076285635892 ], [ 90.256992708547173, 38.550954853340656 ], [ 90.356340736534548, 38.560530566881603 ], [ 90.495188582878356, 38.572500208807796 ], [ 90.595733575058361, 38.584469850733988 ], [ 90.725005707861214, 38.620378776512553 ], [ 90.866247482590254, 38.673045200987794 ], [ 91.01227711408977, 38.708954126766365 ] ] } },
{ "type": "Feature", "properties": { "accuracy": null, "activity_confidence": null, "average_dip": null, "average_rake": null, "catalog_id": "GAF_740", "catalog_name": "HimaTibetMap", "dip_dir": null, "downthrown_side_dir": null, "downthrown_side_id": null, "epistemic_quality": null, "exposure_quality": "1", "fs_name": null, "last_movement": null, "lower_seis_depth": null, "name": null, "net_slip_rate": null, "notes": null, "reference": null, "shortening_rate": null, "slip_type": "Reverse", "strike_slip_rate": null, "upper_seis_depth": null, "vert_sep_rate": null }, "geometry": { "type": "LineString", "coordinates": [ [ 90.083629873517225, 37.82814130754182 ], [ 90.045728292842696, 37.843622234859581 ], [ 90.023841464565862, 37.844156059939507 ], [ 90.004089936608707, 37.850561960898581 ], [ 89.98113545817202, 37.857501686937582 ], [ 89.964586880694412, 37.857501686937582 ], [ 89.933091200978964, 37.862306112656881 ], [ 89.914941148261576, 37.870313488855729 ], [ 89.889851369505195, 37.874050264415189 ], [ 89.85301743899052, 37.872448789175422 ], [ 89.821521759275072, 37.886328241253416 ], [ 89.793229030039143, 37.900741518411337 ], [ 89.767605426202849, 37.913019495249564 ], [ 89.735042096327547, 37.922094521608251 ], [ 89.701944941372332, 37.931169547966945 ] ] } },
{ "type": "Feature", "properties": { "accuracy": null, "activity_confidence": null, "average_dip": null, "average_rake": null, "catalog_id": "GAF_742", "catalog_name": "HimaTibetMap", "dip_dir": null, "downthrown_side_dir": null, "downthrown_side_id": null, "epistemic_quality": null, "exposure_quality": "1", "fs_name": null, "last_movement": null, "lower_seis_depth": null, "name": null, "net_slip_rate": null, "notes": null, "reference": null, "shortening_rate": null, "slip_type": "Anticline", "strike_slip_rate": null, "upper_seis_depth": null, "vert_sep_rate": null }, "geometry": { "type": "LineString", "coordinates": [ [ 93.220507769841177, 37.810069191200846 ], [ 93.096695800620765, 37.873604280669213 ], [ 92.941930839095264, 37.893153538967177 ], [ 92.806715135867705, 37.920848321555951 ], [ 92.684532271505461, 37.951801313861054 ], [ 92.57538224600853, 37.994158040173296 ], [ 92.495556107958521, 38.036514766485539 ] ] } },
{ "type": "Feature", "properties": { "accuracy": null, "activity_confidence": null, "average_dip": null, "average_rake": null, "catalog_id": "GAF_745", "catalog_name": "HimaTibetMap", "dip_dir": null, "downthrown_side_dir": null, "downthrown_side_id": null, "epistemic_quality": null, "exposure_quality": "1", "fs_name": null, "last_movement": null, "lower_seis_depth": null, "name": null, "net_slip_rate": null, "notes": null, "reference": null, "shortening_rate": null, "slip_type": "Anticline", "strike_slip_rate": null, "upper_seis_depth": null, "vert_sep_rate": null }, "geometry": { "type": "LineString", "coordinates": [ [ 93.314499483728184, 37.211716795131871 ], [ 93.114043221883875, 37.307172157914877 ], [ 93.037678931657467, 37.342172457601976 ], [ 92.935859878022271, 37.345354303028074 ] ] } },
{ "type": "Feature", "properties": { "accuracy": null, "activity_confidence": null, "average_dip": null, "average_rake": null, "catalog_id": "GAF_746", "catalog_name": "HimaTibetMap", "dip_dir": null, "downthrown_side_dir": null, "downthrown_side_id": null, "epistemic_quality": null, "exposure_quality": "1", "fs_name": null, "last_movement": null, "lower_seis_depth": null, "name": null, "net_slip_rate": null, "notes": null, "reference": null, "shortening_rate": null, "slip_type": "Anticline", "strike_slip_rate": null, "upper_seis_depth": null, "vert_sep_rate": null }, "geometry": { "type": "LineString", "coordinates": [ [ 92.889599675739547, 37.551878914017159 ], [ 92.756545929186927, 37.605100412638208 ], [ 92.685117075774457, 37.649918516740144 ], [ 92.620691051127935, 37.690534923582526 ], [ 92.532455408677251, 37.707341712620746 ], [ 92.437216937460633, 37.71014284412712 ], [ 92.372790912814096, 37.711543409880306 ], [ 92.22012924571689, 37.773168303020469 ], [ 92.154302655317167, 37.813784709862844 ], [ 92.075870973138777, 37.840395459173365 ], [ 91.98203306767536, 37.869807339990267 ], [ 91.928811569054304, 37.907622615326268 ], [ 91.836374229344074, 37.946838456415463 ], [ 91.806962348527179, 37.952440719428203 ] ] } },
{ "type": "Feature", "properties": { "accuracy": null, "activity_confidence": null, "average_dip": null, "average_rake": null, "catalog_id": "GAF_747", "catalog_name": "HimaTibetMap", "dip_dir": null, "downthrown_side_dir": null, "downthrown_side_id": null, "epistemic_quality": null, "exposure_quality": "1", "fs_name": null, "last_movement": null, "lower_seis_depth": null, "name": null, "net_slip_rate": null, "notes": null, "reference": null, "shortening_rate": null, "slip_type": "Anticline", "strike_slip_rate": null, "upper_seis_depth": null, "vert_sep_rate": null }, "geometry": { "type": "LineString", "coordinates": [ [ 92.283154704610226, 37.963645245453691 ], [ 92.409205622396925, 37.916026009845382 ], [ 92.599682564830147, 37.838994893420185 ], [ 92.629094445647041, 37.820787538628771 ] ] } },
{ "type": "Feature", "properties": { "accuracy": null, "activity_confidence": null, "average_dip": null, "average_rake": null, "catalog_id": "GAF_757", "catalog_name": "HimaTibetMap", "dip_dir": null, "downthrown_side_dir": null, "downthrown_side_id": null, "epistemic_quality": null, "exposure_quality": "3", "fs_name": null, "last_movement": null, "lower_seis_depth": null, "name": null, "net_slip_rate": null, "notes": null, "reference": null, "shortening_rate": null, "slip_type": "Reverse", "strike_slip_rate": null, "upper_seis_depth": null, "vert_sep_rate": null }, "geometry": { "type": "LineString", "coordinates": [ [ 83.700112707107678, 36.806579201467393 ], [ 83.60949687951576, 36.787502185132254 ], [ 83.466419257002201, 36.770014920158374 ], [ 83.345068236425874, 36.748818235341552 ], [ 83.208349619357364, 36.714373622514209 ], [ 83.106605532236614, 36.691057269215705 ], [ 83.080109676215585, 36.686288015131922 ], [ 82.88642496870186, 36.64283481125743 ], [ 82.773022704931847, 36.626407380524391 ], [ 82.73062933529819, 36.618988540838508 ] ] } },
{ "type": "Feature", "properties": { "accuracy": null, "activity_confidence": null, "average_dip": null, "average_rake": null, "catalog_id": "GAF_758", "catalog_name": "HimaTibetMap", "dip_dir": null, "downthrown_side_dir": null, "downthrown_side_id": null, "epistemic_quality": null, "exposure_quality": "1", "fs_name": "Western Kunlun Shan Thrust Belt", "last_movement": null, "lower_seis_depth": null, "name": null, "net_slip_rate": null, "notes": null, "reference": "Avouac and Peltzer, 1993", "shortening_rate": null, "slip_type": "Reverse", "strike_slip_rate": null, "upper_seis_depth": null, "vert_sep_rate": null }, "geometry": { "type": "LineString", "coordinates": [ [ 79.753011402024384, 37.030872492111733 ], [ 79.502187106883298, 37.168966766964687 ], [ 79.369729333044745, 37.214058775079941 ], [ 79.20627080362695, 37.253514282180788 ], [ 78.983629013557902, 37.301424540803239 ], [ 78.755350722474432, 37.307061041817647 ], [ 78.580619191027836, 37.371880803483322 ], [ 78.46788917073971, 37.450791817685008 ], [ 78.388978156538016, 37.524066330872294 ], [ 78.194518871540993, 37.681888359275675 ], [ 77.938058075385499, 37.743889870434145 ], [ 77.69287028125882, 37.752344621955757 ], [ 77.495592745754593, 37.757981122970165 ], [ 77.334952466844015, 37.769254124998973 ], [ 77.20813119401987, 37.831255636157444 ], [ 77.115128927282157, 37.927076153402353 ], [ 76.920669642285134, 38.225810707165898 ], [ 76.906578389749114, 38.37235973354047 ], [ 76.838940377576236, 38.530181761943851 ] ] } },
{ "type": "Feature", "properties": { "accuracy": null, "activity_confidence": null, "average_dip": null, "average_rake": null, "catalog_id": "GAF_759", "catalog_name": "HimaTibetMap", "dip_dir": null, "downthrown_side_dir": null, "downthrown_side_id": null, "epistemic_quality": null, "exposure_quality": "1", "fs_name": null, "last_movement": null, "lower_seis_depth": null, "name": null, "net_slip_rate": null, "notes": null, "reference": null, "shortening_rate": null, "slip_type": "Reverse", "strike_slip_rate": null, "upper_seis_depth": null, "vert_sep_rate": null }, "geometry": { "type": "LineString", "coordinates": [ [ 82.616017955678927, 36.581457252827697 ], [ 82.554226549087133, 36.589321613666655 ], [ 82.521645625611455, 36.592692054026209 ], [ 82.486817741896076, 36.592692054026209 ], [ 82.455360298540256, 36.590445093786506 ], [ 82.421655894944735, 36.590445093786506 ], [ 82.378963650390403, 36.590445093786506 ], [ 82.33851836607576, 36.591568573906358 ], [ 82.311554843199346, 36.591568573906358 ], [ 82.220552953491421, 36.581457252827697 ], [ 82.145279785461412, 36.556740690190978 ] ] } },
{ "type": "Feature", "properties": { "accuracy": null, "activity_confidence": null, "average_dip": null, "average_rake": null, "catalog_id": "GAF_760", "catalog_name": "HimaTibetMap", "dip_dir": null, "downthrown_side_dir": null, "downthrown_side_id": null, "epistemic_quality": null, "exposure_quality": "2", "fs_name": null, "last_movement": null, "lower_seis_depth": null, "name": null, "net_slip_rate": null, "notes": null, "reference": null, "shortening_rate": null, "slip_type": "Reverse", "strike_slip_rate": null, "upper_seis_depth": null, "vert_sep_rate": null }, "geometry": { "type": "LineString", "coordinates": [ [ 84.449587793802024, 37.034385524259108 ], [ 84.370843556615867, 37.039965824532139 ], [ 84.329301321249957, 37.038725757804805 ], [ 84.292719352793398, 37.026325090531394 ], [ 84.248696983972792, 36.999043622529889 ], [ 84.216455249061923, 36.982922755074462 ], [ 84.137090978512106, 36.957501387163973 ], [ 84.098648909964538, 36.951921086890934 ], [ 84.065167108326335, 36.937660319526515 ], [ 84.02920517323345, 36.937040286162848 ] ] } },
{ "type": "Feature", "properties": { "accuracy": null, "activity_confidence": null, "average_dip": null, "average_rake": null, "catalog_id": "GAF_761", "catalog_name": "HimaTibetMap", "dip_dir": null, "downthrown_side_dir": null, "downthrown_side_id": null, "epistemic_quality": null, "exposure_quality": "1", "fs_name": null, "last_movement": null, "lower_seis_depth": null, "name": null, "net_slip_rate": null, "notes": null, "reference": null, "shortening_rate": null, "slip_type": "Sinistral", "strike_slip_rate": null, "upper_seis_depth": null, "vert_sep_rate": null }, "geometry": { "type": "LineString", "coordinates": [ [ 84.438117176574139, 37.014234439939798 ], [ 84.480899478667396, 37.047716241578009 ], [ 84.527401980942685, 37.07995797648887 ], [ 84.591885450764408, 37.119020078400105 ], [ 84.660089120768163, 37.163662480584385 ], [ 84.693570922406366, 37.1884638151312 ], [ 84.737593291226972, 37.213265149678016 ], [ 84.773555226319857, 37.238066484224838 ] ] } },
{ "type": "Feature", "properties": { "accuracy": null, "activity_confidence": null, "average_dip": null, "average_rake": null, "catalog_id": "GAF_762", "catalog_name": "HimaTibetMap", "dip_dir": null, "downthrown_side_dir": null, "downthrown_side_id": null, "epistemic_quality": null, "exposure_quality": "1", "fs_name": null, "last_movement": null, "lower_seis_depth": null, "name": null, "net_slip_rate": null, "notes": null, "reference": null, "shortening_rate": null, "slip_type": "Sinistral", "strike_slip_rate": null, "upper_seis_depth": null, "vert_sep_rate": null }, "geometry": { "type": "LineString", "coordinates": [ [ 84.655128853858798, 37.125220412036811 ], [ 84.717752223589514, 37.16614261403906 ], [ 84.780995626683904, 37.207064816041317 ], [ 84.850439363414992, 37.25170721822559 ], [ 84.894461732235598, 37.277748619499746 ] ] } },
{ "type": "Feature", "properties": { "accuracy": null, "activity_confidence": null, "average_dip": null, "average_rake": null, "catalog_id": "GAF_763", "catalog_name": "HimaTibetMap", "dip_dir": null, "downthrown_side_dir": null, "downthrown_side_id": null, "epistemic_quality": null, "exposure_quality": "1", "fs_name": null, "last_movement": null, "lower_seis_depth": null, "name": null, "net_slip_rate": null, "notes": null, "reference": null, "shortening_rate": null, "slip_type": "Sinistral", "strike_slip_rate": null, "upper_seis_depth": null, "vert_sep_rate": null }, "geometry": { "type": "LineString", "coordinates": [ [ 85.443847514512072, 37.364266879941056 ], [ 85.360711830398557, 37.33050875366466 ], [ 85.286141641011895, 37.296246774757272 ], [ 85.228198588447924, 37.262488648480875 ] ] } },
{ "type": "Feature", "properties": { "accuracy": null, "activity_confidence": null, "average_dip": null, "average_rake": null, "catalog_id": "GAF_764", "catalog_name": "HimaTibetMap", "dip_dir": null, "downthrown_side_dir": null, "downthrown_side_id": null, "epistemic_quality": null, "exposure_quality": "1", "fs_name": null, "last_movement": null, "lower_seis_depth": null, "name": null, "net_slip_rate": null, "notes": null, "reference": null, "shortening_rate": null, "slip_type": "Sinistral", "strike_slip_rate": null, "upper_seis_depth": null, "vert_sep_rate": null }, "geometry": { "type": "LineString", "coordinates": [ [ 85.463296226068337, 37.372328522036909 ], [ 85.547943468074834, 37.413140585147183 ], [ 85.610925046948708, 37.442867890375652 ], [ 85.64065235217717, 37.456471911412407 ] ] } },
{ "type": "Feature", "properties": { "accuracy": null, "activity_confidence": null, "average_dip": null, "average_rake": null, "catalog_id": "GAF_765", "catalog_name": "HimaTibetMap", "dip_dir": null, "downthrown_side_dir": null, "downthrown_side_id": null, "epistemic_quality": null, "exposure_quality": "1", "fs_name": null, "last_movement": null, "lower_seis_depth": null, "name": null, "net_slip_rate": null, "notes": null, "reference": null, "shortening_rate": null, "slip_type": "Sinistral", "strike_slip_rate": null, "upper_seis_depth": null, "vert_sep_rate": null }, "geometry": { "type": "LineString", "coordinates": [ [ 85.617475131151593, 37.438333216696734 ], [ 85.689526057383304, 37.459998879829342 ], [ 85.729834267862586, 37.474106753497097 ] ] } },
{ "type": "Feature", "properties": { "accuracy": null, "activity_confidence": null, "average_dip": null, "average_rake": null, "catalog_id": "GAF_766", "catalog_name": "HimaTibetMap", "dip_dir": null, "downthrown_side_dir": null, "downthrown_side_id": null, "epistemic_quality": null, "exposure_quality": "2", "fs_name": null, "last_movement": null, "lower_seis_depth": null, "name": null, "net_slip_rate": null, "notes": null, "reference": null, "shortening_rate": null, "slip_type": "Sinistral", "strike_slip_rate": null, "upper_seis_depth": null, "vert_sep_rate": null }, "geometry": { "type": "LineString", "coordinates": [ [ 83.164439059485844, 36.147926911008398 ], [ 83.427411868219295, 36.234992232818797 ], [ 83.587327765422074, 36.288297531886393 ], [ 83.759681565740621, 36.323834397931449 ], [ 84.02087753117182, 36.336272301047224 ], [ 84.246536630557955, 36.325611241233702 ], [ 84.406452527760734, 36.341602830953981 ], [ 84.55926105175449, 36.346933360860739 ], [ 84.688970612818963, 36.366478637185523 ], [ 84.969711854574953, 36.407346033137344 ] ] } },
{ "type": "Feature", "properties": { "accuracy": null, "activity_confidence": null, "average_dip": null, "average_rake": null, "catalog_id": "GAF_770", "catalog_name": "HimaTibetMap", "dip_dir": null, "downthrown_side_dir": null, "downthrown_side_id": null, "epistemic_quality": null, "exposure_quality": "1", "fs_name": null, "last_movement": null, "lower_seis_depth": null, "name": null, "net_slip_rate": null, "notes": null, "reference": null, "shortening_rate": null, "slip_type": "Sinistral", "strike_slip_rate": null, "upper_seis_depth": null, "vert_sep_rate": null }, "geometry": { "type": "LineString", "coordinates": [ [ 87.913997771271653, 37.882043748373995 ], [ 87.992129411890929, 37.909724672479115 ], [ 88.081422715455815, 37.933387397923809 ], [ 88.151517958754255, 37.952585458190256 ] ] } },
{ "type": "Feature", "properties": { "accuracy": null, "activity_confidence": null, "average_dip": null, "average_rake": null, "catalog_id": "GAF_771", "catalog_name": "HimaTibetMap", "dip_dir": null, "downthrown_side_dir": null, "downthrown_side_id": null, "epistemic_quality": null, "exposure_quality": "1", "fs_name": null, "last_movement": null, "lower_seis_depth": null, "name": null, "net_slip_rate": null, "notes": null, "reference": null, "shortening_rate": null, "slip_type": "Anticline", "strike_slip_rate": null, "upper_seis_depth": null, "vert_sep_rate": null }, "geometry": { "type": "LineString", "coordinates": [ [ 88.157768490003804, 37.95481779077938 ], [ 88.187681746698033, 37.964193587653696 ], [ 88.222952601606167, 37.975801717117129 ], [ 88.239471862765669, 37.979373449259725 ] ] } },
{ "type": "Feature", "properties": { "accuracy": null, "activity_confidence": null, "average_dip": null, "average_rake": null, "catalog_id": "GAF_778", "catalog_name": "HimaTibetMap", "dip_dir": null, "downthrown_side_dir": null, "downthrown_side_id": null, "epistemic_quality": null, "exposure_quality": "1", "fs_name": null, "last_movement": null, "lower_seis_depth": null, "name": null, "net_slip_rate": null, "notes": null, "reference": null, "shortening_rate": null, "slip_type": "Anticline", "strike_slip_rate": null, "upper_seis_depth": null, "vert_sep_rate": null }, "geometry": { "type": "LineString", "coordinates": [ [ 89.179711073068802, 38.001369927371968 ], [ 89.146142401163971, 37.995775148721165 ], [ 89.12656067588614, 37.992278412064408 ], [ 89.104181561282914, 37.988781675407651 ], [ 89.084599836005083, 37.9824875494255 ], [ 89.062220721401857, 37.978990812768743 ], [ 89.013266408207286, 37.970598644792531 ], [ 88.994384030260818, 37.970598644792531 ] ] } },
{ "type": "Feature", "properties": { "accuracy": null, "activity_confidence": null, "average_dip": null, "average_rake": null, "catalog_id": "GAF_795", "catalog_name": "HimaTibetMap", "dip_dir": null, "downthrown_side_dir": null, "downthrown_side_id": null, "epistemic_quality": null, "exposure_quality": "2", "fs_name": null, "last_movement": null, "lower_seis_depth": null, "name": null, "net_slip_rate": null, "notes": null, "reference": null, "shortening_rate": null, "slip_type": "Dextral", "strike_slip_rate": null, "upper_seis_depth": null, "vert_sep_rate": null }, "geometry": { "type": "LineString", "coordinates": [ [ 96.657897693356162, 18.930363358994743 ], [ 96.950410696695414, 18.688283632093299 ], [ 97.202577078884417, 18.459652778908598 ], [ 97.384136874060502, 18.257919673157396 ], [ 97.582507761382516, 17.988942198822453 ], [ 97.727083153837555, 17.780484656212877 ], [ 97.871658546292579, 17.635909263757846 ], [ 98.039769467751924, 17.467798342298508 ], [ 98.275124757794998, 17.279514110264049 ], [ 98.443235679254329, 17.161836465242516 ], [ 98.675228750868214, 16.970190014778868 ] ] } },
{ "type": "Feature", "properties": { "accuracy": null, "activity_confidence": null, "average_dip": null, "average_rake": null, "catalog_id": "GAF_803", "catalog_name": "HimaTibetMap", "dip_dir": null, "downthrown_side_dir": null, "downthrown_side_id": null, "epistemic_quality": null, "exposure_quality": "1", "fs_name": null, "last_movement": null, "lower_seis_depth": null, "name": null, "net_slip_rate": null, "notes": null, "reference": null, "shortening_rate": null, "slip_type": "Anticline", "strike_slip_rate": null, "upper_seis_depth": null, "vert_sep_rate": null }, "geometry": { "type": "LineString", "coordinates": [ [ 84.67181549073365, 37.05630804348872 ], [ 84.694421310147433, 37.054833750918256 ], [ 84.710147097565724, 37.054833750918256 ], [ 84.72390716155671, 37.055325181775075 ] ] } },
{ "type": "Feature", "properties": { "accuracy": null, "activity_confidence": null, "average_dip": null, "average_rake": null, "catalog_id": "GAF_804", "catalog_name": "HimaTibetMap", "dip_dir": null, "downthrown_side_dir": null, "downthrown_side_id": null, "epistemic_quality": null, "exposure_quality": "1", "fs_name": null, "last_movement": null, "lower_seis_depth": null, "name": null, "net_slip_rate": null, "notes": null, "reference": null, "shortening_rate": null, "slip_type": "Anticline", "strike_slip_rate": null, "upper_seis_depth": null, "vert_sep_rate": null }, "geometry": { "type": "LineString", "coordinates": [ [ 84.724398592413536, 37.065153798911503 ], [ 84.743072964972754, 37.065645229768329 ], [ 84.757815890677392, 37.067610953195612 ], [ 84.771084523811567, 37.070559538336539 ] ] } },
{ "type": "Feature", "properties": { "accuracy": null, "activity_confidence": null, "average_dip": null, "average_rake": null, "catalog_id": "GAF_805", "catalog_name": "HimaTibetMap", "dip_dir": null, "downthrown_side_dir": null, "downthrown_side_id": null, "epistemic_quality": null, "exposure_quality": "1", "fs_name": null, "last_movement": null, "lower_seis_depth": null, "name": null, "net_slip_rate": null, "notes": null, "reference": null, "shortening_rate": null, "slip_type": "Sinistral", "strike_slip_rate": null, "upper_seis_depth": null, "vert_sep_rate": null }, "geometry": { "type": "LineString", "coordinates": [ [ 85.866841443629355, 37.567466295233508 ], [ 85.961517090362292, 37.643440579648832 ], [ 86.05619273709523, 37.724090204643559 ], [ 86.14736187839361, 37.796557983624325 ], [ 86.243206360271401, 37.869025762605098 ], [ 86.34723268816316, 37.949675387599825 ], [ 86.457103191779154, 38.017467826001187 ], [ 86.527233300470229, 38.057208220926121 ], [ 86.6020387497407, 38.073571912954037 ], [ 86.71892226422581, 38.095779780706209 ], [ 86.884896854794661, 38.132013670196592 ], [ 86.971390655513645, 38.15655920823847 ], [ 87.10113135659212, 38.210325624901621 ], [ 87.232040892815448, 38.259416700985369 ], [ 87.277625463464631, 38.288637579606643 ], [ 87.33489838556234, 38.30850777706911 ], [ 87.486846954392988, 38.361105358587409 ] ] } },
{ "type": "Feature", "properties": { "accuracy": null, "activity_confidence": null, "average_dip": null, "average_rake": null, "catalog_id": "GAF_817", "catalog_name": "HimaTibetMap", "dip_dir": null, "downthrown_side_dir": null, "downthrown_side_id": null, "epistemic_quality": null, "exposure_quality": "1", "fs_name": null, "last_movement": null, "lower_seis_depth": null, "name": null, "net_slip_rate": null, "notes": null, "reference": null, "shortening_rate": null, "slip_type": "Normal", "strike_slip_rate": null, "upper_seis_depth": null, "vert_sep_rate": null }, "geometry": { "type": "LineString", "coordinates": [ [ 86.608400291210202, 32.806532583471345 ], [ 86.94339157647299, 32.954551988587461 ], [ 87.161525436644112, 33.11036188870969 ], [ 87.239430386705223, 33.235009808807469 ], [ 87.317335336766334, 33.336286243886917 ] ] } },
{ "type": "Feature", "properties": { "accuracy": null, "activity_confidence": null, "average_dip": null, "average_rake": null, "catalog_id": "GAF_818", "catalog_name": "HimaTibetMap", "dip_dir": null, "downthrown_side_dir": null, "downthrown_side_id": null, "epistemic_quality": null, "exposure_quality": "1", "fs_name": null, "last_movement": null, "lower_seis_depth": null, "name": null, "net_slip_rate": null, "notes": null, "reference": null, "shortening_rate": null, "slip_type": "Normal", "strike_slip_rate": null, "upper_seis_depth": null, "vert_sep_rate": null }, "geometry": { "type": "LineString", "coordinates": [ [ 88.828691367951919, 33.344076738893023 ], [ 88.766367407903033, 33.180476343764688 ], [ 88.672881467829697, 33.071409413679135 ], [ 88.532652557719686, 33.032456938648572 ], [ 88.298937707536354, 32.977923473605799 ], [ 88.104175332383576, 32.938970998575236 ] ] } },
{ "type": "Feature", "properties": { "accuracy": null, "activity_confidence": null, "average_dip": null, "average_rake": null, "catalog_id": "GAF_819", "catalog_name": "HimaTibetMap", "dip_dir": null, "downthrown_side_dir": null, "downthrown_side_id": null, "epistemic_quality": null, "exposure_quality": "1", "fs_name": null, "last_movement": null, "lower_seis_depth": null, "name": null, "net_slip_rate": null, "notes": null, "reference": null, "shortening_rate": null, "slip_type": "Normal", "strike_slip_rate": null, "upper_seis_depth": null, "vert_sep_rate": null }, "geometry": { "type": "LineString", "coordinates": [ [ 89.810293738721938, 35.229376530371951 ], [ 89.709017303642497, 35.120309600286397 ], [ 89.716807798648603, 34.995661680188618 ], [ 89.662274333605822, 34.902175740115283 ], [ 89.631112353581386, 34.800899305035834 ], [ 89.592159878550831, 34.684041879944168 ], [ 89.584369383544711, 34.60613692988305 ], [ 89.592159878550831, 34.528231979821939 ], [ 89.553207403520275, 34.442536534754716 ] ] } },
{ "type": "Feature", "properties": { "accuracy": null, "activity_confidence": null, "average_dip": null, "average_rake": null, "catalog_id": "GAF_820", "catalog_name": "HimaTibetMap", "dip_dir": null, "downthrown_side_dir": null, "downthrown_side_id": null, "epistemic_quality": null, "exposure_quality": "1", "fs_name": null, "last_movement": null, "lower_seis_depth": null, "name": null, "net_slip_rate": null, "notes": null, "reference": null, "shortening_rate": null, "slip_type": "Normal", "strike_slip_rate": null, "upper_seis_depth": null, "vert_sep_rate": null }, "geometry": { "type": "LineString", "coordinates": [ [ 89.810293738721938, 34.255564654608044 ], [ 89.740179283666947, 34.411374554730273 ], [ 89.740179283666947, 34.520441484815827 ], [ 89.740179283666947, 34.645089404913605 ], [ 89.763550768685278, 34.754156334999166 ], [ 89.794712748709713, 34.847642275072502 ], [ 89.818084233728058, 34.941128215145838 ], [ 89.841455718746388, 35.050195145231392 ] ] } },
{ "type": "Feature", "properties": { "accuracy": null, "activity_confidence": null, "average_dip": null, "average_rake": null, "catalog_id": "GAF_821", "catalog_name": "HimaTibetMap", "dip_dir": null, "downthrown_side_dir": null, "downthrown_side_id": null, "epistemic_quality": null, "exposure_quality": "1", "fs_name": null, "last_movement": null, "lower_seis_depth": null, "name": null, "net_slip_rate": null, "notes": null, "reference": null, "shortening_rate": null, "slip_type": "Normal", "strike_slip_rate": null, "upper_seis_depth": null, "vert_sep_rate": null }, "geometry": { "type": "LineString", "coordinates": [ [ 82.791786254775715, 34.952944501084836 ], [ 82.753246465426557, 34.90402861460322 ], [ 82.692472182222133, 34.822502137133867 ], [ 82.64800319451156, 34.773586250652251 ], [ 82.591675810078186, 34.746904858025914 ], [ 82.538313024825527, 34.733564161712742 ], [ 82.498290935886018, 34.71577656662852 ], [ 82.473091842850039, 34.695024372363591 ] ] } },
{ "type": "Feature", "properties": { "accuracy": null, "activity_confidence": null, "average_dip": null, "average_rake": null, "catalog_id": "GAF_822", "catalog_name": "HimaTibetMap", "dip_dir": null, "downthrown_side_dir": null, "downthrown_side_id": null, "epistemic_quality": null, "exposure_quality": "1", "fs_name": null, "last_movement": null, "lower_seis_depth": null, "name": null, "net_slip_rate": null, "notes": null, "reference": null, "shortening_rate": null, "slip_type": "Normal", "strike_slip_rate": null, "upper_seis_depth": null, "vert_sep_rate": null }, "geometry": { "type": "LineString", "coordinates": [ [ 82.897029525690712, 34.799341206034619 ], [ 82.858119161443966, 34.717814728565259 ], [ 82.848854789004264, 34.664081368414998 ], [ 82.843296165540451, 34.58626063992152 ], [ 82.839590416564562, 34.519557158355681 ], [ 82.839590416564562, 34.449147927813961 ], [ 82.856266286956028, 34.404678940103402 ], [ 82.856266286956028, 34.369474324832538 ] ] } },
{ "type": "Feature", "properties": { "accuracy": null, "activity_confidence": null, "average_dip": null, "average_rake": null, "catalog_id": "GAF_823", "catalog_name": "HimaTibetMap", "dip_dir": null, "downthrown_side_dir": null, "downthrown_side_id": null, "epistemic_quality": null, "exposure_quality": "1", "fs_name": null, "last_movement": null, "lower_seis_depth": null, "name": null, "net_slip_rate": null, "notes": null, "reference": null, "shortening_rate": null, "slip_type": "Dextral", "strike_slip_rate": null, "upper_seis_depth": null, "vert_sep_rate": null }, "geometry": { "type": "LineString", "coordinates": [ [ 84.454555820253049, 35.058743634346214 ], [ 84.543493795674166, 34.992040152780376 ], [ 84.604638653776192, 34.947571165069817 ], [ 84.643549018022924, 34.923483796726593 ] ] } },
{ "type": "Feature", "properties": { "accuracy": null, "activity_confidence": null, "average_dip": null, "average_rake": null, "catalog_id": "GAF_824", "catalog_name": "HimaTibetMap", "dip_dir": null, "downthrown_side_dir": null, "downthrown_side_id": null, "epistemic_quality": null, "exposure_quality": "1", "fs_name": null, "last_movement": null, "lower_seis_depth": null, "name": null, "net_slip_rate": null, "notes": null, "reference": null, "shortening_rate": null, "slip_type": "Normal", "strike_slip_rate": null, "upper_seis_depth": null, "vert_sep_rate": null }, "geometry": { "type": "LineString", "coordinates": [ [ 84.662077762902328, 34.879014809016034 ], [ 84.695429503685247, 34.793782582570799 ], [ 84.689870880221434, 34.730784849980836 ], [ 84.645401892510861, 34.693727360222034 ], [ 84.602785779288254, 34.665934242902935 ], [ 84.578698410945023, 34.632582502120016 ], [ 84.578698410945023, 34.612200882752681 ] ] } },
{ "type": "Feature", "properties": { "accuracy": null, "activity_confidence": null, "average_dip": null, "average_rake": null, "catalog_id": "GAF_825", "catalog_name": "HimaTibetMap", "dip_dir": null, "downthrown_side_dir": null, "downthrown_side_id": null, "epistemic_quality": null, "exposure_quality": "1", "fs_name": null, "last_movement": null, "lower_seis_depth": null, "name": null, "net_slip_rate": null, "notes": null, "reference": null, "shortening_rate": null, "slip_type": "Normal", "strike_slip_rate": null, "upper_seis_depth": null, "vert_sep_rate": null }, "geometry": { "type": "LineString", "coordinates": [ [ 86.216004335894112, 32.648214256324593 ], [ 86.244547086953332, 32.703396908372419 ], [ 86.274992688083159, 32.743356759855324 ], [ 86.280701238295009, 32.775705211055772 ], [ 86.288312638577466, 32.796636561832536 ] ] } },
{ "type": "Feature", "properties": { "accuracy": null, "activity_confidence": null, "average_dip": null, "average_rake": null, "catalog_id": "GAF_826", "catalog_name": "HimaTibetMap", "dip_dir": null, "downthrown_side_dir": null, "downthrown_side_id": null, "epistemic_quality": null, "exposure_quality": "1", "fs_name": null, "last_movement": null, "lower_seis_depth": null, "name": null, "net_slip_rate": null, "notes": null, "reference": null, "shortening_rate": null, "slip_type": "Normal", "strike_slip_rate": null, "upper_seis_depth": null, "vert_sep_rate": null }, "geometry": { "type": "LineString", "coordinates": [ [ 86.644145601782398, 33.33514313181648 ], [ 86.625117101076256, 33.276154779627426 ], [ 86.632728501358713, 33.2209721275796 ], [ 86.636534201499941, 33.165789475531774 ], [ 86.64033990164117, 33.141052424613783 ], [ 86.657465552276705, 33.101092573130877 ], [ 86.661271252417933, 33.053521321365515 ] ] } },
{ "type": "Feature", "properties": { "accuracy": null, "activity_confidence": null, "average_dip": null, "average_rake": null, "catalog_id": "GAF_827", "catalog_name": "HimaTibetMap", "dip_dir": null, "downthrown_side_dir": null, "downthrown_side_id": null, "epistemic_quality": null, "exposure_quality": "1", "fs_name": null, "last_movement": null, "lower_seis_depth": null, "name": null, "net_slip_rate": null, "notes": null, "reference": null, "shortening_rate": null, "slip_type": "Normal", "strike_slip_rate": null, "upper_seis_depth": null, "vert_sep_rate": null }, "geometry": { "type": "LineString", "coordinates": [ [ 86.83443060884386, 33.491176837606879 ], [ 86.809693557925868, 33.430285635347211 ], [ 86.788762207149119, 33.384617233652463 ], [ 86.786859357078498, 33.333240281745866 ], [ 86.788762207149119, 33.281863329839268 ], [ 86.796373607431576, 33.245709178497592 ] ] } },
{ "type": "Feature", "properties": { "accuracy": null, "activity_confidence": null, "average_dip": null, "average_rake": null, "catalog_id": "GAF_828", "catalog_name": "HimaTibetMap", "dip_dir": null, "downthrown_side_dir": null, "downthrown_side_id": null, "epistemic_quality": null, "exposure_quality": "1", "fs_name": null, "last_movement": null, "lower_seis_depth": null, "name": null, "net_slip_rate": null, "notes": null, "reference": null, "shortening_rate": null, "slip_type": "Normal", "strike_slip_rate": null, "upper_seis_depth": null, "vert_sep_rate": null }, "geometry": { "type": "LineString", "coordinates": [ [ 87.629559756517295, 34.710015826117342 ], [ 87.609770670980851, 34.682805833504744 ], [ 87.58833249498305, 34.670437655044474 ], [ 87.576788861753471, 34.648999479046672 ], [ 87.570192499907989, 34.630859483971612 ], [ 87.561122502370466, 34.620964941203397 ], [ 87.561122502370466, 34.59705312951354 ], [ 87.550403414371559, 34.572316772592998 ], [ 87.524842512220332, 34.553352232287246 ], [ 87.499281610069104, 34.531089511058759 ], [ 87.486913431608841, 34.520370423059859 ], [ 87.464650710380354, 34.506353154138218 ], [ 87.444861624843909, 34.489862249524528 ], [ 87.460527984226928, 34.432968628607277 ] ] } },
{ "type": "Feature", "properties": { "accuracy": null, "activity_confidence": null, "average_dip": null, "average_rake": null, "catalog_id": "GAF_829", "catalog_name": "HimaTibetMap", "dip_dir": null, "downthrown_side_dir": null, "downthrown_side_id": null, "epistemic_quality": null, "exposure_quality": "1", "fs_name": null, "last_movement": null, "lower_seis_depth": null, "name": null, "net_slip_rate": null, "notes": null, "reference": null, "shortening_rate": null, "slip_type": "Normal", "strike_slip_rate": null, "upper_seis_depth": null, "vert_sep_rate": null }, "geometry": { "type": "LineString", "coordinates": [ [ 87.792819712192866, 34.557474958440672 ], [ 87.751592450658634, 34.519545877829174 ], [ 87.73345245558356, 34.484090432909731 ], [ 87.707891553432333, 34.4535822593744 ], [ 87.690576103587958, 34.428021357223173 ], [ 87.674909744204953, 34.378548643382089 ], [ 87.658418839591249, 34.347215924616073 ], [ 87.630384301747981, 34.329075929541006 ], [ 87.611419761442221, 34.315883205850049 ], [ 87.595753402059216, 34.293620484621563 ] ] } },
{ "type": "Feature", "properties": { "accuracy": null, "activity_confidence": null, "average_dip": null, "average_rake": null, "catalog_id": "GAF_830", "catalog_name": "HimaTibetMap", "dip_dir": null, "downthrown_side_dir": null, "downthrown_side_id": null, "epistemic_quality": null, "exposure_quality": "1", "fs_name": null, "last_movement": null, "lower_seis_depth": null, "name": null, "net_slip_rate": null, "notes": null, "reference": null, "shortening_rate": null, "slip_type": "Sinistral", "strike_slip_rate": null, "upper_seis_depth": null, "vert_sep_rate": null }, "geometry": { "type": "LineString", "coordinates": [ [ 86.854525971990228, 35.489274596923188 ], [ 86.936148321912228, 35.487763071924633 ], [ 86.999632371851575, 35.480205446931855 ], [ 87.055558796798124, 35.478693921933299 ], [ 87.09334692176202, 35.48171697193041 ], [ 87.141715721715798, 35.489274596923188 ], [ 87.173457746685472, 35.49532069691741 ], [ 87.312518046552597, 35.48171697193041 ], [ 87.371467521496271, 35.483228496928966 ], [ 87.403209546465931, 35.505901371907299 ], [ 87.474251221398049, 35.507412896905855 ], [ 87.584592546292626, 35.504389846908744 ], [ 87.661680321218952, 35.537643396876973 ], [ 87.824925021062967, 35.592058296824973 ], [ 87.953404645940211, 35.628334896790314 ], [ 88.068280545830433, 35.654030821765758 ], [ 88.195248645709114, 35.681238271739758 ] ] } },
{ "type": "Feature", "properties": { "accuracy": null, "activity_confidence": null, "average_dip": null, "average_rake": null, "catalog_id": "GAF_831", "catalog_name": "HimaTibetMap", "dip_dir": null, "downthrown_side_dir": null, "downthrown_side_id": null, "epistemic_quality": null, "exposure_quality": "1", "fs_name": null, "last_movement": null, "lower_seis_depth": null, "name": null, "net_slip_rate": null, "notes": null, "reference": null, "shortening_rate": null, "slip_type": "Reverse", "strike_slip_rate": null, "upper_seis_depth": null, "vert_sep_rate": null }, "geometry": { "type": "LineString", "coordinates": [ [ 90.172990672970855, 37.201823763040956 ], [ 90.0714712948716, 37.263460528315505 ], [ 89.921005073760199, 37.303343141140218 ], [ 89.770538852648798, 37.337787215852465 ], [ 89.601944171162529, 37.37766982867717 ], [ 89.380776954589152, 37.408488211314449 ], [ 89.190428120653038, 37.4556222082891 ], [ 89.03452336142918, 37.457435054326588 ], [ 88.945693905592321, 37.441119439989208 ] ] } },
{ "type": "Feature", "properties": { "accuracy": null, "activity_confidence": null, "average_dip": null, "average_rake": null, "catalog_id": "GAF_832", "catalog_name": "HimaTibetMap", "dip_dir": null, "downthrown_side_dir": null, "downthrown_side_id": null, "epistemic_quality": null, "exposure_quality": "1", "fs_name": null, "last_movement": null, "lower_seis_depth": null, "name": null, "net_slip_rate": null, "notes": null, "reference": null, "shortening_rate": null, "slip_type": "Reverse", "strike_slip_rate": null, "upper_seis_depth": null, "vert_sep_rate": null }, "geometry": { "type": "LineString", "coordinates": [ [ 90.352669095130267, 36.492266759738456 ], [ 90.484553644357433, 36.477310779929191 ], [ 90.566131716044339, 36.456916262007461 ], [ 90.623236366225171, 36.456916262007461 ], [ 90.714331879608878, 36.444679551254424 ], [ 90.814944834689399, 36.421565764276473 ], [ 90.903321079016877, 36.406609784467207 ], [ 91.0311267246597, 36.384855632017363 ], [ 91.127660776155864, 36.379417093904905 ], [ 91.248668249158101, 36.334549154477109 ], [ 91.362877549519766, 36.289681215049306 ], [ 91.479806118937674, 36.26112888995889 ] ] } },
{ "type": "Feature", "properties": { "accuracy": null, "activity_confidence": null, "average_dip": null, "average_rake": null, "catalog_id": "GAF_833", "catalog_name": "HimaTibetMap", "dip_dir": null, "downthrown_side_dir": null, "downthrown_side_id": null, "epistemic_quality": null, "exposure_quality": "1", "fs_name": null, "last_movement": null, "lower_seis_depth": null, "name": null, "net_slip_rate": null, "notes": null, "reference": null, "shortening_rate": null, "slip_type": "Reverse", "strike_slip_rate": null, "upper_seis_depth": null, "vert_sep_rate": null }, "geometry": { "type": "LineString", "coordinates": [ [ 90.483194009829319, 36.724764264046129 ], [ 90.578368426797368, 36.682615593674562 ], [ 90.669463940181089, 36.649984364999803 ], [ 90.733366763002493, 36.637747654246766 ], [ 90.801348489408241, 36.637747654246766 ], [ 90.866610946757774, 36.656782537640382 ], [ 90.911478886185563, 36.669019248393411 ], [ 90.94818901844468, 36.654063268584146 ], [ 91.002574399569269, 36.607835694628236 ], [ 91.070556125975031, 36.560248486144211 ], [ 91.157572735774394, 36.516740181244529 ], [ 91.225554462180142, 36.505863105019607 ], [ 91.293536188585904, 36.467793338232383 ], [ 91.341123397069936, 36.462354800119925 ], [ 91.443095986678557, 36.432442840501395 ], [ 91.515156616668662, 36.432442840501395 ] ] } },
{ "type": "Feature", "properties": { "accuracy": null, "activity_confidence": null, "average_dip": null, "average_rake": null, "catalog_id": "GAF_834", "catalog_name": "HimaTibetMap", "dip_dir": null, "downthrown_side_dir": null, "downthrown_side_id": null, "epistemic_quality": null, "exposure_quality": "1", "fs_name": null, "last_movement": null, "lower_seis_depth": null, "name": null, "net_slip_rate": null, "notes": null, "reference": null, "shortening_rate": null, "slip_type": "Reverse", "strike_slip_rate": null, "upper_seis_depth": null, "vert_sep_rate": null }, "geometry": { "type": "LineString", "coordinates": [ [ 90.376813912744595, 36.132929686069062 ], [ 90.216032722862323, 36.174005172535338 ], [ 90.130360993946951, 36.174005172535338 ], [ 90.020043973151829, 36.144665539345141 ], [ 89.902685440391039, 36.128235344758629 ], [ 89.788847663613097, 36.121193832792983 ], [ 89.712564617318591, 36.134103271396668 ], [ 89.65623252159341, 36.134103271396668 ], [ 89.602247596523455, 36.141144783362314 ], [ 89.563519280712399, 36.179873099173378 ], [ 89.521270208918509, 36.209212732363568 ], [ 89.471979625158994, 36.235031609570939 ], [ 89.441466406641183, 36.258503316123097 ], [ 89.340538068466913, 36.334786362417603 ], [ 89.256039924879161, 36.36764675159062 ], [ 89.203228585136799, 36.394639214125597 ], [ 89.152764416049664, 36.458012821816418 ], [ 89.112862514911001, 36.507303405575946 ], [ 89.042447395254541, 36.544858136059396 ], [ 88.979073787563721, 36.561288330645908 ], [ 88.964990763632429, 36.563635501301121 ] ] } },
{ "type": "Feature", "properties": { "accuracy": null, "activity_confidence": null, "average_dip": null, "average_rake": null, "catalog_id": "GAF_835", "catalog_name": "HimaTibetMap", "dip_dir": null, "downthrown_side_dir": null, "downthrown_side_id": null, "epistemic_quality": null, "exposure_quality": "1", "fs_name": null, "last_movement": null, "lower_seis_depth": null, "name": null, "net_slip_rate": null, "notes": null, "reference": null, "shortening_rate": null, "slip_type": "Reverse", "strike_slip_rate": null, "upper_seis_depth": null, "vert_sep_rate": null }, "geometry": { "type": "LineString", "coordinates": [ [ 88.954116762081298, 36.56725711227304 ], [ 88.80971075497331, 36.617684606818685 ], [ 88.635506682906538, 36.642898354091507 ], [ 88.442965340095881, 36.661235624835378 ], [ 88.319188762574754, 36.679572895579248 ], [ 88.24354752075628, 36.739169025496835 ], [ 88.154153325879903, 36.775843566984577 ], [ 88.083096401747397, 36.785012202356512 ] ] } },
{ "type": "Feature", "properties": { "accuracy": null, "activity_confidence": null, "average_dip": null, "average_rake": null, "catalog_id": "GAF_836", "catalog_name": "HimaTibetMap", "dip_dir": null, "downthrown_side_dir": null, "downthrown_side_id": null, "epistemic_quality": null, "exposure_quality": "1", "fs_name": null, "last_movement": null, "lower_seis_depth": null, "name": null, "net_slip_rate": null, "notes": null, "reference": null, "shortening_rate": null, "slip_type": "Anticline", "strike_slip_rate": null, "upper_seis_depth": null, "vert_sep_rate": null }, "geometry": { "type": "LineString", "coordinates": [ [ 92.530629508760256, 37.344670661478595 ], [ 92.609876254488498, 37.314953131830507 ], [ 92.693694927854921, 37.305047288614475 ], [ 92.761511854487736, 37.306571264493861 ], [ 92.826280829361792, 37.300475360976307 ], [ 92.852188419311403, 37.293617469519056 ] ] } },
{ "type": "Feature", "properties": { "accuracy": null, "activity_confidence": null, "average_dip": null, "average_rake": null, "catalog_id": "GAF_837", "catalog_name": "HimaTibetMap", "dip_dir": null, "downthrown_side_dir": null, "downthrown_side_id": null, "epistemic_quality": null, "exposure_quality": "1", "fs_name": null, "last_movement": null, "lower_seis_depth": null, "name": null, "net_slip_rate": null, "notes": null, "reference": null, "shortening_rate": null, "slip_type": "Anticline", "strike_slip_rate": null, "upper_seis_depth": null, "vert_sep_rate": null }, "geometry": { "type": "LineString", "coordinates": [ [ 88.244713041428213, 37.293913264662805 ], [ 88.296798274450538, 37.283385398413607 ], [ 88.35608678438021, 37.269532942822565 ], [ 88.405955624507968, 37.268424746375281 ], [ 88.462473643319427, 37.267870648151643 ], [ 88.507355599434405, 37.263991960586146 ], [ 88.552237555549382, 37.255680487231523 ], [ 88.593240824098871, 37.255680487231523 ], [ 88.628149012188302, 37.256788683678806 ], [ 88.651421137581266, 37.25789688012609 ], [ 88.694640799025322, 37.248477210324182 ] ] } },
{ "type": "Feature", "properties": { "accuracy": null, "activity_confidence": null, "average_dip": null, "average_rake": null, "catalog_id": "GAF_838", "catalog_name": "HimaTibetMap", "dip_dir": null, "downthrown_side_dir": null, "downthrown_side_id": null, "epistemic_quality": null, "exposure_quality": "1", "fs_name": null, "last_movement": null, "lower_seis_depth": null, "name": null, "net_slip_rate": null, "notes": null, "reference": null, "shortening_rate": null, "slip_type": "Anticline", "strike_slip_rate": null, "upper_seis_depth": null, "vert_sep_rate": null }, "geometry": { "type": "LineString", "coordinates": [ [ 88.358303177274777, 37.469839450669063 ], [ 88.465798232661271, 37.473164040010914 ], [ 88.557778537785808, 37.463744370209007 ], [ 88.652529334028543, 37.437701753697844 ], [ 88.746726032047647, 37.401685369161129 ], [ 88.820421095792, 37.366223082848059 ], [ 88.895224355983629, 37.331868992982272 ] ] } },
{ "type": "Feature", "properties": { "accuracy": null, "activity_confidence": null, "average_dip": null, "average_rake": null, "catalog_id": "GAF_840", "catalog_name": "HimaTibetMap", "dip_dir": null, "downthrown_side_dir": null, "downthrown_side_id": null, "epistemic_quality": null, "exposure_quality": "1", "fs_name": "Tangra Yum Co Rift", "last_movement": null, "lower_seis_depth": null, "name": null, "net_slip_rate": null, "notes": null, "reference": "Dewane et al., 2006", "shortening_rate": null, "slip_type": "Normal", "strike_slip_rate": null, "upper_seis_depth": null, "vert_sep_rate": null }, "geometry": { "type": "LineString", "coordinates": [ [ 86.537331994776068, 30.426973532982338 ], [ 86.423663478835735, 30.40074233699611 ], [ 86.351374872507861, 30.352890345791593 ], [ 86.335238659259616, 30.283944707367311 ], [ 86.326616712292108, 30.209041543087004 ], [ 86.342243991170733, 30.199880724434017 ] ] } },
{ "type": "Feature", "properties": { "accuracy": null, "activity_confidence": null, "average_dip": null, "average_rake": null, "catalog_id": "GAF_841", "catalog_name": "HimaTibetMap", "dip_dir": null, "downthrown_side_dir": null, "downthrown_side_id": null, "epistemic_quality": null, "exposure_quality": "1", "fs_name": "Kung Co fault", "last_movement": null, "lower_seis_depth": null, "name": null, "net_slip_rate": null, "notes": null, "reference": null, "shortening_rate": null, "slip_type": "Normal", "strike_slip_rate": null, "upper_seis_depth": null, "vert_sep_rate": null }, "geometry": { "type": "LineString", "coordinates": [ [ 86.515472664787538, 28.63450847392339 ], [ 86.47612587080819, 28.71757392787978 ], [ 86.464318060700322, 28.780398204386163 ], [ 86.47612587080819, 28.831242443820106 ], [ 86.491062984413816, 28.845350161976068 ], [ 86.468138764087968, 28.875915789077197 ], [ 86.442157981052006, 28.942396028022156 ], [ 86.416941338693576, 29.010404548322171 ], [ 86.398601962432892, 29.083762053364886 ], [ 86.37262117939693, 29.121204946563772 ], [ 86.349187531952737, 29.141964101636624 ], [ 86.336961281112281, 29.151133789766963 ], [ 86.32371617603512, 29.159284623660596 ], [ 86.308433362484564, 29.170492020264344 ], [ 86.298244820117517, 29.178642854157978 ], [ 86.283980860803652, 29.188831396525025 ] ] } },
{ "type": "Feature", "properties": { "accuracy": null, "activity_confidence": null, "average_dip": null, "average_rake": null, "catalog_id": "GAF_842", "catalog_name": "HimaTibetMap", "dip_dir": null, "downthrown_side_dir": null, "downthrown_side_id": null, "epistemic_quality": null, "exposure_quality": "1", "fs_name": null, "last_movement": null, "lower_seis_depth": null, "name": null, "net_slip_rate": null, "notes": null, "reference": null, "shortening_rate": null, "slip_type": "Normal", "strike_slip_rate": null, "upper_seis_depth": null, "vert_sep_rate": null }, "geometry": { "type": "LineString", "coordinates": [ [ 88.222177432290181, 29.65886112880602 ], [ 88.185799049748724, 29.633772589122252 ], [ 88.169491498954272, 29.593630925628219 ], [ 88.172000352922637, 29.533418430387172 ], [ 88.183290195780344, 29.480732497051253 ], [ 88.175763633875206, 29.407975731968321 ], [ 88.13813082434956, 29.360307506569161 ], [ 88.128095408476042, 29.325183551011882 ], [ 88.120568846570919, 29.278769752596908 ], [ 88.103006868792278, 29.249917931960571 ], [ 88.101752441808088, 29.231101527197744 ] ] } },
{ "type": "Feature", "properties": { "accuracy": null, "activity_confidence": null, "average_dip": null, "average_rake": null, "catalog_id": "GAF_843", "catalog_name": "HimaTibetMap", "dip_dir": null, "downthrown_side_dir": null, "downthrown_side_id": null, "epistemic_quality": null, "exposure_quality": "1", "fs_name": null, "last_movement": null, "lower_seis_depth": null, "name": null, "net_slip_rate": null, "notes": null, "reference": null, "shortening_rate": null, "slip_type": "Normal", "strike_slip_rate": null, "upper_seis_depth": null, "vert_sep_rate": null }, "geometry": { "type": "LineString", "coordinates": [ [ 90.280692113343505, 29.677677533568847 ], [ 90.241804876833669, 29.612447330391046 ], [ 90.23929602286529, 29.555998116102565 ], [ 90.240550449849479, 29.480732497051253 ], [ 90.240550449849479, 29.453135103399109 ], [ 90.2154619101657, 29.420520001810207 ] ] } },
{ "type": "Feature", "properties": { "accuracy": null, "activity_confidence": null, "average_dip": null, "average_rake": null, "catalog_id": "GAF_844", "catalog_name": "HimaTibetMap", "dip_dir": null, "downthrown_side_dir": null, "downthrown_side_id": null, "epistemic_quality": null, "exposure_quality": "1", "fs_name": null, "last_movement": null, "lower_seis_depth": null, "name": null, "net_slip_rate": null, "notes": null, "reference": null, "shortening_rate": null, "slip_type": "Normal", "strike_slip_rate": null, "upper_seis_depth": null, "vert_sep_rate": null }, "geometry": { "type": "LineString", "coordinates": [ [ 90.290727529217023, 29.794339243098378 ], [ 90.339650181600362, 29.737890028809897 ], [ 90.342159035568741, 29.704020500236808 ] ] } },
{ "type": "Feature", "properties": { "accuracy": null, "activity_confidence": null, "average_dip": null, "average_rake": null, "catalog_id": "GAF_845", "catalog_name": "HimaTibetMap", "dip_dir": null, "downthrown_side_dir": null, "downthrown_side_id": null, "epistemic_quality": null, "exposure_quality": "1", "fs_name": null, "last_movement": null, "lower_seis_depth": null, "name": null, "net_slip_rate": null, "notes": null, "reference": null, "shortening_rate": null, "slip_type": "Normal", "strike_slip_rate": null, "upper_seis_depth": null, "vert_sep_rate": null }, "geometry": { "type": "LineString", "coordinates": [ [ 92.213764095977979, 29.287550741486225 ], [ 92.33795236741264, 29.360307506569161 ], [ 92.394401581701132, 29.39166818117387 ], [ 92.421998975353276, 29.424283282762772 ], [ 92.425762256305845, 29.469442654193557 ], [ 92.429525537258399, 29.525891868482042 ], [ 92.419490121384896, 29.584849936738898 ], [ 92.419490121384896, 29.631263735153873 ], [ 92.416981267416517, 29.683949668489792 ] ] } },
{ "type": "Feature", "properties": { "accuracy": null, "activity_confidence": null, "average_dip": null, "average_rake": null, "catalog_id": "GAF_846", "catalog_name": "HimaTibetMap", "dip_dir": null, "downthrown_side_dir": null, "downthrown_side_id": null, "epistemic_quality": null, "exposure_quality": "1", "fs_name": null, "last_movement": null, "lower_seis_depth": null, "name": null, "net_slip_rate": null, "notes": null, "reference": null, "shortening_rate": null, "slip_type": "Normal", "strike_slip_rate": null, "upper_seis_depth": null, "vert_sep_rate": null }, "geometry": { "type": "LineString", "coordinates": [ [ 91.005704383059424, 30.502477436988123 ], [ 90.947265929033676, 30.482698267933252 ], [ 90.880735996758204, 30.47280868340582 ], [ 90.833985233537604, 30.441341823545798 ], [ 90.762060982428991, 30.384701475797765 ], [ 90.716209272347257, 30.338849765716024 ], [ 90.658669871460361, 30.31277722468915 ], [ 90.621808692767189, 30.292099002495423 ], [ 90.590341832907171, 30.245348239274822 ] ] } },
{ "type": "Feature", "properties": { "accuracy": null, "activity_confidence": null, "average_dip": null, "average_rake": null, "catalog_id": "GAF_847", "catalog_name": "HimaTibetMap", "dip_dir": null, "downthrown_side_dir": null, "downthrown_side_id": null, "epistemic_quality": null, "exposure_quality": "1", "fs_name": null, "last_movement": null, "lower_seis_depth": null, "name": null, "net_slip_rate": null, "notes": null, "reference": null, "shortening_rate": null, "slip_type": "Normal", "strike_slip_rate": null, "upper_seis_depth": null, "vert_sep_rate": null }, "geometry": { "type": "LineString", "coordinates": [ [ 91.631049482882133, 31.106958798029392 ], [ 91.594096833602123, 30.992405585261348 ], [ 91.594096833602123, 30.914805021773319 ], [ 91.553448919394114, 30.855680782925294 ], [ 91.520191535042102, 30.789166014221269 ], [ 91.520191535042102, 30.785470749293268 ] ] } },
{ "type": "Feature", "properties": { "accuracy": null, "activity_confidence": null, "average_dip": null, "average_rake": null, "catalog_id": "GAF_848", "catalog_name": "HimaTibetMap", "dip_dir": null, "downthrown_side_dir": null, "downthrown_side_id": null, "epistemic_quality": null, "exposure_quality": "1", "fs_name": null, "last_movement": null, "lower_seis_depth": null, "name": null, "net_slip_rate": null, "notes": null, "reference": null, "shortening_rate": null, "slip_type": "Normal", "strike_slip_rate": null, "upper_seis_depth": null, "vert_sep_rate": null }, "geometry": { "type": "LineString", "coordinates": [ [ 90.807157125744425, 31.541973476072378 ], [ 90.797020922628931, 31.606169429137182 ], [ 90.776748516397944, 31.655161077528746 ], [ 90.778437883583862, 31.709220827478056 ], [ 90.817293328859918, 31.798757288331597 ], [ 90.837565735090919, 31.840991467979496 ], [ 90.883178649110647, 31.871400077325983 ] ] } },
{ "type": "Feature", "properties": { "accuracy": null, "activity_confidence": null, "average_dip": null, "average_rake": null, "catalog_id": "GAF_849", "catalog_name": "HimaTibetMap", "dip_dir": null, "downthrown_side_dir": null, "downthrown_side_id": null, "epistemic_quality": null, "exposure_quality": "1", "fs_name": null, "last_movement": null, "lower_seis_depth": null, "name": null, "net_slip_rate": null, "notes": null, "reference": "Murphy et al., 2010 EPSL", "shortening_rate": null, "slip_type": "Normal", "strike_slip_rate": null, "upper_seis_depth": null, "vert_sep_rate": null }, "geometry": { "type": "LineString", "coordinates": [ [ 83.918804549407625, 31.161406476941661 ], [ 83.955714480376955, 31.054367677130625 ], [ 84.020306859573267, 30.947328877319588 ], [ 84.103354204254245, 30.85136305679935 ], [ 84.179019562741345, 30.784925181054568 ], [ 84.276830879810063, 30.685268367437398 ], [ 84.329650645063907, 30.579796350585024 ], [ 84.356594229337404, 30.529142412150858 ], [ 84.363599561248506, 30.471483141805585 ] ] } },
{ "type": "Feature", "properties": { "accuracy": null, "activity_confidence": null, "average_dip": null, "average_rake": null, "catalog_id": "GAF_850", "catalog_name": "HimaTibetMap", "dip_dir": null, "downthrown_side_dir": null, "downthrown_side_id": null, "epistemic_quality": null, "exposure_quality": "1", "fs_name": "Lopukangri Rift", "last_movement": null, "lower_seis_depth": null, "name": null, "net_slip_rate": null, "notes": null, "reference": "Murphy et al., 2010 EPSL", "shortening_rate": null, "slip_type": "Normal", "strike_slip_rate": null, "upper_seis_depth": null, "vert_sep_rate": null }, "geometry": { "type": "LineString", "coordinates": [ [ 84.522502156124759, 29.927531468050859 ], [ 84.533717423078599, 30.030590677896956 ], [ 84.595030917040972, 30.10882249748439 ], [ 84.596467908202229, 30.136125329548197 ], [ 84.570961315089988, 30.151572984531665 ], [ 84.536451074233014, 30.263411312253545 ], [ 84.518271038912332, 30.28871329771173 ] ] } },
{ "type": "Feature", "properties": { "accuracy": null, "activity_confidence": null, "average_dip": null, "average_rake": null, "catalog_id": "GAF_851", "catalog_name": "HimaTibetMap", "dip_dir": null, "downthrown_side_dir": null, "downthrown_side_id": null, "epistemic_quality": null, "exposure_quality": "1", "fs_name": null, "last_movement": null, "lower_seis_depth": null, "name": null, "net_slip_rate": null, "notes": null, "reference": "Murphy et al., 2010 EPSLc", "shortening_rate": null, "slip_type": "Normal", "strike_slip_rate": null, "upper_seis_depth": null, "vert_sep_rate": null }, "geometry": { "type": "LineString", "coordinates": [ [ 84.810179382316775, 29.975674944552161 ], [ 84.865544278770756, 30.088250234008594 ], [ 84.869235271867694, 30.163915592495705 ], [ 84.836016333995303, 30.230353468240487 ], [ 84.800951899574443, 30.280181875049074 ], [ 84.767732961702052, 30.33001028185766 ], [ 84.717904554893465, 30.383529681763179 ], [ 84.677303630827211, 30.413057626538635 ], [ 84.603483768888566, 30.464731529895687 ] ] } },
{ "type": "Feature", "properties": { "accuracy": null, "activity_confidence": null, "average_dip": null, "average_rake": null, "catalog_id": "GAF_852", "catalog_name": "HimaTibetMap", "dip_dir": null, "downthrown_side_dir": null, "downthrown_side_id": null, "epistemic_quality": null, "exposure_quality": "1", "fs_name": "Tangra Yum Co Rift", "last_movement": null, "lower_seis_depth": null, "name": null, "net_slip_rate": null, "notes": null, "reference": "Dewane et al., 2006", "shortening_rate": null, "slip_type": "Normal", "strike_slip_rate": null, "upper_seis_depth": null, "vert_sep_rate": null }, "geometry": { "type": "LineString", "coordinates": [ [ 86.797779165014802, 31.118960056326941 ], [ 86.795933668466333, 31.224153359589511 ], [ 86.76640572369088, 31.327501166303616 ], [ 86.727650296173096, 31.377329573112199 ], [ 86.718422813430763, 31.434539966114652 ], [ 86.755332744400079, 31.499132345310965 ], [ 86.786706185724, 31.54526975902262 ], [ 86.808852144305604, 31.585870683088874 ], [ 86.810697640854073, 31.595098165831207 ], [ 86.760869234045487, 31.632008096800529 ], [ 86.742414268560822, 31.64492657263979 ] ] } },
{ "type": "Feature", "properties": { "accuracy": null, "activity_confidence": null, "average_dip": null, "average_rake": null, "catalog_id": "GAF_853", "catalog_name": "HimaTibetMap", "dip_dir": null, "downthrown_side_dir": null, "downthrown_side_id": null, "epistemic_quality": null, "exposure_quality": "1", "fs_name": "Tangra Yum Co Rift", "last_movement": null, "lower_seis_depth": null, "name": null, "net_slip_rate": null, "notes": null, "reference": "Dewane et al., 2006", "shortening_rate": null, "slip_type": "Normal", "strike_slip_rate": null, "upper_seis_depth": null, "vert_sep_rate": null }, "geometry": { "type": "LineString", "coordinates": [ [ 86.482199255227087, 31.320119180109749 ], [ 86.399151910546124, 31.296127724979691 ], [ 86.367778469222188, 31.253681304364971 ], [ 86.37700595196452, 31.155869987296263 ], [ 86.336405027898266, 31.074668139163755 ], [ 86.336405027898266, 31.048831187485227 ] ] } },
{ "type": "Feature", "properties": { "accuracy": null, "activity_confidence": null, "average_dip": null, "average_rake": null, "catalog_id": "GAF_856", "catalog_name": "HimaTibetMap", "dip_dir": null, "downthrown_side_dir": null, "downthrown_side_id": null, "epistemic_quality": null, "exposure_quality": "1", "fs_name": null, "last_movement": null, "lower_seis_depth": null, "name": null, "net_slip_rate": null, "notes": null, "reference": null, "shortening_rate": null, "slip_type": "Dextral", "strike_slip_rate": null, "upper_seis_depth": null, "vert_sep_rate": null }, "geometry": { "type": "LineString", "coordinates": [ [ 82.499679935994251, 29.110522017292869 ], [ 82.438517838270414, 29.154209229952755 ], [ 82.394830625610524, 29.205177644722628 ], [ 82.322018604510703, 29.277989665822442 ], [ 82.250662823832883, 29.363907850720224 ], [ 82.186588245265057, 29.441088593086025 ], [ 82.138532311339176, 29.522638056717817 ] ] } },
{ "type": "Feature", "properties": { "accuracy": null, "activity_confidence": null, "average_dip": null, "average_rake": null, "catalog_id": "GAF_857", "catalog_name": "HimaTibetMap", "dip_dir": null, "downthrown_side_dir": null, "downthrown_side_id": null, "epistemic_quality": null, "exposure_quality": "1", "fs_name": null, "last_movement": null, "lower_seis_depth": null, "name": null, "net_slip_rate": null, "notes": null, "reference": null, "shortening_rate": null, "slip_type": "Dextral", "strike_slip_rate": null, "upper_seis_depth": null, "vert_sep_rate": null }, "geometry": { "type": "LineString", "coordinates": [ [ 83.188481655598494, 28.290658659708949 ], [ 83.066157460150805, 28.383858046716714 ], [ 82.936552062593137, 28.449388865706545 ], [ 82.837527713897387, 28.517832165540373 ], [ 82.726853441825668, 28.578994263264217 ], [ 82.659866382413838, 28.621225235502109 ], [ 82.619091650597937, 28.661999967318003 ] ] } },
{ "type": "Feature", "properties": { "accuracy": null, "activity_confidence": null, "average_dip": null, "average_rake": null, "catalog_id": "GAF_858", "catalog_name": "HimaTibetMap", "dip_dir": null, "downthrown_side_dir": null, "downthrown_side_id": null, "epistemic_quality": null, "exposure_quality": "1", "fs_name": null, "last_movement": null, "lower_seis_depth": null, "name": null, "net_slip_rate": null, "notes": null, "reference": null, "shortening_rate": null, "slip_type": "Dextral", "strike_slip_rate": null, "upper_seis_depth": null, "vert_sep_rate": null }, "geometry": { "type": "LineString", "coordinates": [ [ 83.049883876305572, 28.619221207964859 ], [ 82.962648374331295, 28.648881278636114 ], [ 82.895767822817675, 28.682612339399505 ], [ 82.854476351883193, 28.70645670993914 ], [ 82.830631981343544, 28.742514050755176 ], [ 82.801553480685456, 28.772755691439595 ], [ 82.784687950303763, 28.784968661715993 ] ] } },
{ "type": "Feature", "properties": { "accuracy": null, "activity_confidence": null, "average_dip": null, "average_rake": null, "catalog_id": "GAF_861", "catalog_name": "HimaTibetMap", "dip_dir": null, "downthrown_side_dir": null, "downthrown_side_id": null, "epistemic_quality": null, "exposure_quality": "1", "fs_name": null, "last_movement": null, "lower_seis_depth": null, "name": null, "net_slip_rate": null, "notes": null, "reference": null, "shortening_rate": null, "slip_type": "Sinistral", "strike_slip_rate": null, "upper_seis_depth": null, "vert_sep_rate": null }, "geometry": { "type": "LineString", "coordinates": [ [ 92.122030776828652, 25.869327253018628 ], [ 91.963120350311257, 25.784196667384307 ], [ 91.770157689540127, 25.608260123740045 ], [ 91.650974869652075, 25.477726559100752 ] ] } },
{ "type": "Feature", "properties": { "accuracy": null, "activity_confidence": null, "average_dip": null, "average_rake": null, "catalog_id": "GAF_862", "catalog_name": "HimaTibetMap", "dip_dir": null, "downthrown_side_dir": null, "downthrown_side_id": null, "epistemic_quality": null, "exposure_quality": "1", "fs_name": "Oldham Fault", "last_movement": null, "lower_seis_depth": null, "name": null, "net_slip_rate": null, "notes": null, "reference": "Bilham and England, 2001", "shortening_rate": null, "slip_type": "Reverse", "strike_slip_rate": null, "upper_seis_depth": null, "vert_sep_rate": null }, "geometry": { "type": "LineString", "coordinates": [ [ 91.475038326007805, 25.733118316003715 ], [ 91.310452527114791, 25.738793688379335 ], [ 91.185594334851118, 25.767170550257443 ], [ 91.08911300446556, 25.801222784511172 ], [ 91.009657791206862, 25.84095039114052 ], [ 90.924527205572531, 25.875002625394249 ], [ 90.850747364689454, 25.909054859647977 ], [ 90.720213800050161, 25.948782466277329 ], [ 90.629407842040223, 25.96013321102857 ], [ 90.589680235410867, 25.965808583404193 ] ] } },
{ "type": "Feature", "properties": { "accuracy": null, "activity_confidence": null, "average_dip": null, "average_rake": null, "catalog_id": "GAF_864", "catalog_name": "HimaTibetMap", "dip_dir": null, "downthrown_side_dir": null, "downthrown_side_id": null, "epistemic_quality": null, "exposure_quality": "1", "fs_name": null, "last_movement": null, "lower_seis_depth": null, "name": null, "net_slip_rate": null, "notes": null, "reference": null, "shortening_rate": null, "slip_type": "Anticline", "strike_slip_rate": null, "upper_seis_depth": null, "vert_sep_rate": null }, "geometry": { "type": "LineString", "coordinates": [ [ 90.033493742599973, 25.687715336998743 ], [ 90.147001190112405, 25.585558634237557 ], [ 90.288885499502939, 25.494752676227616 ], [ 90.419419064142232, 25.472051186725132 ], [ 90.51022502215217, 25.443674324847024 ], [ 90.623732469664603, 25.403946718217675 ], [ 90.69751231054768, 25.352868366837082 ] ] } },
{ "type": "Feature", "properties": { "accuracy": null, "activity_confidence": null, "average_dip": null, "average_rake": null, "catalog_id": "GAF_865", "catalog_name": "HimaTibetMap", "dip_dir": null, "downthrown_side_dir": null, "downthrown_side_id": null, "epistemic_quality": null, "exposure_quality": "1", "fs_name": "Barapani - Tyrsad Fault", "last_movement": null, "lower_seis_depth": null, "name": null, "net_slip_rate": null, "notes": null, "reference": "Srivastava and Sinha, 2007", "shortening_rate": null, "slip_type": "Sinistral", "strike_slip_rate": null, "upper_seis_depth": null, "vert_sep_rate": null }, "geometry": { "type": "LineString", "coordinates": [ [ 93.603302966865826, 26.635502523727517 ], [ 93.291157486206643, 26.601450289473789 ], [ 93.109545570186768, 26.527670448590712 ], [ 92.984687377923109, 26.442539862956391 ], [ 92.871179930410676, 26.317681670692718 ], [ 92.774698600025118, 26.181472733677804 ], [ 92.62146354588333, 26.005536190033542 ], [ 92.513631470746532, 25.892028742521113 ], [ 92.366071788980378, 25.806898156886792 ], [ 92.258239713843565, 25.704741454125607 ], [ 92.150407638706753, 25.602584751364422 ] ] } },
{ "type": "Feature", "properties": { "accuracy": null, "activity_confidence": null, "average_dip": null, "average_rake": null, "catalog_id": "GAF_866", "catalog_name": "HimaTibetMap", "dip_dir": null, "downthrown_side_dir": null, "downthrown_side_id": null, "epistemic_quality": null, "exposure_quality": "1", "fs_name": null, "last_movement": null, "lower_seis_depth": null, "name": null, "net_slip_rate": null, "notes": null, "reference": null, "shortening_rate": null, "slip_type": "Anticline", "strike_slip_rate": null, "upper_seis_depth": null, "vert_sep_rate": null }, "geometry": { "type": "LineString", "coordinates": [ [ 90.862098109440694, 25.562857144735073 ], [ 91.151542100597396, 25.477726559100752 ], [ 91.30477715473917, 25.426648207720159 ], [ 91.475038326007805, 25.426648207720159 ] ] } },
{ "type": "Feature", "properties": { "accuracy": null, "activity_confidence": null, "average_dip": null, "average_rake": null, "catalog_id": "GAF_867", "catalog_name": "HimaTibetMap", "dip_dir": null, "downthrown_side_dir": null, "downthrown_side_id": null, "epistemic_quality": null, "exposure_quality": "1", "fs_name": null, "last_movement": null, "lower_seis_depth": null, "name": null, "net_slip_rate": null, "notes": null, "reference": null, "shortening_rate": null, "slip_type": "Normal", "strike_slip_rate": null, "upper_seis_depth": null, "vert_sep_rate": null }, "geometry": { "type": "LineString", "coordinates": [ [ 88.968029206510749, 27.558484775607397 ], [ 89.088008896295023, 27.641948907631239 ], [ 89.19233906132483, 27.735846056158064 ], [ 89.270586685097172, 27.876691778948295 ], [ 89.338401292366555, 27.928856861463199 ], [ 89.42186542439039, 27.965372419223627 ], [ 89.43751494914487, 28.101001633762372 ], [ 89.489680031659759, 28.132300683271314 ], [ 89.567927655432115, 28.231414340049625 ], [ 89.609659721444032, 28.278362914313039 ] ] } },
{ "type": "Feature", "properties": { "accuracy": null, "activity_confidence": null, "average_dip": null, "average_rake": null, "catalog_id": "GAF_868", "catalog_name": "HimaTibetMap", "dip_dir": null, "downthrown_side_dir": null, "downthrown_side_id": null, "epistemic_quality": null, "exposure_quality": "1", "fs_name": null, "last_movement": null, "lower_seis_depth": null, "name": null, "net_slip_rate": null, "notes": null, "reference": null, "shortening_rate": null, "slip_type": "Sinistral", "strike_slip_rate": null, "upper_seis_depth": null, "vert_sep_rate": null }, "geometry": { "type": "LineString", "coordinates": [ [ 87.84647993244036, 28.08013560075641 ], [ 88.117738361517851, 28.085352109007903 ], [ 88.305532658571494, 28.101001633762372 ], [ 88.488110447373657, 28.121867666768335 ], [ 88.592440612403465, 28.132300683271314 ], [ 88.764585384702627, 28.174032749283235 ] ] } },
{ "type": "Feature", "properties": { "accuracy": null, "activity_confidence": null, "average_dip": null, "average_rake": null, "catalog_id": "GAF_869", "catalog_name": "HimaTibetMap", "dip_dir": null, "downthrown_side_dir": null, "downthrown_side_id": null, "epistemic_quality": null, "exposure_quality": "1", "fs_name": null, "last_movement": null, "lower_seis_depth": null, "name": null, "net_slip_rate": null, "notes": null, "reference": null, "shortening_rate": null, "slip_type": "Sinistral", "strike_slip_rate": null, "upper_seis_depth": null, "vert_sep_rate": null }, "geometry": { "type": "LineString", "coordinates": [ [ 87.726500242656087, 28.179249257534725 ], [ 87.935160572715702, 28.215764815295156 ], [ 88.122954869769345, 28.262713389558566 ], [ 88.347264724583425, 28.278362914313039 ], [ 88.49332695562515, 28.309661963821977 ], [ 88.733286335193696, 28.294012439067508 ], [ 88.936730157001804, 28.273146406061546 ], [ 89.103658421049488, 28.288795930816018 ], [ 89.249720652091213, 28.304445455570487 ], [ 89.427081932641883, 28.340961013330919 ], [ 89.526195589420198, 28.37747657109135 ] ] } },
{ "type": "Feature", "properties": { "accuracy": null, "activity_confidence": null, "average_dip": null, "average_rake": null, "catalog_id": "GAF_871", "catalog_name": "HimaTibetMap", "dip_dir": null, "downthrown_side_dir": null, "downthrown_side_id": null, "epistemic_quality": null, "exposure_quality": "1", "fs_name": "Tibrikot Fault", "last_movement": null, "lower_seis_depth": null, "name": null, "net_slip_rate": null, "notes": null, "reference": null, "shortening_rate": null, "slip_type": "Dextral", "strike_slip_rate": null, "upper_seis_depth": null, "vert_sep_rate": null }, "geometry": { "type": "LineString", "coordinates": [ [ 82.640980720183748, 29.090307983378107 ], [ 82.696345075268738, 29.070401698403732 ], [ 82.789655786086129, 29.021258057373238 ], [ 82.848130498198358, 28.987044130073528 ], [ 82.891053425174363, 28.957184702611965 ], [ 82.925889423879525, 28.940388774664832 ], [ 82.964457851017372, 28.929813560772196 ], [ 83.014223563453314, 28.913639704230516 ], [ 83.054658204807524, 28.906796918770574 ], [ 83.098203203188973, 28.889378919417993 ], [ 83.134283344705025, 28.873827134281761 ] ] } },
{ "type": "Feature", "properties": { "accuracy": null, "activity_confidence": null, "average_dip": null, "average_rake": null, "catalog_id": "GAF_872", "catalog_name": "HimaTibetMap", "dip_dir": null, "downthrown_side_dir": null, "downthrown_side_id": null, "epistemic_quality": null, "exposure_quality": "1", "fs_name": null, "last_movement": null, "lower_seis_depth": null, "name": null, "net_slip_rate": null, "notes": null, "reference": null, "shortening_rate": null, "slip_type": "Anticline", "strike_slip_rate": null, "upper_seis_depth": null, "vert_sep_rate": null }, "geometry": { "type": "LineString", "coordinates": [ [ 74.158108021452932, 34.916470074808664 ], [ 74.304008270201436, 35.094087768937285 ], [ 74.449908518949954, 35.195583594153639 ], [ 74.602152256774488, 35.284392441217953 ], [ 74.735365527370945, 35.423949200890441 ], [ 74.779769950903102, 35.557162471486905 ], [ 74.760739483675039, 35.677688763931329 ], [ 74.779769950903102, 35.810902034527793 ] ] } },
{ "type": "Feature", "properties": { "accuracy": null, "activity_confidence": null, "average_dip": null, "average_rake": null, "catalog_id": "GAF_873", "catalog_name": "HimaTibetMap", "dip_dir": null, "downthrown_side_dir": null, "downthrown_side_id": null, "epistemic_quality": null, "exposure_quality": "1", "fs_name": null, "last_movement": null, "lower_seis_depth": null, "name": null, "net_slip_rate": null, "notes": null, "reference": null, "shortening_rate": null, "slip_type": "Anticline", "strike_slip_rate": null, "upper_seis_depth": null, "vert_sep_rate": null }, "geometry": { "type": "LineString", "coordinates": [ [ 97.11825560091458, 29.939514130137486 ], [ 97.059983680518769, 29.793834329147959 ], [ 97.05415648847918, 29.572401031643878 ], [ 97.05415648847918, 29.41506684657519 ], [ 97.013366144202124, 29.251905469466923 ], [ 96.902649495450078, 29.094571284398235 ], [ 96.838550383014692, 28.972200251567031 ], [ 96.739488118341811, 28.855656410775413 ], [ 96.628771469589765, 28.750766954062954 ], [ 96.494746052679403, 28.593432768994266 ], [ 96.325757483531561, 28.3370363192527 ], [ 96.150941722344129, 28.173874942144433 ] ] } },
{ "type": "Feature", "properties": { "accuracy": null, "activity_confidence": null, "average_dip": null, "average_rake": null, "catalog_id": "GAF_874", "catalog_name": "HimaTibetMap", "dip_dir": null, "downthrown_side_dir": null, "downthrown_side_id": null, "epistemic_quality": null, "exposure_quality": "1", "fs_name": null, "last_movement": null, "lower_seis_depth": null, "name": null, "net_slip_rate": null, "notes": null, "reference": null, "shortening_rate": null, "slip_type": "Anticline", "strike_slip_rate": null, "upper_seis_depth": null, "vert_sep_rate": null }, "geometry": { "type": "LineString", "coordinates": [ [ 71.397179292701537, 33.757537148147335 ], [ 71.528924687528558, 33.690421569650553 ], [ 71.601011790358442, 33.685450045317459 ], [ 71.6979565148538, 33.712793429149478 ], [ 71.802358525848788, 33.779909007646268 ], [ 71.871959866512128, 33.817195440144481 ], [ 71.93907544500891, 33.844538823976499 ], [ 72.045963218170442, 33.871882207808525 ], [ 72.125507607499969, 33.876853732141619 ], [ 72.227423856328414, 33.856967634809237 ], [ 72.349226202489248, 33.822166964477574 ] ] } },
{ "type": "Feature", "properties": { "accuracy": null, "activity_confidence": null, "average_dip": null, "average_rake": null, "catalog_id": "GAF_875", "catalog_name": "HimaTibetMap", "dip_dir": null, "downthrown_side_dir": null, "downthrown_side_id": null, "epistemic_quality": null, "exposure_quality": "1", "fs_name": null, "last_movement": null, "lower_seis_depth": null, "name": null, "net_slip_rate": null, "notes": null, "reference": null, "shortening_rate": null, "slip_type": "Anticline", "strike_slip_rate": null, "upper_seis_depth": null, "vert_sep_rate": null }, "geometry": { "type": "LineString", "coordinates": [ [ 72.577916321811628, 33.407044682664136 ], [ 72.724576289637923, 33.434388066496155 ], [ 72.846378635798757, 33.484103309827105 ], [ 72.91846573862864, 33.53879007749115 ], [ 73.007953176624341, 33.558676174823532 ] ] } },
{ "type": "Feature", "properties": { "accuracy": null, "activity_confidence": null, "average_dip": null, "average_rake": null, "catalog_id": "GAF_876", "catalog_name": "HimaTibetMap", "dip_dir": null, "downthrown_side_dir": null, "downthrown_side_id": null, "epistemic_quality": null, "exposure_quality": "1", "fs_name": null, "last_movement": null, "lower_seis_depth": null, "name": null, "net_slip_rate": null, "notes": null, "reference": null, "shortening_rate": null, "slip_type": "Anticline", "strike_slip_rate": null, "upper_seis_depth": null, "vert_sep_rate": null }, "geometry": { "type": "LineString", "coordinates": [ [ 71.842130720513552, 33.705336142649841 ], [ 71.919189347676522, 33.747594099481148 ], [ 72.050934742503543, 33.752565623814242 ], [ 72.16279403999819, 33.712793429149478 ], [ 72.247309953660803, 33.668049710151628 ], [ 72.324368580823773, 33.645677850652696 ], [ 72.451142451317693, 33.633249039819958 ], [ 72.543115651479951, 33.625791753320314 ], [ 72.669889521973886, 33.640706326319602 ] ] } },
{ "type": "Feature", "properties": { "accuracy": null, "activity_confidence": null, "average_dip": null, "average_rake": null, "catalog_id": "GAF_877", "catalog_name": "HimaTibetMap", "dip_dir": null, "downthrown_side_dir": null, "downthrown_side_id": null, "epistemic_quality": null, "exposure_quality": "1", "fs_name": null, "last_movement": null, "lower_seis_depth": null, "name": null, "net_slip_rate": null, "notes": null, "reference": null, "shortening_rate": null, "slip_type": "Anticline", "strike_slip_rate": null, "upper_seis_depth": null, "vert_sep_rate": null }, "geometry": { "type": "LineString", "coordinates": [ [ 72.543115651479951, 33.874367969975069 ], [ 72.679832570640073, 33.906682878140188 ], [ 72.756891197803043, 33.986227267469708 ], [ 72.806606441133994, 34.043399797300303 ], [ 72.851350160131858, 34.075714705465423 ], [ 72.91846573862864, 34.095600802797804 ] ] } },
{ "type": "Feature", "properties": { "accuracy": null, "activity_confidence": null, "average_dip": null, "average_rake": null, "catalog_id": "GAF_878", "catalog_name": "HimaTibetMap", "dip_dir": null, "downthrown_side_dir": null, "downthrown_side_id": null, "epistemic_quality": null, "exposure_quality": "1", "fs_name": null, "last_movement": null, "lower_seis_depth": null, "name": null, "net_slip_rate": null, "notes": null, "reference": null, "shortening_rate": null, "slip_type": "Anticline", "strike_slip_rate": null, "upper_seis_depth": null, "vert_sep_rate": null }, "geometry": { "type": "LineString", "coordinates": [ [ 73.942599751246235, 33.160954228175925 ], [ 73.875484172749452, 33.250441666171639 ], [ 73.766110637421363, 33.367272487999372 ], [ 73.703966583257682, 33.409530444830679 ], [ 73.60453609659578, 33.446816877328892 ] ] } },
{ "type": "Feature", "properties": { "accuracy": null, "activity_confidence": null, "average_dip": null, "average_rake": null, "catalog_id": "GAF_879", "catalog_name": "HimaTibetMap", "dip_dir": null, "downthrown_side_dir": null, "downthrown_side_id": null, "epistemic_quality": null, "exposure_quality": "1", "fs_name": null, "last_movement": null, "lower_seis_depth": null, "name": null, "net_slip_rate": null, "notes": null, "reference": null, "shortening_rate": null, "slip_type": "Anticline", "strike_slip_rate": null, "upper_seis_depth": null, "vert_sep_rate": null }, "geometry": { "type": "LineString", "coordinates": [ [ 73.805882832086112, 33.503989407159473 ], [ 73.726338442756585, 33.571104985656255 ], [ 73.65673710209326, 33.635734801986494 ], [ 73.609507620928852, 33.692907331817089 ], [ 73.584649999263377, 33.730193764315302 ], [ 73.572221188430632, 33.752565623814228 ], [ 73.54239204243207, 33.735165288648396 ], [ 73.47279070176873, 33.677992758817801 ], [ 73.413132409771592, 33.633249039819944 ], [ 73.35098835560791, 33.613362942487569 ], [ 73.298787350110402, 33.600934131654832 ], [ 73.256529393279095, 33.600934131654832 ] ] } },
{ "type": "Feature", "properties": { "accuracy": null, "activity_confidence": null, "average_dip": null, "average_rake": null, "catalog_id": "GAF_880", "catalog_name": "HimaTibetMap", "dip_dir": null, "downthrown_side_dir": null, "downthrown_side_id": null, "epistemic_quality": null, "exposure_quality": "1", "fs_name": null, "last_movement": null, "lower_seis_depth": null, "name": null, "net_slip_rate": null, "notes": null, "reference": null, "shortening_rate": null, "slip_type": "Reverse", "strike_slip_rate": null, "upper_seis_depth": null, "vert_sep_rate": null }, "geometry": { "type": "LineString", "coordinates": [ [ 70.295692837522523, 32.294922090159268 ], [ 70.322402555959201, 32.336728605973185 ], [ 70.33749935333644, 32.357631863880144 ], [ 70.368854240196882, 32.378535121787102 ], [ 70.396725250739493, 32.397115795482172 ], [ 70.428080137599935, 32.42034163760102 ], [ 70.444338227083122, 32.449373940249572 ], [ 70.4489833955069, 32.478406242898124 ], [ 70.474531821837616, 32.499309500805083 ], [ 70.490789911320817, 32.499309500805083 ], [ 70.537241595558498, 32.457502984991166 ], [ 70.562790021889228, 32.418019053389131 ], [ 70.595306200855603, 32.373889953363332 ] ] } },
{ "type": "Feature", "properties": { "accuracy": null, "activity_confidence": null, "average_dip": null, "average_rake": null, "catalog_id": "GAF_881", "catalog_name": "HimaTibetMap", "dip_dir": null, "downthrown_side_dir": null, "downthrown_side_id": null, "epistemic_quality": null, "exposure_quality": "1", "fs_name": "Makran Thrust Belt", "last_movement": null, "lower_seis_depth": null, "name": null, "net_slip_rate": null, "notes": null, "reference": "Molnar and Tapponnier, 1975", "shortening_rate": null, "slip_type": "Reverse", "strike_slip_rate": null, "upper_seis_depth": null, "vert_sep_rate": null }, "geometry": { "type": "LineString", "coordinates": [ [ 70.350273566501812, 31.391436831736275 ], [ 70.301499298052235, 31.544727389720641 ], [ 70.26549924276803, 31.615566208183111 ], [ 70.237628232225418, 31.677114689798046 ], [ 70.229499187483825, 31.743308339836748 ], [ 70.226015311165995, 31.806018113557624 ], [ 70.209757221682807, 31.901244066244878 ], [ 70.180724919034247, 31.965115132071698 ], [ 70.147047447961938, 32.027824905792578 ], [ 70.111047392677719, 32.114921813738235 ], [ 70.087821550558886, 32.163696082187805 ], [ 70.098273179512361, 32.188083216412586 ], [ 70.138918403220345, 32.206663890107663 ], [ 70.187692671669907, 32.241502653285927 ], [ 70.202789469047161, 32.277502708570132 ] ] } },
{ "type": "Feature", "properties": { "accuracy": null, "activity_confidence": null, "average_dip": null, "average_rake": null, "catalog_id": "GAF_887", "catalog_name": "HimaTibetMap", "dip_dir": null, "downthrown_side_dir": null, "downthrown_side_id": null, "epistemic_quality": null, "exposure_quality": "2", "fs_name": null, "last_movement": null, "lower_seis_depth": null, "name": null, "net_slip_rate": null, "notes": null, "reference": null, "shortening_rate": null, "slip_type": "Dextral", "strike_slip_rate": null, "upper_seis_depth": null, "vert_sep_rate": null }, "geometry": { "type": "LineString", "coordinates": [ [ 73.833820125792244, 38.129485750052957 ], [ 73.950280440821501, 38.047599591048012 ], [ 74.021248445292443, 37.958434662353746 ], [ 74.168643531501331, 37.845613732169163 ], [ 74.310579540443229, 37.760088188319557 ], [ 74.407023238826824, 37.709136800494264 ], [ 74.565336479569709, 37.625430949066988 ], [ 74.650862023419322, 37.581758330931024 ], [ 74.730928490001929, 37.525347865838732 ], [ 74.827372188385525, 37.481675247702761 ], [ 74.943832503414768, 37.432543552299798 ], [ 75.034817124531372, 37.412526935654142 ] ] } },
{ "type": "Feature", "properties": { "accuracy": null, "activity_confidence": null, "average_dip": null, "average_rake": null, "catalog_id": "GAF_888", "catalog_name": "HimaTibetMap", "dip_dir": null, "downthrown_side_dir": null, "downthrown_side_id": null, "epistemic_quality": null, "exposure_quality": "1", "fs_name": "Kunlun Fault", "last_movement": null, "lower_seis_depth": null, "name": null, "net_slip_rate": null, "notes": null, "reference": "Yin, et al., 2008; Van der Woerd, et al., 1998, 2000, 2002;", "shortening_rate": null, "slip_type": "Sinistral", "strike_slip_rate": "None", "upper_seis_depth": null, "vert_sep_rate": null }, "geometry": { "type": "LineString", "coordinates": [ [ 90.486200457219581, 36.210849354347019 ], [ 90.694572296018009, 36.161820686394449 ], [ 91.560745429846804, 35.973877459242914 ], [ 91.875346049209156, 35.924848791290337 ], [ 92.69657623741476, 35.855391511690854 ], [ 93.529628842732336, 35.742722706665703 ], [ 94.214549325210271, 35.733941674839059 ], [ 95.254238415607347, 35.781848509762 ], [ 96.038697102848516, 35.75324845345633 ], [ 96.913041681336082, 35.602076727269228 ], [ 97.595246578466728, 35.540758974652974 ], [ 98.376758411037727, 35.338795242640252 ], [ 98.78068587506317, 35.198298733414006 ], [ 99.176531851813223, 35.050504212802778 ], [ 99.44618952555237, 34.887075319627527 ], [ 99.687247142985868, 34.662360591511572 ], [ 100.189790989499741, 34.474417364360029 ], [ 100.791542163363772, 34.320195550749993 ], [ 101.318404072962181, 34.249947296136874 ], [ 101.685165362053226, 34.102616632386351 ], [ 102.130509095955773, 33.951444906199249 ], [ 102.690253055080987, 33.828873236317811 ] ] } },
{ "type": "Feature", "properties": { "accuracy": null, "activity_confidence": null, "average_dip": null, "average_rake": null, "catalog_id": "GAF_889", "catalog_name": "HimaTibetMap", "dip_dir": null, "downthrown_side_dir": null, "downthrown_side_id": null, "epistemic_quality": null, "exposure_quality": "1", "fs_name": null, "last_movement": null, "lower_seis_depth": null, "name": null, "net_slip_rate": null, "notes": null, "reference": null, "shortening_rate": null, "slip_type": "Normal", "strike_slip_rate": null, "upper_seis_depth": null, "vert_sep_rate": null }, "geometry": { "type": "LineString", "coordinates": [ [ 87.855701141042474, 28.626844082838719 ], [ 87.868744573642644, 28.705104678439749 ], [ 87.907874871443155, 28.79640870664095 ], [ 87.907874871443155, 28.874669302241976 ], [ 87.907874871443155, 28.979016763043351 ], [ 87.986135467044178, 29.070320791244548 ] ] } },
{ "type": "Feature", "properties": { "accuracy": null, "activity_confidence": null, "average_dip": null, "average_rake": null, "catalog_id": "GAF_890", "catalog_name": "HimaTibetMap", "dip_dir": null, "downthrown_side_dir": null, "downthrown_side_id": null, "epistemic_quality": null, "exposure_quality": "1", "fs_name": "Ama Drime Detachment", "last_movement": null, "lower_seis_depth": null, "name": null, "net_slip_rate": null, "notes": null, "reference": "Jessup, et al., 2008", "shortening_rate": null, "slip_type": "Normal", "strike_slip_rate": null, "upper_seis_depth": null, "vert_sep_rate": null }, "geometry": { "type": "LineString", "coordinates": [ [ 87.364282364799664, 28.100711976073907 ], [ 87.366185933604328, 28.116892310913553 ], [ 87.36713771800666, 28.126410154936874 ], [ 87.366185933604328, 28.136879783362524 ], [ 87.369993071213656, 28.150204764995173 ], [ 87.373800208822985, 28.164481531030155 ], [ 87.374751993225317, 28.175902943858141 ], [ 87.373800208822985, 28.18922792549079 ], [ 87.376655562029981, 28.207311829135101 ], [ 87.377607346432313, 28.21587788875609 ], [ 87.379510915236978, 28.228251085986408 ], [ 87.382366268443974, 28.240624283216725 ], [ 87.382366268443974, 28.251093911642378 ], [ 87.386173406053302, 28.256804618056371 ], [ 87.393787681271959, 28.271081384091353 ], [ 87.400450172088284, 28.281551012517006 ], [ 87.404257309697613, 28.28916528773566 ], [ 87.410919800513938, 28.290117072137992 ], [ 87.424244782146587, 28.292972425344988 ], [ 87.435666194974573, 28.300586700563645 ], [ 87.442328685790898, 28.310104544586967 ], [ 87.45660545182588, 28.32057417301262 ], [ 87.485158983895843, 28.319622388610288 ], [ 87.499435749930825, 28.321525957414952 ], [ 87.520375006782132, 28.325333095024281 ], [ 87.541314263633438, 28.329140232633609 ], [ 87.554639245266088, 28.331995585840605 ], [ 87.569867795703402, 28.337706292254598 ], [ 87.58224099293372, 28.33865807665693 ], [ 87.596517758968702, 28.344368783070923 ], [ 87.609842740601351, 28.350079489484916 ], [ 87.635540919464319, 28.359597333508237 ], [ 87.649817685499301, 28.372922315140887 ], [ 87.672660511155271, 28.390054434382865 ], [ 87.690744414799582, 28.411945475636504 ], [ 87.702165827627567, 28.430981163683146 ], [ 87.702165827627567, 28.44335436091346 ], [ 87.702165827627567, 28.458582911350774 ], [ 87.705972965236896, 28.477618599397417 ], [ 87.709780102846224, 28.492847149834731 ], [ 87.713587240455553, 28.512834622283705 ], [ 87.720249731271878, 28.542339938756001 ], [ 87.719297946869546, 28.568989902021301 ], [ 87.711683671650889, 28.597543434091261 ] ] } },
{ "type": "Feature", "properties": { "accuracy": null, "activity_confidence": null, "average_dip": null, "average_rake": null, "catalog_id": "GAF_891", "catalog_name": "HimaTibetMap", "dip_dir": null, "downthrown_side_dir": null, "downthrown_side_id": null, "epistemic_quality": null, "exposure_quality": "1", "fs_name": "Nyonno Ri Detachment", "last_movement": null, "lower_seis_depth": null, "name": null, "net_slip_rate": null, "notes": null, "reference": "Jessup, et al., 2008", "shortening_rate": null, "slip_type": "Normal", "strike_slip_rate": null, "upper_seis_depth": null, "vert_sep_rate": null }, "geometry": { "type": "LineString", "coordinates": [ [ 87.783781340127518, 28.476547841944775 ], [ 87.784971070630434, 28.456322423395218 ], [ 87.780212148618773, 28.442045657360236 ], [ 87.775453226607112, 28.425389430319424 ], [ 87.768314843589621, 28.401594820261121 ], [ 87.759986730069215, 28.388507784729054 ], [ 87.7587969995663, 28.370661827185327 ], [ 87.739761311519658, 28.354005600144514 ], [ 87.731433197999252, 28.342108295115363 ], [ 87.724294814981761, 28.331400720589127 ], [ 87.7195358929701, 28.319503415559975 ], [ 87.713587240455524, 28.306416380027908 ], [ 87.710018048946779, 28.292139613992926 ], [ 87.705259126935118, 28.285001230975436 ], [ 87.701689935426373, 28.273103925946284 ], [ 87.696931013414712, 28.262396351420048 ], [ 87.690982360900136, 28.25287850739673 ], [ 87.685033708385561, 28.243360663373409 ], [ 87.681464516876815, 28.233842819350087 ], [ 87.6802747863739, 28.223135244823851 ], [ 87.6802747863739, 28.214807131303445 ], [ 87.67789532536807, 28.205289287280124 ], [ 87.674326133859324, 28.195771443256803 ], [ 87.671946672853494, 28.186253599233481 ], [ 87.663618559333088, 28.17435629420433 ], [ 87.655290445812682, 28.160079528169348 ], [ 87.650531523801021, 28.151751414648942 ], [ 87.646962332292276, 28.142233570625621 ], [ 87.642203410280615, 28.126767074087724 ], [ 87.642203410280615, 28.110110847046911 ], [ 87.646962332292276, 28.10059300302359 ], [ 87.64339314078353, 28.086316236988608 ], [ 87.642203410280615, 28.075608662462372 ], [ 87.637444488268955, 28.06133189642739 ], [ 87.633875296760209, 28.042296208380748 ], [ 87.633875296760209, 28.033968094860342 ], [ 87.630306105251464, 28.02207078983119 ], [ 87.629116374748548, 28.004224832287463 ], [ 87.626736913742718, 27.987568605246651 ] ] } },
{ "type": "Feature", "properties": { "accuracy": null, "activity_confidence": null, "average_dip": null, "average_rake": null, "catalog_id": "GAF_892", "catalog_name": "HimaTibetMap", "dip_dir": null, "downthrown_side_dir": null, "downthrown_side_id": null, "epistemic_quality": null, "exposure_quality": "1", "fs_name": "Tingri fault", "last_movement": null, "lower_seis_depth": null, "name": null, "net_slip_rate": null, "notes": null, "reference": null, "shortening_rate": null, "slip_type": "Normal", "strike_slip_rate": null, "upper_seis_depth": null, "vert_sep_rate": null }, "geometry": { "type": "LineString", "coordinates": [ [ 86.585422520750811, 28.227924936136848 ], [ 86.659744242711795, 28.402799576045037 ], [ 86.659744242711795, 28.507724359989954 ], [ 86.611653716737038, 28.603905411939458 ] ] } },
{ "type": "Feature", "properties": { "accuracy": null, "activity_confidence": null, "average_dip": null, "average_rake": null, "catalog_id": "GAF_893", "catalog_name": "HimaTibetMap", "dip_dir": null, "downthrown_side_dir": null, "downthrown_side_id": null, "epistemic_quality": null, "exposure_quality": "1", "fs_name": null, "last_movement": null, "lower_seis_depth": null, "name": null, "net_slip_rate": null, "notes": null, "reference": null, "shortening_rate": null, "slip_type": "Normal", "strike_slip_rate": null, "upper_seis_depth": null, "vert_sep_rate": null }, "geometry": { "type": "LineString", "coordinates": [ [ 83.401791000993839, 32.237015762029543 ], [ 83.447313227554602, 32.21931267392258 ], [ 83.532035149209349, 32.185171004002008 ], [ 83.588937932410303, 32.145971308908017 ], [ 83.634460158971066, 32.108036120107386 ], [ 83.677453372945124, 32.072629943893453 ], [ 83.711595042865696, 32.028372223626043 ], [ 83.722975599505887, 31.976527465598508 ] ] } },
{ "type": "Feature", "properties": { "accuracy": null, "activity_confidence": null, "average_dip": null, "average_rake": null, "catalog_id": "GAF_894", "catalog_name": "HimaTibetMap", "dip_dir": null, "downthrown_side_dir": null, "downthrown_side_id": null, "epistemic_quality": null, "exposure_quality": "1", "fs_name": "Lopukangri Rift", "last_movement": null, "lower_seis_depth": null, "name": null, "net_slip_rate": null, "notes": null, "reference": "Murphy et al., 2010 EPSL", "shortening_rate": null, "slip_type": "Normal", "strike_slip_rate": null, "upper_seis_depth": null, "vert_sep_rate": null }, "geometry": { "type": "LineString", "coordinates": [ [ 84.49441908276637, 30.28604392304328 ], [ 84.46693662680741, 30.334946528499668 ], [ 84.418564473166427, 30.421906946742361 ], [ 84.399720803915145, 30.481098633443189 ], [ 84.373652886130543, 30.591735726366217 ], [ 84.361723721039496, 30.636362708903039 ], [ 84.358032727942572, 30.654817674387701 ] ] } },
{ "type": "Feature", "properties": { "accuracy": null, "activity_confidence": null, "average_dip": null, "average_rake": null, "catalog_id": "GAF_895", "catalog_name": "HimaTibetMap", "dip_dir": null, "downthrown_side_dir": null, "downthrown_side_id": null, "epistemic_quality": null, "exposure_quality": "1", "fs_name": "Tangra Yum Co Rift", "last_movement": null, "lower_seis_depth": null, "name": null, "net_slip_rate": null, "notes": null, "reference": "Dewane et al., 2006", "shortening_rate": null, "slip_type": "Normal", "strike_slip_rate": null, "upper_seis_depth": null, "vert_sep_rate": null }, "geometry": { "type": "LineString", "coordinates": [ [ 86.356793526678416, 30.188025547353682 ], [ 86.3589490134203, 30.154076631169083 ], [ 86.307217331615192, 30.102344949363978 ], [ 86.299134256333147, 30.050074395873402 ], [ 86.282968105769029, 30.02905840014008 ], [ 86.27057405700323, 29.973015744851214 ] ] } },
{ "type": "Feature", "properties": { "accuracy": null, "activity_confidence": null, "average_dip": null, "average_rake": null, "catalog_id": "GAF_896", "catalog_name": "HimaTibetMap", "dip_dir": null, "downthrown_side_dir": null, "downthrown_side_id": null, "epistemic_quality": null, "exposure_quality": "1", "fs_name": "Tangra Yum Co Rift", "last_movement": null, "lower_seis_depth": null, "name": null, "net_slip_rate": null, "notes": null, "reference": "Dewane et al., 2006", "shortening_rate": null, "slip_type": "Normal", "strike_slip_rate": null, "upper_seis_depth": null, "vert_sep_rate": null }, "geometry": { "type": "LineString", "coordinates": [ [ 86.397793709494266, 29.894523317963237 ], [ 86.401314403924957, 29.894523317963237 ], [ 86.425959264939777, 29.9332509567008 ], [ 86.438163151184341, 29.967627027996517 ], [ 86.447862841522806, 29.977865590020443 ] ] } },
{ "type": "Feature", "properties": { "accuracy": null, "activity_confidence": null, "average_dip": null, "average_rake": null, "catalog_id": "GAF_897", "catalog_name": "HimaTibetMap", "dip_dir": null, "downthrown_side_dir": null, "downthrown_side_id": null, "epistemic_quality": null, "exposure_quality": "1", "fs_name": null, "last_movement": null, "lower_seis_depth": null, "name": null, "net_slip_rate": null, "notes": null, "reference": "Murphy et al., 2010 EPSL", "shortening_rate": null, "slip_type": "Normal", "strike_slip_rate": null, "upper_seis_depth": null, "vert_sep_rate": null }, "geometry": { "type": "LineString", "coordinates": [ [ 85.771335635566842, 29.860144579732179 ], [ 85.760558201857435, 29.868227655014223 ], [ 85.757863843430087, 29.877927345352681 ], [ 85.750858511518985, 29.886010420634729 ], [ 85.74277543623694, 29.902176571198826 ], [ 85.736308976011301, 29.915648363335571 ], [ 85.736308976011301, 29.923731438617619 ], [ 85.732536874213011, 29.938819845810773 ], [ 85.722837183874546, 29.954985996374869 ], [ 85.71744846701985, 29.959296969858627 ], [ 85.708287648366863, 29.961452456600508 ], [ 85.696432471286528, 29.978696350535543 ], [ 85.69373811285918, 29.988934912559468 ], [ 85.69751021465747, 30.001328961325274 ], [ 85.699126829713876, 30.011028651663732 ], [ 85.70128231645576, 30.02072834200219 ], [ 85.699126829713876, 30.028272545598767 ], [ 85.696971342971992, 30.039588850993635 ], [ 85.698049086342934, 30.047671926275683 ], [ 85.698049086342934, 30.058449359985079 ], [ 85.695893599601064, 30.072460023807295 ], [ 85.69751021465747, 30.081081970774811 ], [ 85.70343780319763, 30.092398276169678 ] ] } },
{ "type": "Feature", "properties": { "accuracy": null, "activity_confidence": null, "average_dip": null, "average_rake": null, "catalog_id": "GAF_898", "catalog_name": "HimaTibetMap", "dip_dir": null, "downthrown_side_dir": null, "downthrown_side_id": null, "epistemic_quality": null, "exposure_quality": "1", "fs_name": null, "last_movement": null, "lower_seis_depth": null, "name": null, "net_slip_rate": null, "notes": null, "reference": "Styron et al., 2010", "shortening_rate": null, "slip_type": "Normal", "strike_slip_rate": null, "upper_seis_depth": null, "vert_sep_rate": null }, "geometry": { "type": "LineString", "coordinates": [ [ 83.236227345335891, 30.667224394456653 ], [ 83.230487419070712, 30.747789287070049 ], [ 83.199107753644952, 30.804281348392475 ] ] } },
{ "type": "Feature", "properties": { "accuracy": null, "activity_confidence": null, "average_dip": null, "average_rake": null, "catalog_id": "GAF_899", "catalog_name": "HimaTibetMap", "dip_dir": null, "downthrown_side_dir": null, "downthrown_side_id": null, "epistemic_quality": null, "exposure_quality": "1", "fs_name": null, "last_movement": null, "lower_seis_depth": null, "name": null, "net_slip_rate": null, "notes": null, "reference": "Styron et al., 2010", "shortening_rate": null, "slip_type": "Normal", "strike_slip_rate": null, "upper_seis_depth": null, "vert_sep_rate": null }, "geometry": { "type": "LineString", "coordinates": [ [ 83.210285476899529, 30.673648939172395 ], [ 83.210285476899529, 30.645897364513999 ], [ 83.179968036539236, 30.537620791798652 ], [ 83.146402692365797, 30.477700325342273 ], [ 83.105475963065516, 30.386329022718389 ] ] } },
{ "type": "Feature", "properties": { "accuracy": null, "activity_confidence": null, "average_dip": null, "average_rake": null, "catalog_id": "GAF_900", "catalog_name": "HimaTibetMap", "dip_dir": null, "downthrown_side_dir": null, "downthrown_side_id": null, "epistemic_quality": null, "exposure_quality": "1", "fs_name": "Gurla Mandhata Detachment", "last_movement": null, "lower_seis_depth": null, "name": null, "net_slip_rate": null, "notes": null, "reference": "Murphy et al., 2002", "shortening_rate": null, "slip_type": "Normal", "strike_slip_rate": null, "upper_seis_depth": null, "vert_sep_rate": null }, "geometry": { "type": "LineString", "coordinates": [ [ 81.263643265639487, 30.51434600771595 ], [ 81.293053403671564, 30.515940246589853 ], [ 81.30447481649955, 30.524506306210842 ], [ 81.333980132971845, 30.528313443820171 ], [ 81.366340802651138, 30.531168797027167 ], [ 81.386328275100112, 30.529265228222503 ], [ 81.422496082388733, 30.522602737406178 ], [ 81.453904967665693, 30.515940246589853 ], [ 81.495783481368306, 30.510229540175864 ], [ 81.546228054691895, 30.494049205336218 ], [ 81.564311958336205, 30.486434930117561 ], [ 81.587154783992176, 30.473109948484911 ], [ 81.631888650901786, 30.467399242070918 ], [ 81.669008242592739, 30.455026044840601 ], [ 81.694706421455706, 30.451218907231272 ], [ 81.722308169123338, 30.449315338426608 ], [ 81.745150994779308, 30.444556416414947 ], [ 81.782270586470261, 30.438845710000955 ], [ 81.811775902942557, 30.43694214119629 ], [ 81.842233003817185, 30.43218321918463 ], [ 81.867931182680152, 30.427424297172969 ], [ 81.885063301922131, 30.426472512770637 ], [ 81.92979716883174, 30.417906453149648 ], [ 81.967868544925025, 30.403629687114666 ], [ 82.008795274225307, 30.389352921079684 ], [ 82.062095200755905, 30.379835077056363 ] ] } },
{ "type": "Feature", "properties": { "accuracy": null, "activity_confidence": null, "average_dip": null, "average_rake": null, "catalog_id": "GAF_901", "catalog_name": "HimaTibetMap", "dip_dir": null, "downthrown_side_dir": null, "downthrown_side_id": null, "epistemic_quality": null, "exposure_quality": "1", "fs_name": "Xiao Gurla Detachment", "last_movement": null, "lower_seis_depth": null, "name": null, "net_slip_rate": null, "notes": null, "reference": "Pullen et al., 2011", "shortening_rate": null, "slip_type": "Normal", "strike_slip_rate": null, "upper_seis_depth": null, "vert_sep_rate": null }, "geometry": { "type": "LineString", "coordinates": [ [ 81.945977503671401, 30.46073675125459 ], [ 81.970723898132036, 30.463592104461586 ], [ 81.982145310960021, 30.473109948484908 ], [ 81.985000664167018, 30.493097420933882 ], [ 81.9726274669367, 30.504518833761868 ], [ 81.951688210085393, 30.51022954017586 ], [ 81.92789360002709, 30.526409875015506 ], [ 81.901243636761791, 30.541638425452817 ], [ 81.87840081110582, 30.55210805387847 ], [ 81.855557985449849, 30.564481251108788 ], [ 81.84699192582886, 30.570191957522781 ], [ 81.824149100172889, 30.582565154753098 ], [ 81.804161627723914, 30.587324076764759 ], [ 81.789442054328518, 30.606043055504536 ], [ 81.770284944905313, 30.611645606373585 ], [ 81.769897389239958, 30.631106159272036 ], [ 81.787981292884268, 30.637768650088361 ], [ 81.816534824954232, 30.637768650088361 ], [ 81.844136572621863, 30.636816865686029 ], [ 81.870786535887163, 30.633961512479033 ], [ 81.897436499152462, 30.633009728076701 ], [ 81.918375756003769, 30.635865081283697 ], [ 81.926941815624758, 30.644431140904686 ], [ 81.963109622913379, 30.643479356502354 ], [ 82.003084567811328, 30.638720434490693 ], [ 82.038300590697617, 30.634913296881365 ], [ 82.076371966790887, 30.623491884053379 ], [ 82.109684420872512, 30.619684746444051 ] ] } },
{ "type": "Feature", "properties": { "accuracy": null, "activity_confidence": null, "average_dip": null, "average_rake": null, "catalog_id": "GAF_902", "catalog_name": "HimaTibetMap", "dip_dir": null, "downthrown_side_dir": null, "downthrown_side_id": null, "epistemic_quality": null, "exposure_quality": "1", "fs_name": "Humla fault", "last_movement": null, "lower_seis_depth": null, "name": null, "net_slip_rate": null, "notes": null, "reference": "Murphy and Copeland, 2005", "shortening_rate": null, "slip_type": "Dextral", "strike_slip_rate": null, "upper_seis_depth": null, "vert_sep_rate": null }, "geometry": { "type": "LineString", "coordinates": [ [ 81.861287392736841, 29.93735853133126 ], [ 81.837032490610326, 29.973740884521021 ], [ 81.780437718981815, 30.030335656149539 ], [ 81.727885431041045, 30.066718009339304 ], [ 81.59852595303299, 30.107142846216817 ], [ 81.469166475024949, 30.135440232031076 ], [ 81.418787659105604, 30.142157407486987 ] ] } },
{ "type": "Feature", "properties": { "accuracy": null, "activity_confidence": null, "average_dip": null, "average_rake": null, "catalog_id": "GAF_903", "catalog_name": "HimaTibetMap", "dip_dir": null, "downthrown_side_dir": null, "downthrown_side_id": null, "epistemic_quality": null, "exposure_quality": "1", "fs_name": null, "last_movement": null, "lower_seis_depth": null, "name": null, "net_slip_rate": null, "notes": null, "reference": null, "shortening_rate": null, "slip_type": "Dextral", "strike_slip_rate": null, "upper_seis_depth": null, "vert_sep_rate": null }, "geometry": { "type": "LineString", "coordinates": [ [ 79.110582305008393, 33.071511256754818 ], [ 79.109763094698579, 33.038470311164083 ], [ 79.109763094698579, 32.998495366266134 ], [ 79.111666663503243, 32.966134696586842 ], [ 79.1192809387219, 32.9204490452749 ], [ 79.1192809387219, 32.876666962767622 ], [ 79.128798782745221, 32.836692017869673 ], [ 79.13260592035455, 32.787199228948403 ], [ 79.136413057963878, 32.75483855926911 ], [ 79.148517980140454, 32.694760109184962 ], [ 79.176388002861827, 32.634913724575256 ], [ 79.208510726440537, 32.531169224721047 ] ] } },
{ "type": "Feature", "properties": { "accuracy": null, "activity_confidence": null, "average_dip": null, "average_rake": null, "catalog_id": "GAF_904", "catalog_name": "HimaTibetMap", "dip_dir": null, "downthrown_side_dir": null, "downthrown_side_id": null, "epistemic_quality": null, "exposure_quality": "1", "fs_name": "Qusum Detachment", "last_movement": null, "lower_seis_depth": null, "name": null, "net_slip_rate": null, "notes": null, "reference": "Thiede et al., 2006; Saylor et al., 2010", "shortening_rate": null, "slip_type": "Normal", "strike_slip_rate": null, "upper_seis_depth": null, "vert_sep_rate": null }, "geometry": { "type": "LineString", "coordinates": [ [ 79.321773070318059, 32.485483573409098 ], [ 79.296074891455078, 32.465496100960124 ], [ 79.266093682781616, 32.434087215683164 ], [ 79.241823180522147, 32.395539947388713 ], [ 79.218980354866176, 32.366986415318749 ], [ 79.186143792985717, 32.334149853438284 ], [ 79.166156320536743, 32.309879351178814 ], [ 79.149024201294765, 32.285608848919345 ], [ 79.131892082052786, 32.264193699866873 ], [ 79.103338549982823, 32.234212491193411 ], [ 79.091917137154837, 32.212797342140938 ], [ 79.071929664705863, 32.192809869691956 ], [ 79.041948456032401, 32.149979571587011 ], [ 79.024816336790423, 32.12713674593104 ], [ 79.003401187737936, 32.090017154240087 ], [ 78.987696745099456, 32.068602005187614 ], [ 78.980558362081965, 32.045759179531636 ], [ 78.953432506615499, 32.017205647461672 ], [ 78.930589680959528, 31.994362821805701 ], [ 78.916312914924546, 31.965809289735731 ], [ 78.902036148889565, 31.937255757665767 ] ] } },
{ "type": "Feature", "properties": { "accuracy": null, "activity_confidence": null, "average_dip": null, "average_rake": null, "catalog_id": "GAF_905", "catalog_name": "HimaTibetMap", "dip_dir": null, "downthrown_side_dir": null, "downthrown_side_id": null, "epistemic_quality": null, "exposure_quality": "1", "fs_name": "Leo Pargil Detachment", "last_movement": null, "lower_seis_depth": null, "name": null, "net_slip_rate": null, "notes": null, "reference": "Thiede et al., 2006", "shortening_rate": null, "slip_type": "Normal", "strike_slip_rate": null, "upper_seis_depth": null, "vert_sep_rate": null }, "geometry": { "type": "LineString", "coordinates": [ [ 78.613645474982917, 31.840173748627887 ], [ 78.605079415361928, 31.867299604094352 ], [ 78.610790121775921, 31.924406668234283 ], [ 78.616500828189913, 31.957243230114742 ], [ 78.616500828189928, 31.998645851616192 ], [ 78.630777594224909, 32.028627060289658 ], [ 78.670752539122859, 32.05860826896312 ], [ 78.723576573452291, 32.075740388205098 ], [ 78.774972931178226, 32.091444830843578 ], [ 78.846356761353135, 32.122853716120538 ], [ 78.867771910405608, 32.154262601397498 ], [ 78.883476353044088, 32.195665222898953 ], [ 78.900608472286066, 32.2370678444004 ], [ 78.916312914924546, 32.272759759487855 ] ] } },
{ "type": "Feature", "properties": { "accuracy": null, "activity_confidence": null, "average_dip": null, "average_rake": null, "catalog_id": "GAF_906", "catalog_name": "HimaTibetMap", "dip_dir": null, "downthrown_side_dir": null, "downthrown_side_id": null, "epistemic_quality": null, "exposure_quality": "1", "fs_name": "Leo Pargil Detachment", "last_movement": null, "lower_seis_depth": null, "name": null, "net_slip_rate": null, "notes": null, "reference": "Thiede et al., 2006", "shortening_rate": null, "slip_type": "Normal", "strike_slip_rate": null, "upper_seis_depth": null, "vert_sep_rate": null }, "geometry": { "type": "LineString", "coordinates": [ [ 78.924878974545535, 32.021488677272167 ], [ 78.906319178700059, 31.980086055770716 ], [ 78.902036148889565, 31.937255757665767 ], [ 78.883476353044088, 31.894425459560818 ], [ 78.874910293423099, 31.855878191266367 ], [ 78.846356761353135, 31.823041629385905 ], [ 78.812092522869179, 31.81162021655792 ], [ 78.769262224764233, 31.814475569764916 ], [ 78.737853339487273, 31.83731839542089 ], [ 78.692167688175317, 31.834463042213894 ], [ 78.652192743277368, 31.817330922971912 ], [ 78.613645474982917, 31.840173748627887 ] ] } },
{ "type": "Feature", "properties": { "accuracy": null, "activity_confidence": null, "average_dip": null, "average_rake": null, "catalog_id": "GAF_907", "catalog_name": "HimaTibetMap", "dip_dir": null, "downthrown_side_dir": null, "downthrown_side_id": null, "epistemic_quality": null, "exposure_quality": "1", "fs_name": null, "last_movement": null, "lower_seis_depth": null, "name": null, "net_slip_rate": null, "notes": null, "reference": null, "shortening_rate": null, "slip_type": "Normal", "strike_slip_rate": null, "upper_seis_depth": null, "vert_sep_rate": null }, "geometry": { "type": "LineString", "coordinates": [ [ 78.217734889759427, 33.251907963387076 ], [ 78.229632194788579, 33.197180360252979 ], [ 78.232011655794409, 33.149591140136373 ], [ 78.243908960823561, 33.118658147060572 ], [ 78.253426804846882, 33.085345692978947 ], [ 78.265324109876033, 33.044894855879832 ], [ 78.271389, 33.005556 ], [ 78.271389, 32.959444 ], [ 78.286389, 32.908611 ], [ 78.283611, 32.859722 ], [ 78.296667, 32.821389 ], [ 78.305774946975163, 32.756980074174351 ], [ 78.327190096027635, 32.711770315063575 ], [ 78.36050255010926, 32.685596243999441 ], [ 78.377158777150072, 32.671319477964452 ] ] } },
{ "type": "Feature", "properties": { "accuracy": null, "activity_confidence": null, "average_dip": null, "average_rake": null, "catalog_id": "GAF_908", "catalog_name": "HimaTibetMap", "dip_dir": null, "downthrown_side_dir": null, "downthrown_side_id": null, "epistemic_quality": null, "exposure_quality": "1", "fs_name": null, "last_movement": null, "lower_seis_depth": null, "name": null, "net_slip_rate": null, "notes": null, "reference": null, "shortening_rate": null, "slip_type": "Normal", "strike_slip_rate": null, "upper_seis_depth": null, "vert_sep_rate": null }, "geometry": { "type": "LineString", "coordinates": [ [ 85.308135799386278, 28.587842519133865 ], [ 85.32003310441543, 28.604498746174677 ], [ 85.342637983970818, 28.62829335623298 ], [ 85.367622324532036, 28.648518774782538 ], [ 85.378329899058272, 28.673503115343756 ], [ 85.377140168555357, 28.694918264396229 ], [ 85.375950438052442, 28.718712874454532 ], [ 85.366432594029121, 28.736558831998259 ], [ 85.368812055034951, 28.75440478954199 ], [ 85.373570977046612, 28.778199399600293 ], [ 85.378329899058272, 28.800804279155681 ], [ 85.372381246543696, 28.821029697705239 ], [ 85.368812055034951, 28.838875655248966 ], [ 85.365242863526205, 28.862670265307269 ], [ 85.362863402520375, 28.881705953353912 ], [ 85.362863402520375, 28.903121102406384 ], [ 85.368812055034951, 28.920967059950112 ], [ 85.378329899058272, 28.94595140051133 ] ] } },
{ "type": "Feature", "properties": { "accuracy": null, "activity_confidence": null, "average_dip": null, "average_rake": null, "catalog_id": "GAF_909", "catalog_name": "HimaTibetMap", "dip_dir": null, "downthrown_side_dir": null, "downthrown_side_id": null, "epistemic_quality": null, "exposure_quality": "2", "fs_name": null, "last_movement": null, "lower_seis_depth": null, "name": null, "net_slip_rate": null, "notes": null, "reference": null, "shortening_rate": null, "slip_type": "Normal", "strike_slip_rate": null, "upper_seis_depth": null, "vert_sep_rate": null }, "geometry": { "type": "LineString", "coordinates": [ [ 81.450585620841636, 35.301995217231521 ], [ 81.486277535929091, 35.321030905278164 ], [ 81.507692684981564, 35.3317384798044 ], [ 81.514831067999054, 35.354343359359788 ], [ 81.51602079850197, 35.36862012539477 ], [ 81.521969451016545, 35.381707160926837 ], [ 81.531487295039867, 35.392414735453073 ], [ 81.535056486548612, 35.397173657464734 ], [ 81.538625678057358, 35.412640154002631 ], [ 81.541005139063188, 35.420968267523037 ], [ 81.544574330571933, 35.432865572552188 ], [ 81.546953791577764, 35.449521799593001 ], [ 81.546953791577764, 35.466178026633813 ], [ 81.545764061074848, 35.476885601160049 ], [ 81.538625678057358, 35.489972636692116 ], [ 81.536246217051527, 35.504249402727098 ], [ 81.536246217051527, 35.517336438259164 ], [ 81.529107834034036, 35.526854282282486 ], [ 81.526728373028206, 35.537561856808722 ], [ 81.524348912022376, 35.549459161837873 ] ] } },
{ "type": "Feature", "properties": { "accuracy": null, "activity_confidence": null, "average_dip": null, "average_rake": null, "catalog_id": "GAF_910", "catalog_name": "HimaTibetMap", "dip_dir": null, "downthrown_side_dir": null, "downthrown_side_id": null, "epistemic_quality": null, "exposure_quality": "2", "fs_name": null, "last_movement": null, "lower_seis_depth": null, "name": null, "net_slip_rate": null, "notes": null, "reference": null, "shortening_rate": null, "slip_type": "Sinistral", "strike_slip_rate": null, "upper_seis_depth": null, "vert_sep_rate": null }, "geometry": { "type": "LineString", "coordinates": [ [ 82.146907123819489, 36.000957921925817 ], [ 82.212580247580405, 36.020945394374792 ], [ 82.291102460772791, 36.033794483806275 ], [ 82.348209524912718, 36.043788220030763 ], [ 82.4410085041401, 36.055209632858748 ], [ 82.508109304504515, 36.060920339272741 ], [ 82.60661899014589, 36.082335488325214 ], [ 82.687996556545286, 36.109461343791679 ], [ 82.757952710116697, 36.135159522654646 ], [ 82.830764216895105, 36.162285378121112 ], [ 82.917852489708494, 36.196549616605068 ], [ 83.034921971195345, 36.235096884899512 ], [ 83.089292655178582, 36.26103300986307 ], [ 83.13152808803207, 36.288396811430118 ], [ 83.155322698090373, 36.301245900861609 ], [ 83.185303906763835, 36.320281588908252 ], [ 83.2124297622303, 36.344076198966555 ] ] } },
{ "type": "Feature", "properties": { "accuracy": null, "activity_confidence": null, "average_dip": null, "average_rake": null, "catalog_id": "GAF_911", "catalog_name": "HimaTibetMap", "dip_dir": null, "downthrown_side_dir": null, "downthrown_side_id": null, "epistemic_quality": null, "exposure_quality": "1", "fs_name": null, "last_movement": null, "lower_seis_depth": null, "name": null, "net_slip_rate": null, "notes": null, "reference": null, "shortening_rate": null, "slip_type": "Normal", "strike_slip_rate": null, "upper_seis_depth": null, "vert_sep_rate": null }, "geometry": { "type": "LineString", "coordinates": [ [ 79.738337378351176, 34.023883601023151 ], [ 79.763083772811811, 34.021980032218487 ], [ 79.784023029663118, 34.041015720265129 ], [ 79.799251580100432, 34.061003192714104 ], [ 79.806865855319089, 34.079087096358414 ], [ 79.810672992928417, 34.094315646795728 ], [ 79.808769424123753, 34.11335133484237 ], [ 79.804010502112092, 34.131435238486681 ], [ 79.805914070916756, 34.140953082510002 ], [ 79.81638369934241, 34.154278064142652 ], [ 79.826853327768063, 34.161892339361309 ], [ 79.829768167500205, 34.167959964926176 ], [ 79.834527089511866, 34.175395780569396 ], [ 79.837203983143425, 34.180749567832514 ], [ 79.84077317465217, 34.186103355095632 ], [ 79.847316692418204, 34.190267411855835 ], [ 79.850588451301221, 34.195026333867496 ], [ 79.854455075435695, 34.200082688504885 ], [ 79.855347373312881, 34.20870823465102 ], [ 79.854157642809966, 34.220010674428714 ], [ 79.851480749178407, 34.227446490071934 ], [ 79.849993586049763, 34.234882305715153 ], [ 79.849993586049763, 34.242615553984102 ], [ 79.84820899029539, 34.250646234878779 ], [ 79.847614125043933, 34.257487185270541 ], [ 79.844639798786645, 34.265815298790947 ], [ 79.841962905155086, 34.273845979685625 ], [ 79.838988578897798, 34.28247152583176 ], [ 79.839583444149255, 34.28723044784342 ], [ 79.839880876774984, 34.293476532983725 ], [ 79.840178309400713, 34.297640589743928 ], [ 79.831850195880307, 34.303589242258504 ], [ 79.822034919231257, 34.308348164270164 ], [ 79.813409373085122, 34.316973710416299 ], [ 79.806865855319089, 34.323517228182332 ], [ 79.801214635430242, 34.330358178574095 ], [ 79.794968550289937, 34.338983724720229 ], [ 79.788722465149633, 34.345824675111992 ], [ 79.782773812635057, 34.349988731872195 ], [ 79.781584082132142, 34.354747653883855 ], [ 79.781286649506413, 34.361886036901346 ], [ 79.780691784254955, 34.366050093661549 ], [ 79.777420025371939, 34.369619285170295 ], [ 79.774743131740379, 34.374973072433413 ], [ 79.774148266488922, 34.380029427070802 ], [ 79.773850833863193, 34.384193483831005 ], [ 79.774743131740379, 34.389249838468395 ], [ 79.772363670734549, 34.394008760480055 ], [ 79.769091911851532, 34.399957412994631 ], [ 79.767604748722889, 34.408880391766495 ], [ 79.76968677710299, 34.414234179029613 ], [ 79.769091911851532, 34.423752023052934 ], [ 79.770579074980176, 34.425239186181578 ] ] } },
{ "type": "Feature", "properties": { "accuracy": null, "activity_confidence": null, "average_dip": null, "average_rake": null, "catalog_id": "GAF_912", "catalog_name": "HimaTibetMap", "dip_dir": null, "downthrown_side_dir": null, "downthrown_side_id": null, "epistemic_quality": null, "exposure_quality": "1", "fs_name": null, "last_movement": null, "lower_seis_depth": null, "name": null, "net_slip_rate": null, "notes": null, "reference": "Murphy et al., 2010 EPSL", "shortening_rate": null, "slip_type": "Normal", "strike_slip_rate": null, "upper_seis_depth": null, "vert_sep_rate": null }, "geometry": { "type": "LineString", "coordinates": [ [ 84.076683708578742, 30.312029524788983 ], [ 84.087391283104978, 30.347721439876437 ], [ 84.114160219420569, 30.383413354963892 ], [ 84.119514006683687, 30.413751482788228 ], [ 84.105237240648705, 30.456581780893174 ], [ 84.089175878859351, 30.474427738436901 ], [ 84.071329921315623, 30.494058291735001 ], [ 84.048130176508778, 30.511904249278729 ], [ 84.024930431701932, 30.531534802576829 ], [ 84.014222857175696, 30.561872930401165 ], [ 84.005299878403832, 30.595780249734247 ] ] } },
{ "type": "Feature", "properties": { "accuracy": null, "activity_confidence": null, "average_dip": null, "average_rake": null, "catalog_id": "GAF_913", "catalog_name": "HimaTibetMap", "dip_dir": null, "downthrown_side_dir": null, "downthrown_side_id": null, "epistemic_quality": null, "exposure_quality": "1", "fs_name": null, "last_movement": null, "lower_seis_depth": null, "name": null, "net_slip_rate": null, "notes": null, "reference": "Murphy et al., 2010 EPSL", "shortening_rate": null, "slip_type": "Normal", "strike_slip_rate": null, "upper_seis_depth": null, "vert_sep_rate": null }, "geometry": { "type": "LineString", "coordinates": [ [ 84.405049327383324, 30.199599992263501 ], [ 84.39612634861146, 30.228153524333464 ], [ 84.380064986822106, 30.253137864894683 ], [ 84.380742317842532, 30.287101410888432 ], [ 84.346157667489024, 30.301321950262746 ], [ 84.340209014974434, 30.317383312052101 ], [ 84.335450092962773, 30.325473479471924 ], [ 84.328787602146448, 30.334991323495245 ], [ 84.313083159507968, 30.344509167518567 ], [ 84.300709962277665, 30.347364520725563 ], [ 84.297378716869503, 30.359261825754714 ], [ 84.295951040266004, 30.365924316571036 ], [ 84.290716226053178, 30.371635022985028 ], [ 84.282150166432189, 30.377821621600187 ], [ 84.276915352219362, 30.382104651410682 ], [ 84.26263858618438, 30.391146603232837 ] ] } },
{ "type": "Feature", "properties": { "accuracy": null, "activity_confidence": null, "average_dip": null, "average_rake": null, "catalog_id": "GAF_914", "catalog_name": "HimaTibetMap", "dip_dir": null, "downthrown_side_dir": null, "downthrown_side_id": null, "epistemic_quality": null, "exposure_quality": "1", "fs_name": null, "last_movement": null, "lower_seis_depth": null, "name": null, "net_slip_rate": null, "notes": null, "reference": null, "shortening_rate": null, "slip_type": "Normal", "strike_slip_rate": null, "upper_seis_depth": null, "vert_sep_rate": null }, "geometry": { "type": "LineString", "coordinates": [ [ 83.079332627984982, 30.59447154618103 ], [ 83.095503638661171, 30.62405415502797 ], [ 83.114641890585546, 30.628838718009064 ], [ 83.117879896279433, 30.654433963527953 ], [ 83.133584338917913, 30.668710729562935 ], [ 83.135012015521411, 30.692981231822404 ], [ 83.137867368728408, 30.710113351064383 ], [ 83.13643969212491, 30.73295617672035 ], [ 83.12787363250392, 30.742949912944837 ], [ 83.117879896279433, 30.767220415204307 ], [ 83.116452219675935, 30.777214151428794 ] ] } },
{ "type": "Feature", "properties": { "accuracy": null, "activity_confidence": null, "average_dip": null, "average_rake": null, "catalog_id": "GAF_915", "catalog_name": "HimaTibetMap", "dip_dir": null, "downthrown_side_dir": null, "downthrown_side_id": null, "epistemic_quality": null, "exposure_quality": "1", "fs_name": null, "last_movement": null, "lower_seis_depth": null, "name": null, "net_slip_rate": null, "notes": null, "reference": null, "shortening_rate": null, "slip_type": "Normal", "strike_slip_rate": null, "upper_seis_depth": null, "vert_sep_rate": null }, "geometry": { "type": "LineString", "coordinates": [ [ 89.925420672635539, 29.922506800924154 ], [ 89.93493851665886, 29.932024644947475 ], [ 89.946240956436554, 29.944516815228084 ], [ 89.956948530962791, 29.954034659251406 ], [ 89.965871509734654, 29.960578177017439 ], [ 89.973604758003603, 29.967121694783472 ], [ 89.976579084260891, 29.977234404058251 ], [ 89.980148275769636, 29.985562517578657 ], [ 89.984312332529839, 29.99210603534469 ], [ 89.988476389290042, 30.001623879368012 ], [ 89.993235311301703, 30.007572531882587 ], [ 90.003348020576482, 30.016495510654451 ], [ 90.012270999348345, 30.022444163169027 ], [ 90.015840190857091, 30.02660821992923 ], [ 90.022383708623124, 30.035531198701094 ], [ 90.033091283149361, 30.056351482502112 ], [ 90.037850205161021, 30.069438518034179 ], [ 90.05034237544163, 30.082525553566246 ], [ 90.059265354213494, 30.090258801835194 ], [ 90.0675934677339, 30.0985869153556 ], [ 90.072352389745561, 30.112268816139125 ], [ 90.075921581254306, 30.125950716922649 ], [ 90.079490772763052, 30.142012078712003 ], [ 90.077111311757221, 30.158073440501358 ], [ 90.084844560026156, 30.174729667542167 ], [ 90.092577808295104, 30.192575625085894 ], [ 90.102095652318425, 30.2009037386063 ], [ 90.108639170084459, 30.206257525869418 ], [ 90.116372418353407, 30.212801043635451 ], [ 90.122321070867983, 30.221724022407315 ], [ 90.127674858131101, 30.230647001179179 ], [ 90.136002971651507, 30.2401648452025 ], [ 90.144925950423371, 30.246113497717076 ], [ 90.156228390201065, 30.255631341740397 ], [ 90.168125695230216, 30.264554320512261 ], [ 90.171694886738962, 30.275261895038497 ], [ 90.172884617241877, 30.288348930570567 ], [ 90.180617865510825, 30.297271909342431 ], [ 90.193704901042892, 30.307979483868667 ], [ 90.197868957803095, 30.328204902418225 ], [ 90.194894631545807, 30.339507342195919 ] ] } },
{ "type": "Feature", "properties": { "accuracy": null, "activity_confidence": null, "average_dip": null, "average_rake": null, "catalog_id": "GAF_916", "catalog_name": "HimaTibetMap", "dip_dir": null, "downthrown_side_dir": null, "downthrown_side_id": null, "epistemic_quality": null, "exposure_quality": "1", "fs_name": null, "last_movement": null, "lower_seis_depth": null, "name": null, "net_slip_rate": null, "notes": null, "reference": null, "shortening_rate": null, "slip_type": "Normal", "strike_slip_rate": null, "upper_seis_depth": null, "vert_sep_rate": null }, "geometry": { "type": "LineString", "coordinates": [ [ 90.260924674457613, 30.406677543506333 ], [ 90.296616589545067, 30.4197645790384 ], [ 90.327549582620861, 30.434041345073382 ], [ 90.353723653684995, 30.442369458593788 ], [ 90.376328533240383, 30.45426676362294 ], [ 90.39179502977828, 30.464974338149176 ], [ 90.407261526316177, 30.473302451669582 ], [ 90.426297214362819, 30.482820295692903 ], [ 90.444143171906546, 30.487579217704564 ], [ 90.481024817496916, 30.514943019271612 ], [ 90.500060505543559, 30.536358168324085 ], [ 90.54883945616308, 30.550634934359067 ], [ 90.569064874712637, 30.548255473353237 ], [ 90.591669754268025, 30.560152778382388 ], [ 90.620223286337989, 30.560152778382388 ], [ 90.657104931928359, 30.570860352908625 ], [ 90.685658463998323, 30.591085771458182 ], [ 90.713022265565371, 30.600603615481504 ], [ 90.739196336629504, 30.607741998498991 ], [ 90.762990946687808, 30.623208495036888 ], [ 90.796303400769432, 30.635105800066039 ], [ 90.829615854851056, 30.644623644089361 ], [ 90.86054884792685, 30.656520949118512 ] ] } },
{ "type": "Feature", "properties": { "accuracy": null, "activity_confidence": null, "average_dip": null, "average_rake": null, "catalog_id": "GAF_917", "catalog_name": "HimaTibetMap", "dip_dir": null, "downthrown_side_dir": null, "downthrown_side_id": null, "epistemic_quality": null, "exposure_quality": "1", "fs_name": null, "last_movement": null, "lower_seis_depth": null, "name": null, "net_slip_rate": null, "notes": null, "reference": null, "shortening_rate": null, "slip_type": "Normal", "strike_slip_rate": null, "upper_seis_depth": null, "vert_sep_rate": null }, "geometry": { "type": "LineString", "coordinates": [ [ 90.33716657085283, 33.769929676523624 ], [ 90.360366315659689, 33.78063725104986 ], [ 90.377022542700502, 33.782421846804233 ], [ 90.388324982478196, 33.783611577307148 ], [ 90.398437691752974, 33.789560229821731 ], [ 90.410334996782126, 33.795508882336307 ], [ 90.422232301811277, 33.801457534850883 ], [ 90.434129606840429, 33.805026726359628 ], [ 90.43888852885209, 33.808001052616916 ], [ 90.445432046618123, 33.814544570382949 ], [ 90.457329351647275, 33.828226471166474 ], [ 90.465062599916223, 33.839528910944168 ], [ 90.466847195670596, 33.843692967704371 ] ] } },
{ "type": "Feature", "properties": { "accuracy": null, "activity_confidence": null, "average_dip": null, "average_rake": null, "catalog_id": "GAF_918", "catalog_name": "HimaTibetMap", "dip_dir": null, "downthrown_side_dir": null, "downthrown_side_id": null, "epistemic_quality": null, "exposure_quality": "1", "fs_name": null, "last_movement": null, "lower_seis_depth": null, "name": null, "net_slip_rate": null, "notes": null, "reference": null, "shortening_rate": null, "slip_type": "Normal", "strike_slip_rate": null, "upper_seis_depth": null, "vert_sep_rate": null }, "geometry": { "type": "LineString", "coordinates": [ [ 90.511462089529928, 33.945414925703631 ], [ 90.495995592992017, 33.93411248592593 ], [ 90.476959904945375, 33.924594641902608 ], [ 90.463872869413308, 33.918051124136575 ], [ 90.441862855109378, 33.908533280113254 ], [ 90.427037168255396, 33.898398201714876 ], [ 90.417473379799617, 33.893066783575357 ], [ 90.416283649296702, 33.881764343797663 ], [ 90.406170940021923, 33.87760028703746 ], [ 90.393083904489856, 33.865702982008308 ], [ 90.377022542700502, 33.859159464242268 ], [ 90.364530372419893, 33.854995407482065 ], [ 90.350848471636354, 33.844882698207286 ], [ 90.341330627613033, 33.837149449938337 ], [ 90.319320613309102, 33.819898357646068 ] ] } },
{ "type": "Feature", "properties": { "accuracy": null, "activity_confidence": null, "average_dip": null, "average_rake": null, "catalog_id": "GAF_919", "catalog_name": "HimaTibetMap", "dip_dir": null, "downthrown_side_dir": null, "downthrown_side_id": null, "epistemic_quality": null, "exposure_quality": "1", "fs_name": null, "last_movement": null, "lower_seis_depth": null, "name": null, "net_slip_rate": null, "notes": null, "reference": null, "shortening_rate": null, "slip_type": "Normal", "strike_slip_rate": null, "upper_seis_depth": null, "vert_sep_rate": null }, "geometry": { "type": "LineString", "coordinates": [ [ 86.651441627736375, 34.050253045305624 ], [ 86.64002021490839, 34.071192302156931 ], [ 86.61337025164309, 34.107360109445544 ], [ 86.596238132401112, 34.126395797492187 ], [ 86.577202444354469, 34.139720779124836 ], [ 86.560070325112491, 34.153045760757486 ], [ 86.539131068261199, 34.1682743111948 ], [ 86.516288242605228, 34.179695724022785 ], [ 86.502963260972578, 34.193020705655435 ] ] } },
{ "type": "Feature", "properties": { "accuracy": null, "activity_confidence": "1", "average_dip": null, "average_rake": null, "catalog_id": "PB_3739.0", "catalog_name": "Bird 2003", "dip_dir": null, "downthrown_side_dir": null, "downthrown_side_id": null, "epistemic_quality": "1", "exposure_quality": null, "fs_name": null, "last_movement": null, "lower_seis_depth": null, "name": null, "net_slip_rate": "(33.0,,)", "notes": null, "reference": null, "shortening_rate": "(29.1,,)", "slip_type": "Subduction_Thrust", "strike_slip_rate": "(-15.6,,)", "upper_seis_depth": null, "vert_sep_rate": null }, "geometry": { "type": "LineString", "coordinates": [ [ 92.278, 6.948 ], [ 92.376, 6.333 ] ] } },
{ "type": "Feature", "properties": { "accuracy": null, "activity_confidence": "1", "average_dip": null, "average_rake": null, "catalog_id": "PB_3740.0", "catalog_name": "Bird 2003", "dip_dir": null, "downthrown_side_dir": null, "downthrown_side_id": null, "epistemic_quality": "1", "exposure_quality": null, "fs_name": null, "last_movement": null, "lower_seis_depth": null, "name": null, "net_slip_rate": "(35.5,,)", "notes": null, "reference": null, "shortening_rate": "(30.4,,)", "slip_type": "Subduction_Thrust", "strike_slip_rate": "(-18.4,,)", "upper_seis_depth": null, "vert_sep_rate": null }, "geometry": { "type": "LineString", "coordinates": [ [ 92.376, 6.333 ], [ 92.537, 5.702 ] ] } },
{ "type": "Feature", "properties": { "accuracy": null, "activity_confidence": "1", "average_dip": null, "average_rake": null, "catalog_id": "PB_4130.0", "catalog_name": "Bird 2003", "dip_dir": null, "downthrown_side_dir": null, "downthrown_side_id": null, "epistemic_quality": "1", "exposure_quality": null, "fs_name": null, "last_movement": null, "lower_seis_depth": null, "name": null, "net_slip_rate": "(33.1,,)", "notes": null, "reference": null, "shortening_rate": "(-17.6,,)", "slip_type": "Spreading_Ridge", "strike_slip_rate": "(28.0,,)", "upper_seis_depth": null, "vert_sep_rate": null }, "geometry": { "type": "LineString", "coordinates": [ [ 95.505, 12.918 ], [ 95.155, 12.053 ] ] } },
{ "type": "Feature", "properties": { "accuracy": null, "activity_confidence": "1", "average_dip": null, "average_rake": null, "catalog_id": "PB_4131.0", "catalog_name": "Bird 2003", "dip_dir": null, "downthrown_side_dir": null, "downthrown_side_id": null, "epistemic_quality": "1", "exposure_quality": null, "fs_name": null, "last_movement": null, "lower_seis_depth": null, "name": null, "net_slip_rate": "(35.2,,)", "notes": null, "reference": null, "shortening_rate": "(-21.3,,)", "slip_type": "Spreading_Ridge", "strike_slip_rate": "(28.0,,)", "upper_seis_depth": null, "vert_sep_rate": null }, "geometry": { "type": "LineString", "coordinates": [ [ 95.155, 12.053 ], [ 94.807, 11.188 ] ] } },
{ "type": "Feature", "properties": { "accuracy": null, "activity_confidence": "1", "average_dip": null, "average_rake": null, "catalog_id": "PB_4132.0", "catalog_name": "Bird 2003", "dip_dir": null, "downthrown_side_dir": null, "downthrown_side_id": null, "epistemic_quality": "1", "exposure_quality": null, "fs_name": null, "last_movement": null, "lower_seis_depth": null, "name": null, "net_slip_rate": "(37.4,,)", "notes": null, "reference": null, "shortening_rate": "(-31.1,,)", "slip_type": "Spreading_Ridge", "strike_slip_rate": "(20.7,,)", "upper_seis_depth": null, "vert_sep_rate": null }, "geometry": { "type": "LineString", "coordinates": [ [ 94.807, 11.188 ], [ 94.415, 10.679 ] ] } },
{ "type": "Feature", "properties": { "accuracy": null, "activity_confidence": "1", "average_dip": null, "average_rake": null, "catalog_id": "PB_4133.0", "catalog_name": "Bird 2003", "dip_dir": null, "downthrown_side_dir": null, "downthrown_side_id": null, "epistemic_quality": "1", "exposure_quality": null, "fs_name": null, "last_movement": null, "lower_seis_depth": null, "name": null, "net_slip_rate": "(39.5,,)", "notes": null, "reference": null, "shortening_rate": "(-33.6,,)", "slip_type": "Spreading_Ridge", "strike_slip_rate": "(20.7,,)", "upper_seis_depth": null, "vert_sep_rate": null }, "geometry": { "type": "LineString", "coordinates": [ [ 94.415, 10.679 ], [ 94.024, 10.17 ] ] } },
{ "type": "Feature", "properties": { "accuracy": null, "activity_confidence": "1", "average_dip": null, "average_rake": null, "catalog_id": "PB_4134.0", "catalog_name": "Bird 2003", "dip_dir": null, "downthrown_side_dir": null, "downthrown_side_id": null, "epistemic_quality": "1", "exposure_quality": null, "fs_name": null, "last_movement": null, "lower_seis_depth": null, "name": null, "net_slip_rate": "(40.6,,)", "notes": null, "reference": null, "shortening_rate": "(-0.7,,)", "slip_type": "Dextral_Transform", "strike_slip_rate": "(40.6,,)", "upper_seis_depth": null, "vert_sep_rate": null }, "geometry": { "type": "LineString", "coordinates": [ [ 94.024, 10.17 ], [ 94.216, 9.717 ] ] } },
{ "type": "Feature", "properties": { "accuracy": null, "activity_confidence": "1", "average_dip": null, "average_rake": null, "catalog_id": "PB_4137.0", "catalog_name": "Bird 2003", "dip_dir": null, "downthrown_side_dir": null, "downthrown_side_id": null, "epistemic_quality": "1", "exposure_quality": null, "fs_name": null, "last_movement": null, "lower_seis_depth": null, "name": null, "net_slip_rate": "(42.6,,)", "notes": null, "reference": null, "shortening_rate": "(-0.1,,)", "slip_type": "Dextral_Transform", "strike_slip_rate": "(42.6,,)", "upper_seis_depth": null, "vert_sep_rate": null }, "geometry": { "type": "LineString", "coordinates": [ [ 93.986, 9.019 ], [ 94.171, 8.686 ] ] } },
{ "type": "Feature", "properties": { "accuracy": null, "activity_confidence": "1", "average_dip": null, "average_rake": null, "catalog_id": "PB_4138.0", "catalog_name": "Bird 2003", "dip_dir": null, "downthrown_side_dir": null, "downthrown_side_id": null, "epistemic_quality": "1", "exposure_quality": null, "fs_name": null, "last_movement": null, "lower_seis_depth": null, "name": null, "net_slip_rate": "(42.6,,)", "notes": null, "reference": null, "shortening_rate": "(2.4,,)", "slip_type": "Dextral_Transform", "strike_slip_rate": "(42.5,,)", "upper_seis_depth": null, "vert_sep_rate": null }, "geometry": { "type": "LineString", "coordinates": [ [ 94.171, 8.686 ], [ 94.429, 8.312 ] ] } },
{ "type": "Feature", "properties": { "accuracy": null, "activity_confidence": "1", "average_dip": null, "average_rake": null, "catalog_id": "PB_4139.0", "catalog_name": "Bird 2003", "dip_dir": null, "downthrown_side_dir": null, "downthrown_side_id": null, "epistemic_quality": "1", "exposure_quality": null, "fs_name": null, "last_movement": null, "lower_seis_depth": null, "name": null, "net_slip_rate": "(42.5,,)", "notes": null, "reference": null, "shortening_rate": "(2.0,,)", "slip_type": "Dextral_Transform", "strike_slip_rate": "(42.4,,)", "upper_seis_depth": null, "vert_sep_rate": null }, "geometry": { "type": "LineString", "coordinates": [ [ 94.429, 8.312 ], [ 94.775, 7.847 ] ] } },
{ "type": "Feature", "properties": { "accuracy": null, "activity_confidence": "1", "average_dip": null, "average_rake": null, "catalog_id": "PB_4141.0", "catalog_name": "Bird 2003", "dip_dir": null, "downthrown_side_dir": null, "downthrown_side_id": null, "epistemic_quality": "1", "exposure_quality": null, "fs_name": null, "last_movement": null, "lower_seis_depth": null, "name": null, "net_slip_rate": "(43.9,,)", "notes": null, "reference": null, "shortening_rate": "(3.9,,)", "slip_type": "Dextral_Transform", "strike_slip_rate": "(43.7,,)", "upper_seis_depth": null, "vert_sep_rate": null }, "geometry": { "type": "LineString", "coordinates": [ [ 94.46, 7.603 ], [ 94.883, 7.139 ] ] } },
{ "type": "Feature", "properties": { "accuracy": null, "activity_confidence": "1", "average_dip": null, "average_rake": null, "catalog_id": "PB_4142.0", "catalog_name": "Bird 2003", "dip_dir": null, "downthrown_side_dir": null, "downthrown_side_id": null, "epistemic_quality": "1", "exposure_quality": null, "fs_name": null, "last_movement": null, "lower_seis_depth": null, "name": null, "net_slip_rate": "(44.7,,)", "notes": null, "reference": null, "shortening_rate": "(-44.7,,)", "slip_type": "Spreading_Ridge", "strike_slip_rate": "(-0.2,,)", "upper_seis_depth": null, "vert_sep_rate": null }, "geometry": { "type": "LineString", "coordinates": [ [ 94.883, 7.139 ], [ 94.497, 6.837 ] ] } },
{ "type": "Feature", "properties": { "accuracy": null, "activity_confidence": "1", "average_dip": null, "average_rake": null, "catalog_id": "PB_4152.0", "catalog_name": "Bird 2003", "dip_dir": null, "downthrown_side_dir": null, "downthrown_side_id": null, "epistemic_quality": "1", "exposure_quality": null, "fs_name": null, "last_movement": null, "lower_seis_depth": null, "name": null, "net_slip_rate": "(30.6,,)", "notes": null, "reference": null, "shortening_rate": "(19.5,,)", "slip_type": "Subduction_Thrust", "strike_slip_rate": "(-23.6,,)", "upper_seis_depth": null, "vert_sep_rate": null }, "geometry": { "type": "LineString", "coordinates": [ [ 92.278, 6.948 ], [ 91.903, 7.663 ] ] } },
{ "type": "Feature", "properties": { "accuracy": null, "activity_confidence": "1", "average_dip": null, "average_rake": null, "catalog_id": "PB_4153.0", "catalog_name": "Bird 2003", "dip_dir": null, "downthrown_side_dir": null, "downthrown_side_id": null, "epistemic_quality": "1", "exposure_quality": null, "fs_name": null, "last_movement": null, "lower_seis_depth": null, "name": null, "net_slip_rate": "(28.6,,)", "notes": null, "reference": null, "shortening_rate": "(21.6,,)", "slip_type": "Subduction_Thrust", "strike_slip_rate": "(-18.7,,)", "upper_seis_depth": null, "vert_sep_rate": null }, "geometry": { "type": "LineString", "coordinates": [ [ 91.903, 7.663 ], [ 91.781, 8.16 ] ] } },
{ "type": "Feature", "properties": { "accuracy": null, "activity_confidence": "1", "average_dip": null, "average_rake": null, "catalog_id": "PB_4154.0", "catalog_name": "Bird 2003", "dip_dir": null, "downthrown_side_dir": null, "downthrown_side_id": null, "epistemic_quality": "1", "exposure_quality": null, "fs_name": null, "last_movement": null, "lower_seis_depth": null, "name": null, "net_slip_rate": "(26.9,,)", "notes": null, "reference": null, "shortening_rate": "(19.0,,)", "slip_type": "Subduction_Thrust", "strike_slip_rate": "(-19.0,,)", "upper_seis_depth": null, "vert_sep_rate": null }, "geometry": { "type": "LineString", "coordinates": [ [ 91.781, 8.16 ], [ 91.651, 8.656 ] ] } },
{ "type": "Feature", "properties": { "accuracy": null, "activity_confidence": "1", "average_dip": null, "average_rake": null, "catalog_id": "PB_4155.0", "catalog_name": "Bird 2003", "dip_dir": null, "downthrown_side_dir": null, "downthrown_side_id": null, "epistemic_quality": "1", "exposure_quality": null, "fs_name": null, "last_movement": null, "lower_seis_depth": null, "name": null, "net_slip_rate": "(25.2,,)", "notes": null, "reference": null, "shortening_rate": "(19.3,,)", "slip_type": "Subduction_Thrust", "strike_slip_rate": "(-16.3,,)", "upper_seis_depth": null, "vert_sep_rate": null }, "geometry": { "type": "LineString", "coordinates": [ [ 91.651, 8.656 ], [ 91.596, 9.13 ] ] } },
{ "type": "Feature", "properties": { "accuracy": null, "activity_confidence": "1", "average_dip": null, "average_rake": null, "catalog_id": "PB_4156.0", "catalog_name": "Bird 2003", "dip_dir": null, "downthrown_side_dir": null, "downthrown_side_id": null, "epistemic_quality": "1", "exposure_quality": null, "fs_name": null, "last_movement": null, "lower_seis_depth": null, "name": null, "net_slip_rate": "(23.6,,)", "notes": null, "reference": null, "shortening_rate": "(16.8,,)", "slip_type": "Subduction_Thrust", "strike_slip_rate": "(-16.6,,)", "upper_seis_depth": null, "vert_sep_rate": null }, "geometry": { "type": "LineString", "coordinates": [ [ 91.596, 9.13 ], [ 91.533, 9.604 ] ] } },
{ "type": "Feature", "properties": { "accuracy": null, "activity_confidence": "1", "average_dip": null, "average_rake": null, "catalog_id": "PB_4157.0", "catalog_name": "Bird 2003", "dip_dir": null, "downthrown_side_dir": null, "downthrown_side_id": null, "epistemic_quality": "1", "exposure_quality": null, "fs_name": null, "last_movement": null, "lower_seis_depth": null, "name": null, "net_slip_rate": "(22.1,,)", "notes": null, "reference": null, "shortening_rate": "(17.5,,)", "slip_type": "Subduction_Thrust", "strike_slip_rate": "(-13.4,,)", "upper_seis_depth": null, "vert_sep_rate": null }, "geometry": { "type": "LineString", "coordinates": [ [ 91.533, 9.604 ], [ 91.559, 10.056 ] ] } },
{ "type": "Feature", "properties": { "accuracy": null, "activity_confidence": "1", "average_dip": null, "average_rake": null, "catalog_id": "PB_4158.0", "catalog_name": "Bird 2003", "dip_dir": null, "downthrown_side_dir": null, "downthrown_side_id": null, "epistemic_quality": "1", "exposure_quality": null, "fs_name": null, "last_movement": null, "lower_seis_depth": null, "name": null, "net_slip_rate": "(20.5,,)", "notes": null, "reference": null, "shortening_rate": "(15.2,,)", "slip_type": "Subduction_Thrust", "strike_slip_rate": "(-13.7,,)", "upper_seis_depth": null, "vert_sep_rate": null }, "geometry": { "type": "LineString", "coordinates": [ [ 91.559, 10.056 ], [ 91.576, 10.514 ] ] } },
{ "type": "Feature", "properties": { "accuracy": null, "activity_confidence": "1", "average_dip": null, "average_rake": null, "catalog_id": "PB_4159.0", "catalog_name": "Bird 2003", "dip_dir": null, "downthrown_side_dir": null, "downthrown_side_id": null, "epistemic_quality": "1", "exposure_quality": null, "fs_name": null, "last_movement": null, "lower_seis_depth": null, "name": null, "net_slip_rate": "(18.5,,)", "notes": null, "reference": null, "shortening_rate": "(12.1,,)", "slip_type": "Subduction_Thrust", "strike_slip_rate": "(-14.0,,)", "upper_seis_depth": null, "vert_sep_rate": null }, "geometry": { "type": "LineString", "coordinates": [ [ 91.576, 10.514 ], [ 91.591, 11.3 ] ] } },
{ "type": "Feature", "properties": { "accuracy": null, "activity_confidence": "1", "average_dip": null, "average_rake": null, "catalog_id": "PB_4160.0", "catalog_name": "Bird 2003", "dip_dir": null, "downthrown_side_dir": null, "downthrown_side_id": null, "epistemic_quality": "1", "exposure_quality": null, "fs_name": null, "last_movement": null, "lower_seis_depth": null, "name": null, "net_slip_rate": "(16.6,,)", "notes": null, "reference": null, "shortening_rate": "(10.3,,)", "slip_type": "Subduction_Thrust", "strike_slip_rate": "(-13.0,,)", "upper_seis_depth": null, "vert_sep_rate": null }, "geometry": { "type": "LineString", "coordinates": [ [ 91.591, 11.3 ], [ 91.643, 11.792 ] ] } },
{ "type": "Feature", "properties": { "accuracy": null, "activity_confidence": "1", "average_dip": null, "average_rake": null, "catalog_id": "PB_4161.0", "catalog_name": "Bird 2003", "dip_dir": null, "downthrown_side_dir": null, "downthrown_side_id": null, "epistemic_quality": "1", "exposure_quality": null, "fs_name": null, "last_movement": null, "lower_seis_depth": null, "name": null, "net_slip_rate": "(15.3,,)", "notes": null, "reference": null, "shortening_rate": "(8.2,,)", "slip_type": "Subduction_Thrust", "strike_slip_rate": "(-12.9,,)", "upper_seis_depth": null, "vert_sep_rate": null }, "geometry": { "type": "LineString", "coordinates": [ [ 91.643, 11.792 ], [ 91.7, 12.283 ] ] } },
{ "type": "Feature", "properties": { "accuracy": null, "activity_confidence": "1", "average_dip": null, "average_rake": null, "catalog_id": "PB_4162.0", "catalog_name": "Bird 2003", "dip_dir": null, "downthrown_side_dir": null, "downthrown_side_id": null, "epistemic_quality": "1", "exposure_quality": null, "fs_name": null, "last_movement": null, "lower_seis_depth": null, "name": null, "net_slip_rate": "(13.7,,)", "notes": null, "reference": null, "shortening_rate": "(6.3,,)", "slip_type": "Subduction_Thrust", "strike_slip_rate": "(-12.2,,)", "upper_seis_depth": null, "vert_sep_rate": null }, "geometry": { "type": "LineString", "coordinates": [ [ 91.7, 12.283 ], [ 91.889, 13.154 ] ] } },
{ "type": "Feature", "properties": { "accuracy": null, "activity_confidence": "1", "average_dip": null, "average_rake": null, "catalog_id": "PB_4163.0", "catalog_name": "Bird 2003", "dip_dir": null, "downthrown_side_dir": null, "downthrown_side_id": null, "epistemic_quality": "1", "exposure_quality": null, "fs_name": null, "last_movement": null, "lower_seis_depth": null, "name": null, "net_slip_rate": "(12.4,,)", "notes": null, "reference": null, "shortening_rate": "(4.0,,)", "slip_type": "Subduction_Thrust", "strike_slip_rate": "(-11.8,,)", "upper_seis_depth": null, "vert_sep_rate": null }, "geometry": { "type": "LineString", "coordinates": [ [ 91.889, 13.154 ], [ 92.068, 13.715 ] ] } },
{ "type": "Feature", "properties": { "accuracy": null, "activity_confidence": "1", "average_dip": null, "average_rake": null, "catalog_id": "PB_4164.0", "catalog_name": "Bird 2003", "dip_dir": null, "downthrown_side_dir": null, "downthrown_side_id": null, "epistemic_quality": "1", "exposure_quality": null, "fs_name": null, "last_movement": null, "lower_seis_depth": null, "name": null, "net_slip_rate": "(11.3,,)", "notes": null, "reference": null, "shortening_rate": "(3.9,,)", "slip_type": "Subduction_Thrust", "strike_slip_rate": "(-10.6,,)", "upper_seis_depth": null, "vert_sep_rate": null }, "geometry": { "type": "LineString", "coordinates": [ [ 92.068, 13.715 ], [ 92.517, 14.384 ] ] } },
{ "type": "Feature", "properties": { "accuracy": null, "activity_confidence": null, "average_dip": "(90.0,,)", "average_rake": "(0.0,,)", "catalog_id": "EOS_AF0002", "catalog_name": "EOS_SE_Asia", "dip_dir": null, "downthrown_side_dir": null, "downthrown_side_id": null, "epistemic_quality": null, "exposure_quality": null, "fs_name": null, "last_movement": null, "lower_seis_depth": "(15.0,,)", "name": null, "net_slip_rate": null, "notes": null, "reference": null, "shortening_rate": null, "slip_type": "Sinistral", "strike_slip_rate": null, "upper_seis_depth": "(1.0,,)", "vert_sep_rate": null }, "geometry": { "type": "LineString", "coordinates": [ [ 97.303, 23.196 ], [ 97.323, 23.193 ], [ 97.341, 23.192 ], [ 97.357, 23.19 ], [ 97.374, 23.188 ], [ 97.38, 23.19 ], [ 97.401, 23.192 ], [ 97.425, 23.19 ], [ 97.435, 23.189 ], [ 97.445, 23.188 ], [ 97.455, 23.188 ], [ 97.481, 23.192 ], [ 97.511, 23.19 ], [ 97.553, 23.194 ], [ 97.563, 23.193 ], [ 97.586, 23.195 ], [ 97.601, 23.2 ], [ 97.622, 23.206 ], [ 97.641, 23.212 ], [ 97.656, 23.217 ], [ 97.684, 23.234 ], [ 97.695, 23.236 ], [ 97.717, 23.241 ], [ 97.728, 23.241 ], [ 97.736, 23.245 ], [ 97.749, 23.247 ], [ 97.762, 23.253 ], [ 97.778, 23.259 ], [ 97.789, 23.265 ], [ 97.798, 23.274 ], [ 97.804, 23.277 ], [ 97.819, 23.283 ], [ 97.847, 23.284 ], [ 97.855, 23.283 ], [ 97.866, 23.287 ], [ 97.881, 23.29 ], [ 97.899, 23.295 ], [ 97.912, 23.3 ], [ 97.924, 23.299 ], [ 97.935, 23.303 ], [ 97.944, 23.309 ], [ 97.959, 23.313 ], [ 97.967, 23.313 ], [ 97.974, 23.313 ], [ 97.981, 23.313 ], [ 97.988, 23.314 ], [ 97.994, 23.315 ], [ 98.002, 23.316 ], [ 98.01, 23.317 ], [ 98.017, 23.32 ], [ 98.021, 23.323 ], [ 98.03, 23.324 ], [ 98.041, 23.327 ], [ 98.047, 23.328 ], [ 98.056, 23.329 ], [ 98.062, 23.329 ], [ 98.069, 23.328 ], [ 98.076, 23.329 ], [ 98.081, 23.33 ], [ 98.086, 23.33 ], [ 98.09, 23.329 ], [ 98.094, 23.328 ], [ 98.099, 23.329 ], [ 98.103, 23.331 ], [ 98.107, 23.332 ], [ 98.111, 23.334 ], [ 98.113, 23.334 ], [ 98.116, 23.335 ], [ 98.12, 23.336 ], [ 98.122, 23.336 ], [ 98.124, 23.336 ], [ 98.127, 23.335 ], [ 98.129, 23.334 ], [ 98.131, 23.333 ], [ 98.133, 23.333 ], [ 98.135, 23.334 ], [ 98.137, 23.335 ], [ 98.139, 23.337 ], [ 98.14, 23.338 ], [ 98.142, 23.339 ], [ 98.145, 23.34 ], [ 98.146, 23.34 ], [ 98.149, 23.34 ], [ 98.151, 23.34 ], [ 98.156, 23.341 ], [ 98.159, 23.342 ], [ 98.165, 23.343 ], [ 98.17, 23.345 ], [ 98.175, 23.348 ], [ 98.191, 23.353 ], [ 98.207, 23.353 ] ] } },
{ "type": "Feature", "properties": { "accuracy": null, "activity_confidence": null, "average_dip": "(90.0,,)", "average_rake": "(0.0,,)", "catalog_id": "EOS_AF0003", "catalog_name": "EOS_SE_Asia", "dip_dir": null, "downthrown_side_dir": null, "downthrown_side_id": null, "epistemic_quality": null, "exposure_quality": null, "fs_name": null, "last_movement": null, "lower_seis_depth": "(15.0,,)", "name": null, "net_slip_rate": null, "notes": null, "reference": null, "shortening_rate": null, "slip_type": "Sinistral", "strike_slip_rate": null, "upper_seis_depth": "(1.0,,)", "vert_sep_rate": null }, "geometry": { "type": "LineString", "coordinates": [ [ 97.636, 23.269 ], [ 97.638, 23.268 ], [ 97.641, 23.268 ], [ 97.643, 23.268 ], [ 97.646, 23.268 ], [ 97.649, 23.268 ], [ 97.653, 23.268 ], [ 97.655, 23.269 ], [ 97.658, 23.269 ], [ 97.66, 23.269 ], [ 97.662, 23.269 ], [ 97.682, 23.273 ], [ 97.717, 23.276 ], [ 97.735, 23.28 ], [ 97.756, 23.281 ], [ 97.767, 23.283 ], [ 97.79, 23.29 ], [ 97.804, 23.292 ], [ 97.82, 23.293 ], [ 97.842, 23.297 ], [ 97.857, 23.305 ], [ 97.879, 23.313 ], [ 97.89, 23.315 ], [ 97.911, 23.314 ], [ 97.927, 23.312 ] ] } },
{ "type": "Feature", "properties": { "accuracy": null, "activity_confidence": null, "average_dip": "(90.0,,)", "average_rake": "(0.0,,)", "catalog_id": "EOS_AF0004", "catalog_name": "EOS_SE_Asia", "dip_dir": null, "downthrown_side_dir": null, "downthrown_side_id": null, "epistemic_quality": null, "exposure_quality": null, "fs_name": null, "last_movement": null, "lower_seis_depth": "(15.0,,)", "name": null, "net_slip_rate": null, "notes": null, "reference": null, "shortening_rate": null, "slip_type": "Sinistral", "strike_slip_rate": null, "upper_seis_depth": "(1.0,,)", "vert_sep_rate": null }, "geometry": { "type": "LineString", "coordinates": [ [ 97.983, 23.33 ], [ 98.047, 23.344 ], [ 98.08, 23.35 ], [ 98.103, 23.356 ], [ 98.123, 23.358 ], [ 98.151, 23.362 ], [ 98.185, 23.365 ], [ 98.198, 23.365 ], [ 98.212, 23.365 ], [ 98.224, 23.365 ], [ 98.231, 23.365 ], [ 98.245, 23.363 ], [ 98.251, 23.363 ], [ 98.261, 23.363 ], [ 98.269, 23.363 ], [ 98.278, 23.363 ], [ 98.287, 23.364 ], [ 98.3, 23.365 ], [ 98.313, 23.366 ], [ 98.324, 23.366 ], [ 98.328, 23.368 ], [ 98.349, 23.372 ], [ 98.368, 23.375 ], [ 98.39, 23.377 ], [ 98.409, 23.379 ], [ 98.427, 23.382 ], [ 98.447, 23.382 ], [ 98.466, 23.383 ], [ 98.477, 23.384 ], [ 98.494, 23.384 ], [ 98.519, 23.385 ], [ 98.547, 23.388 ], [ 98.574, 23.395 ], [ 98.608, 23.404 ], [ 98.64, 23.417 ], [ 98.669, 23.426 ], [ 98.707, 23.439 ], [ 98.744, 23.45 ], [ 98.781, 23.466 ], [ 98.807, 23.477 ], [ 98.826, 23.484 ], [ 98.83, 23.487 ], [ 98.841, 23.493 ], [ 98.846, 23.495 ], [ 98.85, 23.497 ], [ 98.853, 23.498 ], [ 98.856, 23.499 ], [ 98.861, 23.5 ], [ 98.865, 23.501 ], [ 98.87, 23.502 ], [ 98.876, 23.503 ], [ 98.881, 23.504 ], [ 98.896, 23.507 ], [ 98.908, 23.511 ], [ 98.915, 23.516 ], [ 98.945, 23.528 ], [ 98.969, 23.539 ], [ 98.987, 23.548 ], [ 99.012, 23.555 ], [ 99.032, 23.566 ], [ 99.05, 23.573 ], [ 99.061, 23.577 ], [ 99.069, 23.581 ], [ 99.086, 23.597 ], [ 99.101, 23.607 ], [ 99.115, 23.615 ], [ 99.132, 23.625 ], [ 99.149, 23.634 ], [ 99.162, 23.641 ], [ 99.175, 23.647 ], [ 99.184, 23.652 ], [ 99.189, 23.658 ], [ 99.203, 23.664 ], [ 99.223, 23.673 ], [ 99.24, 23.681 ], [ 99.252, 23.687 ], [ 99.263, 23.692 ], [ 99.272, 23.697 ], [ 99.294, 23.71 ], [ 99.307, 23.717 ], [ 99.318, 23.729 ], [ 99.328, 23.737 ], [ 99.334, 23.74 ], [ 99.341, 23.742 ], [ 99.35, 23.747 ], [ 99.361, 23.752 ], [ 99.364, 23.755 ], [ 99.371, 23.76 ], [ 99.377, 23.765 ], [ 99.388, 23.769 ], [ 99.396, 23.774 ], [ 99.403, 23.777 ], [ 99.413, 23.787 ], [ 99.421, 23.791 ], [ 99.424, 23.793 ], [ 99.43, 23.798 ], [ 99.435, 23.801 ], [ 99.443, 23.805 ], [ 99.45, 23.809 ], [ 99.461, 23.815 ], [ 99.472, 23.82 ], [ 99.488, 23.828 ], [ 99.492, 23.832 ], [ 99.5, 23.84 ], [ 99.511, 23.848 ], [ 99.525, 23.856 ], [ 99.533, 23.862 ], [ 99.545, 23.869 ], [ 99.559, 23.877 ], [ 99.566, 23.883 ], [ 99.574, 23.892 ], [ 99.578, 23.898 ], [ 99.594, 23.913 ], [ 99.607, 23.928 ], [ 99.62, 23.942 ], [ 99.632, 23.952 ], [ 99.644, 23.96 ], [ 99.661, 23.972 ], [ 99.664, 23.976 ], [ 99.67, 23.982 ], [ 99.681, 23.991 ], [ 99.692, 24.001 ], [ 99.701, 24.01 ], [ 99.709, 24.02 ], [ 99.714, 24.029 ], [ 99.721, 24.037 ], [ 99.729, 24.046 ], [ 99.735, 24.054 ], [ 99.741, 24.059 ], [ 99.746, 24.064 ], [ 99.749, 24.07 ], [ 99.751, 24.075 ], [ 99.755, 24.079 ], [ 99.76, 24.083 ], [ 99.765, 24.087 ], [ 99.77, 24.09 ], [ 99.774, 24.092 ], [ 99.78, 24.098 ], [ 99.795, 24.11 ], [ 99.806, 24.12 ], [ 99.814, 24.129 ], [ 99.822, 24.139 ], [ 99.833, 24.148 ], [ 99.842, 24.157 ], [ 99.857, 24.168 ], [ 99.869, 24.178 ], [ 99.878, 24.187 ], [ 99.891, 24.202 ], [ 99.908, 24.22 ], [ 99.925, 24.241 ], [ 99.939, 24.26 ], [ 99.95, 24.276 ], [ 99.958, 24.289 ], [ 99.968, 24.298 ], [ 99.983, 24.309 ], [ 99.991, 24.317 ], [ 99.999, 24.322 ], [ 100.004, 24.327 ], [ 100.012, 24.332 ], [ 100.017, 24.337 ], [ 100.021, 24.342 ], [ 100.026, 24.344 ], [ 100.03, 24.348 ], [ 100.038, 24.358 ], [ 100.042, 24.365 ], [ 100.045, 24.37 ], [ 100.049, 24.375 ], [ 100.053, 24.379 ], [ 100.058, 24.385 ], [ 100.061, 24.389 ], [ 100.065, 24.394 ], [ 100.068, 24.398 ], [ 100.072, 24.4 ], [ 100.076, 24.405 ], [ 100.081, 24.411 ], [ 100.083, 24.414 ], [ 100.085, 24.418 ], [ 100.087, 24.422 ], [ 100.087, 24.423 ] ] } },
{ "type": "Feature", "properties": { "accuracy": null, "activity_confidence": null, "average_dip": "(90.0,,)", "average_rake": "(0.0,,)", "catalog_id": "EOS_AF0005", "catalog_name": "EOS_SE_Asia", "dip_dir": null, "downthrown_side_dir": null, "downthrown_side_id": null, "epistemic_quality": null, "exposure_quality": null, "fs_name": null, "last_movement": null, "lower_seis_depth": "(15.0,,)", "name": null, "net_slip_rate": null, "notes": null, "reference": null, "shortening_rate": null, "slip_type": "Sinistral", "strike_slip_rate": null, "upper_seis_depth": "(1.0,,)", "vert_sep_rate": null }, "geometry": { "type": "LineString", "coordinates": [ [ 97.751, 23.042 ], [ 97.76, 23.042 ], [ 97.782, 23.042 ], [ 97.805, 23.045 ], [ 97.826, 23.048 ], [ 97.845, 23.051 ], [ 97.857, 23.055 ], [ 97.87, 23.064 ], [ 97.879, 23.073 ], [ 97.893, 23.073 ], [ 97.906, 23.073 ], [ 97.914, 23.073 ], [ 97.926, 23.072 ], [ 97.938, 23.073 ], [ 97.949, 23.074 ], [ 97.962, 23.073 ], [ 97.977, 23.072 ], [ 97.987, 23.072 ], [ 97.999, 23.072 ], [ 98.008, 23.073 ], [ 98.021, 23.072 ], [ 98.031, 23.071 ], [ 98.04, 23.069 ], [ 98.051, 23.069 ], [ 98.066, 23.07 ], [ 98.077, 23.069 ], [ 98.085, 23.071 ], [ 98.097, 23.072 ], [ 98.109, 23.072 ], [ 98.122, 23.072 ], [ 98.134, 23.071 ], [ 98.145, 23.073 ], [ 98.154, 23.074 ], [ 98.162, 23.076 ], [ 98.169, 23.077 ], [ 98.176, 23.079 ], [ 98.186, 23.082 ], [ 98.193, 23.084 ], [ 98.205, 23.088 ], [ 98.223, 23.091 ], [ 98.243, 23.097 ], [ 98.253, 23.106 ], [ 98.281, 23.119 ], [ 98.307, 23.136 ], [ 98.314, 23.142 ], [ 98.323, 23.155 ], [ 98.334, 23.168 ], [ 98.348, 23.185 ], [ 98.355, 23.199 ], [ 98.373, 23.203 ], [ 98.39, 23.216 ], [ 98.398, 23.227 ], [ 98.407, 23.235 ], [ 98.418, 23.24 ], [ 98.44, 23.247 ], [ 98.477, 23.265 ] ] } },
{ "type": "Feature", "properties": { "accuracy": null, "activity_confidence": null, "average_dip": "(90.0,,)", "average_rake": "(0.0,,)", "catalog_id": "EOS_AF0006", "catalog_name": "EOS_SE_Asia", "dip_dir": null, "downthrown_side_dir": null, "downthrown_side_id": null, "epistemic_quality": null, "exposure_quality": null, "fs_name": null, "last_movement": null, "lower_seis_depth": "(15.0,,)", "name": null, "net_slip_rate": null, "notes": null, "reference": null, "shortening_rate": null, "slip_type": "Sinistral", "strike_slip_rate": null, "upper_seis_depth": "(1.0,,)", "vert_sep_rate": null }, "geometry": { "type": "LineString", "coordinates": [ [ 97.022, 22.555 ], [ 97.031, 22.556 ], [ 97.042, 22.555 ], [ 97.053, 22.554 ], [ 97.064, 22.553 ], [ 97.076, 22.553 ], [ 97.087, 22.555 ], [ 97.105, 22.556 ], [ 97.111, 22.557 ], [ 97.119, 22.559 ], [ 97.13, 22.559 ], [ 97.137, 22.56 ], [ 97.152, 22.563 ], [ 97.162, 22.57 ], [ 97.184, 22.579 ], [ 97.21, 22.587 ], [ 97.233, 22.6 ], [ 97.25, 22.617 ], [ 97.254, 22.634 ], [ 97.264, 22.646 ], [ 97.287, 22.661 ], [ 97.319, 22.69 ] ] } },
{ "type": "Feature", "properties": { "accuracy": null, "activity_confidence": null, "average_dip": "(90.0,,)", "average_rake": "(0.0,,)", "catalog_id": "EOS_AF0007", "catalog_name": "EOS_SE_Asia", "dip_dir": null, "downthrown_side_dir": null, "downthrown_side_id": null, "epistemic_quality": null, "exposure_quality": null, "fs_name": null, "last_movement": null, "lower_seis_depth": "(15.0,,)", "name": null, "net_slip_rate": null, "notes": null, "reference": null, "shortening_rate": null, "slip_type": "Sinistral", "strike_slip_rate": null, "upper_seis_depth": "(1.0,,)", "vert_sep_rate": null }, "geometry": { "type": "LineString", "coordinates": [ [ 97.275, 22.71 ], [ 97.28, 22.713 ], [ 97.288, 22.712 ], [ 97.297, 22.71 ], [ 97.305, 22.71 ], [ 97.318, 22.708 ], [ 97.33, 22.707 ], [ 97.337, 22.708 ], [ 97.366, 22.721 ], [ 97.417, 22.743 ], [ 97.438, 22.755 ], [ 97.457, 22.762 ], [ 97.481, 22.772 ], [ 97.507, 22.779 ], [ 97.542, 22.781 ], [ 97.585, 22.788 ], [ 97.615, 22.793 ], [ 97.653, 22.798 ], [ 97.688, 22.803 ], [ 97.72, 22.806 ], [ 97.777, 22.816 ], [ 97.81, 22.819 ], [ 97.85, 22.828 ], [ 97.907, 22.835 ], [ 97.946, 22.837 ], [ 97.981, 22.847 ], [ 98.027, 22.856 ], [ 98.085, 22.866 ], [ 98.13, 22.878 ], [ 98.159, 22.884 ], [ 98.202, 22.887 ], [ 98.271, 22.897 ], [ 98.314, 22.901 ], [ 98.36, 22.905 ], [ 98.411, 22.91 ], [ 98.434, 22.934 ], [ 98.445, 22.954 ] ] } },
{ "type": "Feature", "properties": { "accuracy": null, "activity_confidence": null, "average_dip": "(90.0,,)", "average_rake": "(0.0,,)", "catalog_id": "EOS_AF0013", "catalog_name": "EOS_SE_Asia", "dip_dir": null, "downthrown_side_dir": null, "downthrown_side_id": null, "epistemic_quality": null, "exposure_quality": null, "fs_name": null, "last_movement": null, "lower_seis_depth": "(15.0,,)", "name": null, "net_slip_rate": null, "notes": null, "reference": null, "shortening_rate": null, "slip_type": "Sinistral", "strike_slip_rate": null, "upper_seis_depth": "(1.0,,)", "vert_sep_rate": null }, "geometry": { "type": "LineString", "coordinates": [ [ 97.899, 24.04 ], [ 97.933, 24.053 ], [ 97.955, 24.06 ], [ 97.965, 24.065 ], [ 97.975, 24.068 ], [ 97.989, 24.073 ], [ 98.005, 24.077 ], [ 98.029, 24.083 ], [ 98.05, 24.093 ], [ 98.065, 24.098 ], [ 98.083, 24.1 ], [ 98.097, 24.101 ], [ 98.112, 24.102 ], [ 98.129, 24.102 ], [ 98.136, 24.102 ], [ 98.184, 24.103 ], [ 98.253, 24.103 ], [ 98.304, 24.108 ], [ 98.355, 24.115 ], [ 98.416, 24.122 ], [ 98.46, 24.127 ], [ 98.533, 24.13 ], [ 98.61, 24.136 ], [ 98.682, 24.142 ], [ 98.727, 24.147 ] ] } },
{ "type": "Feature", "properties": { "accuracy": null, "activity_confidence": null, "average_dip": "(90.0,,)", "average_rake": "(0.0,,)", "catalog_id": "EOS_AF0014", "catalog_name": "EOS_SE_Asia", "dip_dir": null, "downthrown_side_dir": null, "downthrown_side_id": null, "epistemic_quality": null, "exposure_quality": null, "fs_name": null, "last_movement": null, "lower_seis_depth": "(10.0,,)", "name": null, "net_slip_rate": null, "notes": null, "reference": null, "shortening_rate": null, "slip_type": "Sinistral", "strike_slip_rate": null, "upper_seis_depth": "(1.0,,)", "vert_sep_rate": null }, "geometry": { "type": "LineString", "coordinates": [ [ 97.894, 24.046 ], [ 97.904, 24.061 ], [ 97.92, 24.078 ], [ 97.931, 24.088 ], [ 97.937, 24.096 ], [ 97.945, 24.106 ], [ 97.963, 24.118 ], [ 97.974, 24.126 ], [ 97.983, 24.132 ], [ 97.992, 24.138 ], [ 98.003, 24.145 ], [ 98.013, 24.152 ], [ 98.024, 24.16 ], [ 98.036, 24.167 ], [ 98.044, 24.173 ], [ 98.055, 24.179 ], [ 98.063, 24.186 ], [ 98.092, 24.205 ], [ 98.134, 24.226 ], [ 98.184, 24.249 ], [ 98.225, 24.272 ], [ 98.285, 24.299 ], [ 98.317, 24.313 ], [ 98.368, 24.338 ], [ 98.439, 24.377 ], [ 98.457, 24.387 ], [ 98.485, 24.418 ], [ 98.5, 24.431 ], [ 98.535, 24.453 ], [ 98.559, 24.472 ], [ 98.595, 24.503 ], [ 98.63, 24.537 ] ] } },
{ "type": "Feature", "properties": { "accuracy": null, "activity_confidence": null, "average_dip": "(90.0,,)", "average_rake": "(0.0,,)", "catalog_id": "EOS_AF0015", "catalog_name": "EOS_SE_Asia", "dip_dir": null, "downthrown_side_dir": null, "downthrown_side_id": null, "epistemic_quality": null, "exposure_quality": null, "fs_name": null, "last_movement": null, "lower_seis_depth": "(15.0,,)", "name": null, "net_slip_rate": null, "notes": null, "reference": null, "shortening_rate": null, "slip_type": "Sinistral", "strike_slip_rate": null, "upper_seis_depth": "(1.0,,)", "vert_sep_rate": null }, "geometry": { "type": "LineString", "coordinates": [ [ 97.273, 23.592 ], [ 97.28, 23.597 ], [ 97.292, 23.602 ], [ 97.306, 23.609 ], [ 97.32, 23.614 ], [ 97.333, 23.622 ], [ 97.35, 23.629 ], [ 97.368, 23.638 ], [ 97.382, 23.646 ], [ 97.389, 23.65 ], [ 97.402, 23.656 ], [ 97.407, 23.661 ], [ 97.412, 23.664 ], [ 97.463, 23.681 ], [ 97.5, 23.699 ], [ 97.535, 23.725 ], [ 97.551, 23.734 ], [ 97.617, 23.774 ], [ 97.637, 23.795 ], [ 97.658, 23.817 ], [ 97.681, 23.826 ], [ 97.695, 23.84 ], [ 97.702, 23.852 ], [ 97.72, 23.862 ], [ 97.735, 23.872 ], [ 97.761, 23.889 ], [ 97.781, 23.901 ], [ 97.801, 23.917 ], [ 97.828, 23.933 ], [ 97.841, 23.938 ], [ 97.87, 23.953 ], [ 97.887, 23.958 ], [ 97.902, 23.958 ] ] } },
{ "type": "Feature", "properties": { "accuracy": null, "activity_confidence": null, "average_dip": "(90.0,,)", "average_rake": "(0.0,,)", "catalog_id": "EOS_AF0017", "catalog_name": "EOS_SE_Asia", "dip_dir": null, "downthrown_side_dir": null, "downthrown_side_id": null, "epistemic_quality": null, "exposure_quality": null, "fs_name": null, "last_movement": null, "lower_seis_depth": "(10.0,,)", "name": null, "net_slip_rate": null, "notes": null, "reference": null, "shortening_rate": null, "slip_type": "Sinistral", "strike_slip_rate": null, "upper_seis_depth": "(1.0,,)", "vert_sep_rate": null }, "geometry": { "type": "LineString", "coordinates": [ [ 98.408, 24.981 ], [ 98.403, 24.952 ], [ 98.396, 24.94 ], [ 98.386, 24.924 ], [ 98.381, 24.896 ], [ 98.354, 24.867 ], [ 98.326, 24.832 ], [ 98.306, 24.81 ], [ 98.272, 24.792 ], [ 98.242, 24.786 ], [ 98.219, 24.777 ], [ 98.189, 24.766 ], [ 98.154, 24.75 ], [ 98.133, 24.737 ], [ 98.104, 24.732 ], [ 98.074, 24.716 ], [ 98.047, 24.702 ], [ 98.018, 24.684 ], [ 98.001, 24.67 ], [ 97.963, 24.652 ], [ 97.938, 24.623 ], [ 97.917, 24.605 ], [ 97.904, 24.591 ], [ 97.872, 24.575 ], [ 97.845, 24.554 ], [ 97.821, 24.538 ], [ 97.795, 24.516 ], [ 97.764, 24.495 ], [ 97.735, 24.473 ], [ 97.702, 24.456 ], [ 97.669, 24.44 ], [ 97.645, 24.434 ], [ 97.62, 24.435 ], [ 97.614, 24.435 ], [ 97.609, 24.434 ], [ 97.603, 24.433 ], [ 97.598, 24.433 ], [ 97.591, 24.433 ], [ 97.583, 24.432 ], [ 97.576, 24.431 ], [ 97.569, 24.43 ], [ 97.562, 24.428 ], [ 97.554, 24.425 ], [ 97.547, 24.422 ], [ 97.54, 24.419 ], [ 97.534, 24.416 ], [ 97.527, 24.413 ], [ 97.52, 24.409 ], [ 97.493, 24.398 ], [ 97.452, 24.364 ], [ 97.419, 24.34 ], [ 97.39, 24.312 ], [ 97.369, 24.291 ] ] } },
{ "type": "Feature", "properties": { "accuracy": null, "activity_confidence": null, "average_dip": "(90.0,,)", "average_rake": "(0.0,,)", "catalog_id": "EOS_AF0018", "catalog_name": "EOS_SE_Asia", "dip_dir": null, "downthrown_side_dir": null, "downthrown_side_id": null, "epistemic_quality": null, "exposure_quality": null, "fs_name": null, "last_movement": null, "lower_seis_depth": "(10.0,,)", "name": null, "net_slip_rate": null, "notes": null, "reference": null, "shortening_rate": null, "slip_type": "Sinistral", "strike_slip_rate": null, "upper_seis_depth": "(1.0,,)", "vert_sep_rate": null }, "geometry": { "type": "LineString", "coordinates": [ [ 97.986, 24.527 ], [ 98.011, 24.526 ], [ 98.03, 24.523 ], [ 98.043, 24.52 ], [ 98.058, 24.518 ], [ 98.071, 24.519 ], [ 98.085, 24.519 ], [ 98.1, 24.519 ], [ 98.112, 24.519 ], [ 98.124, 24.518 ], [ 98.134, 24.515 ], [ 98.147, 24.513 ], [ 98.16, 24.513 ], [ 98.172, 24.513 ], [ 98.183, 24.513 ], [ 98.191, 24.513 ], [ 98.205, 24.514 ], [ 98.215, 24.515 ], [ 98.225, 24.517 ], [ 98.234, 24.517 ] ] } },
{ "type": "Feature", "properties": { "accuracy": null, "activity_confidence": null, "average_dip": "(90.0,,)", "average_rake": "(0.0,,)", "catalog_id": "EOS_AF0019", "catalog_name": "EOS_SE_Asia", "dip_dir": null, "downthrown_side_dir": null, "downthrown_side_id": null, "epistemic_quality": null, "exposure_quality": null, "fs_name": null, "last_movement": null, "lower_seis_depth": "(10.0,,)", "name": null, "net_slip_rate": null, "notes": null, "reference": null, "shortening_rate": null, "slip_type": "Sinistral", "strike_slip_rate": null, "upper_seis_depth": "(1.0,,)", "vert_sep_rate": null }, "geometry": { "type": "LineString", "coordinates": [ [ 97.969, 24.505 ], [ 97.957, 24.495 ], [ 97.93, 24.47 ], [ 97.904, 24.45 ], [ 97.893, 24.442 ], [ 97.882, 24.434 ], [ 97.865, 24.424 ], [ 97.854, 24.418 ], [ 97.837, 24.414 ], [ 97.825, 24.41 ], [ 97.808, 24.403 ], [ 97.785, 24.394 ], [ 97.758, 24.386 ], [ 97.738, 24.382 ], [ 97.708, 24.377 ], [ 97.692, 24.376 ], [ 97.675, 24.378 ], [ 97.65, 24.385 ], [ 97.626, 24.392 ], [ 97.606, 24.393 ], [ 97.582, 24.395 ], [ 97.573, 24.394 ], [ 97.546, 24.384 ], [ 97.524, 24.372 ], [ 97.501, 24.355 ], [ 97.471, 24.325 ] ] } },
{ "type": "Feature", "properties": { "accuracy": null, "activity_confidence": null, "average_dip": "(90.0,,)", "average_rake": "(180.0,,)", "catalog_id": "EOS_AF0020", "catalog_name": "EOS_SE_Asia", "dip_dir": null, "downthrown_side_dir": null, "downthrown_side_id": null, "epistemic_quality": null, "exposure_quality": null, "fs_name": null, "last_movement": null, "lower_seis_depth": "(15.0,,)", "name": null, "net_slip_rate": null, "notes": null, "reference": null, "shortening_rate": null, "slip_type": "Dextral", "strike_slip_rate": null, "upper_seis_depth": "(1.0,,)", "vert_sep_rate": null }, "geometry": { "type": "LineString", "coordinates": [ [ 97.662, 23.518 ], [ 97.663, 23.521 ], [ 97.665, 23.524 ], [ 97.668, 23.525 ], [ 97.671, 23.526 ], [ 97.674, 23.527 ], [ 97.676, 23.529 ], [ 97.678, 23.531 ], [ 97.68, 23.532 ], [ 97.683, 23.533 ], [ 97.686, 23.534 ], [ 97.688, 23.536 ], [ 97.691, 23.538 ], [ 97.693, 23.538 ], [ 97.695, 23.54 ], [ 97.697, 23.541 ], [ 97.7, 23.543 ], [ 97.702, 23.544 ], [ 97.704, 23.546 ], [ 97.708, 23.548 ], [ 97.71, 23.55 ], [ 97.713, 23.553 ], [ 97.716, 23.554 ], [ 97.719, 23.555 ], [ 97.721, 23.555 ], [ 97.724, 23.556 ], [ 97.74, 23.571 ], [ 97.759, 23.593 ], [ 97.775, 23.614 ], [ 97.78, 23.63 ], [ 97.794, 23.655 ], [ 97.808, 23.67 ], [ 97.834, 23.682 ], [ 97.866, 23.704 ], [ 97.881, 23.712 ], [ 97.907, 23.726 ], [ 97.929, 23.741 ], [ 97.967, 23.761 ], [ 97.987, 23.765 ], [ 97.998, 23.761 ], [ 98.032, 23.769 ], [ 98.055, 23.783 ], [ 98.084, 23.8 ], [ 98.115, 23.812 ], [ 98.138, 23.822 ], [ 98.164, 23.838 ] ] } },
{ "type": "Feature", "properties": { "accuracy": null, "activity_confidence": null, "average_dip": "(90.0,,)", "average_rake": "(180.0,,)", "catalog_id": "EOS_AF0021", "catalog_name": "EOS_SE_Asia", "dip_dir": null, "downthrown_side_dir": null, "downthrown_side_id": null, "epistemic_quality": null, "exposure_quality": null, "fs_name": null, "last_movement": null, "lower_seis_depth": "(15.0,,)", "name": null, "net_slip_rate": null, "notes": null, "reference": null, "shortening_rate": null, "slip_type": "Dextral", "strike_slip_rate": null, "upper_seis_depth": "(1.0,,)", "vert_sep_rate": null }, "geometry": { "type": "LineString", "coordinates": [ [ 97.322, 23.202 ], [ 97.327, 23.21 ], [ 97.334, 23.218 ], [ 97.339, 23.227 ], [ 97.344, 23.234 ], [ 97.351, 23.242 ], [ 97.358, 23.252 ], [ 97.366, 23.26 ], [ 97.373, 23.265 ], [ 97.381, 23.276 ], [ 97.389, 23.28 ], [ 97.392, 23.285 ], [ 97.397, 23.29 ], [ 97.401, 23.295 ], [ 97.404, 23.299 ], [ 97.408, 23.303 ], [ 97.412, 23.31 ], [ 97.416, 23.314 ], [ 97.42, 23.318 ], [ 97.424, 23.324 ], [ 97.43, 23.331 ], [ 97.435, 23.337 ], [ 97.44, 23.341 ], [ 97.444, 23.345 ], [ 97.447, 23.348 ], [ 97.45, 23.351 ], [ 97.454, 23.352 ], [ 97.457, 23.353 ], [ 97.458, 23.356 ], [ 97.46, 23.359 ], [ 97.46, 23.363 ], [ 97.462, 23.366 ], [ 97.465, 23.369 ], [ 97.467, 23.373 ], [ 97.47, 23.375 ], [ 97.475, 23.377 ], [ 97.48, 23.378 ], [ 97.483, 23.379 ], [ 97.487, 23.383 ], [ 97.49, 23.386 ], [ 97.494, 23.388 ], [ 97.498, 23.392 ], [ 97.503, 23.395 ], [ 97.509, 23.396 ], [ 97.515, 23.396 ], [ 97.522, 23.396 ], [ 97.526, 23.395 ], [ 97.53, 23.395 ], [ 97.534, 23.395 ], [ 97.538, 23.395 ], [ 97.542, 23.397 ], [ 97.545, 23.399 ], [ 97.546, 23.405 ], [ 97.549, 23.408 ], [ 97.553, 23.411 ], [ 97.559, 23.414 ], [ 97.564, 23.419 ], [ 97.57, 23.422 ], [ 97.574, 23.426 ], [ 97.577, 23.428 ], [ 97.585, 23.43 ], [ 97.591, 23.43 ], [ 97.596, 23.43 ], [ 97.61, 23.437 ], [ 97.621, 23.442 ], [ 97.632, 23.448 ], [ 97.642, 23.456 ], [ 97.645, 23.457 ], [ 97.65, 23.47 ], [ 97.656, 23.481 ], [ 97.668, 23.494 ], [ 97.676, 23.504 ] ] } },
{ "type": "Feature", "properties": { "accuracy": null, "activity_confidence": null, "average_dip": "(90.0,,)", "average_rake": "(0.0,,)", "catalog_id": "EOS_AF0022", "catalog_name": "EOS_SE_Asia", "dip_dir": null, "downthrown_side_dir": null, "downthrown_side_id": null, "epistemic_quality": null, "exposure_quality": null, "fs_name": null, "last_movement": null, "lower_seis_depth": "(15.0,,)", "name": null, "net_slip_rate": null, "notes": null, "reference": null, "shortening_rate": null, "slip_type": "Sinistral", "strike_slip_rate": null, "upper_seis_depth": "(1.0,,)", "vert_sep_rate": null }, "geometry": { "type": "LineString", "coordinates": [ [ 96.926, 23.361 ], [ 96.932, 23.358 ], [ 96.943, 23.355 ], [ 96.952, 23.355 ], [ 96.962, 23.354 ], [ 96.971, 23.351 ], [ 96.977, 23.35 ], [ 96.985, 23.351 ], [ 96.994, 23.352 ], [ 97.005, 23.351 ], [ 97.012, 23.352 ], [ 97.019, 23.355 ], [ 97.026, 23.357 ], [ 97.033, 23.361 ], [ 97.041, 23.364 ], [ 97.049, 23.368 ], [ 97.057, 23.371 ], [ 97.066, 23.375 ], [ 97.071, 23.379 ], [ 97.085, 23.386 ], [ 97.108, 23.4 ], [ 97.127, 23.409 ], [ 97.137, 23.413 ], [ 97.151, 23.424 ], [ 97.162, 23.43 ], [ 97.183, 23.434 ], [ 97.197, 23.437 ], [ 97.211, 23.441 ], [ 97.231, 23.449 ], [ 97.249, 23.46 ], [ 97.277, 23.465 ], [ 97.309, 23.468 ], [ 97.335, 23.466 ], [ 97.358, 23.467 ], [ 97.375, 23.477 ], [ 97.396, 23.48 ], [ 97.414, 23.489 ], [ 97.44, 23.488 ], [ 97.461, 23.49 ], [ 97.508, 23.486 ], [ 97.53, 23.486 ], [ 97.557, 23.49 ], [ 97.581, 23.492 ], [ 97.608, 23.494 ] ] } },
{ "type": "Feature", "properties": { "accuracy": null, "activity_confidence": null, "average_dip": "(80.0,,)", "average_rake": "(0.0,,)", "catalog_id": "EOS_AF0023", "catalog_name": "EOS_SE_Asia", "dip_dir": null, "downthrown_side_dir": null, "downthrown_side_id": null, "epistemic_quality": null, "exposure_quality": null, "fs_name": null, "last_movement": null, "lower_seis_depth": "(15.0,,)", "name": null, "net_slip_rate": null, "notes": null, "reference": null, "shortening_rate": null, "slip_type": "Sinistral", "strike_slip_rate": null, "upper_seis_depth": "(1.0,,)", "vert_sep_rate": null }, "geometry": { "type": "LineString", "coordinates": [ [ 97.546, 24.947 ], [ 97.551, 24.932 ], [ 97.554, 24.918 ], [ 97.555, 24.909 ], [ 97.555, 24.9 ], [ 97.555, 24.886 ], [ 97.559, 24.87 ], [ 97.562, 24.856 ], [ 97.564, 24.841 ], [ 97.568, 24.827 ], [ 97.568, 24.813 ], [ 97.567, 24.797 ], [ 97.566, 24.783 ], [ 97.568, 24.772 ], [ 97.568, 24.756 ], [ 97.567, 24.745 ], [ 97.567, 24.735 ], [ 97.567, 24.723 ], [ 97.568, 24.709 ], [ 97.568, 24.692 ], [ 97.571, 24.663 ], [ 97.57, 24.653 ], [ 97.568, 24.636 ], [ 97.568, 24.619 ], [ 97.566, 24.603 ], [ 97.564, 24.587 ], [ 97.562, 24.572 ], [ 97.562, 24.557 ], [ 97.559, 24.545 ], [ 97.559, 24.531 ], [ 97.558, 24.512 ], [ 97.556, 24.499 ], [ 97.552, 24.485 ], [ 97.547, 24.475 ], [ 97.542, 24.466 ], [ 97.533, 24.455 ], [ 97.528, 24.447 ], [ 97.523, 24.437 ], [ 97.519, 24.432 ], [ 97.512, 24.426 ] ] } },
{ "type": "Feature", "properties": { "accuracy": null, "activity_confidence": null, "average_dip": "(90.0,,)", "average_rake": "(180.0,,)", "catalog_id": "EOS_AF0024", "catalog_name": "EOS_SE_Asia", "dip_dir": null, "downthrown_side_dir": null, "downthrown_side_id": null, "epistemic_quality": null, "exposure_quality": null, "fs_name": null, "last_movement": null, "lower_seis_depth": "(15.0,,)", "name": null, "net_slip_rate": null, "notes": null, "reference": null, "shortening_rate": null, "slip_type": "Dextral", "strike_slip_rate": null, "upper_seis_depth": "(1.0,,)", "vert_sep_rate": null }, "geometry": { "type": "LineString", "coordinates": [ [ 97.956, 25.007 ], [ 97.957, 24.995 ], [ 97.956, 24.983 ], [ 97.948, 24.97 ], [ 97.943, 24.96 ], [ 97.941, 24.945 ], [ 97.941, 24.93 ], [ 97.941, 24.912 ], [ 97.941, 24.896 ], [ 97.941, 24.882 ], [ 97.942, 24.866 ], [ 97.944, 24.849 ], [ 97.947, 24.832 ], [ 97.95, 24.814 ], [ 97.95, 24.804 ], [ 97.949, 24.796 ], [ 97.948, 24.787 ], [ 97.946, 24.775 ], [ 97.945, 24.762 ], [ 97.946, 24.748 ], [ 97.947, 24.735 ], [ 97.95, 24.718 ], [ 97.95, 24.705 ], [ 97.946, 24.698 ] ] } },
{ "type": "Feature", "properties": { "accuracy": null, "activity_confidence": null, "average_dip": "(90.0,,)", "average_rake": "(180.0,,)", "catalog_id": "EOS_AF0025", "catalog_name": "EOS_SE_Asia", "dip_dir": null, "downthrown_side_dir": null, "downthrown_side_id": null, "epistemic_quality": null, "exposure_quality": null, "fs_name": null, "last_movement": null, "lower_seis_depth": "(15.0,,)", "name": null, "net_slip_rate": null, "notes": null, "reference": null, "shortening_rate": null, "slip_type": "Dextral", "strike_slip_rate": null, "upper_seis_depth": "(1.0,,)", "vert_sep_rate": null }, "geometry": { "type": "LineString", "coordinates": [ [ 97.942, 25.511 ], [ 97.941, 25.492 ], [ 97.936, 25.478 ], [ 97.929, 25.463 ], [ 97.921, 25.453 ], [ 97.913, 25.441 ], [ 97.907, 25.43 ], [ 97.902, 25.414 ], [ 97.899, 25.397 ], [ 97.895, 25.381 ], [ 97.894, 25.359 ], [ 97.894, 25.336 ], [ 97.895, 25.314 ], [ 97.896, 25.291 ], [ 97.904, 25.265 ], [ 97.91, 25.242 ], [ 97.916, 25.22 ], [ 97.92, 25.197 ], [ 97.925, 25.172 ], [ 97.93, 25.146 ], [ 97.935, 25.128 ], [ 97.939, 25.111 ], [ 97.939, 25.101 ], [ 97.943, 25.072 ], [ 97.951, 25.013 ], [ 97.948, 25.002 ], [ 97.943, 24.985 ], [ 97.936, 24.974 ], [ 97.921, 24.954 ] ] } },
{ "type": "Feature", "properties": { "accuracy": null, "activity_confidence": null, "average_dip": "(70.0,,)", "average_rake": "(0.0,,)", "catalog_id": "EOS_AF0027", "catalog_name": "EOS_SE_Asia", "dip_dir": null, "downthrown_side_dir": null, "downthrown_side_id": null, "epistemic_quality": null, "exposure_quality": null, "fs_name": null, "last_movement": null, "lower_seis_depth": "(15.0,,)", "name": null, "net_slip_rate": null, "notes": null, "reference": null, "shortening_rate": null, "slip_type": "Sinistral", "strike_slip_rate": null, "upper_seis_depth": "(1.0,,)", "vert_sep_rate": null }, "geometry": { "type": "LineString", "coordinates": [ [ 97.791, 24.855 ], [ 97.788, 24.851 ], [ 97.782, 24.847 ], [ 97.775, 24.841 ], [ 97.768, 24.837 ], [ 97.759, 24.831 ], [ 97.751, 24.826 ], [ 97.742, 24.822 ], [ 97.733, 24.817 ], [ 97.723, 24.811 ], [ 97.715, 24.805 ], [ 97.71, 24.802 ], [ 97.705, 24.797 ], [ 97.7, 24.793 ], [ 97.692, 24.784 ], [ 97.685, 24.774 ], [ 97.682, 24.766 ], [ 97.675, 24.75 ], [ 97.671, 24.732 ], [ 97.671, 24.713 ], [ 97.676, 24.692 ], [ 97.682, 24.673 ] ] } },
{ "type": "Feature", "properties": { "accuracy": null, "activity_confidence": null, "average_dip": "(70.0,,)", "average_rake": "(0.0,,)", "catalog_id": "EOS_AF0028", "catalog_name": "EOS_SE_Asia", "dip_dir": null, "downthrown_side_dir": null, "downthrown_side_id": null, "epistemic_quality": null, "exposure_quality": null, "fs_name": null, "last_movement": null, "lower_seis_depth": "(15.0,,)", "name": null, "net_slip_rate": null, "notes": null, "reference": null, "shortening_rate": null, "slip_type": "Sinistral", "strike_slip_rate": null, "upper_seis_depth": "(1.0,,)", "vert_sep_rate": null }, "geometry": { "type": "LineString", "coordinates": [ [ 97.369, 23.786 ], [ 97.384, 23.786 ], [ 97.405, 23.788 ], [ 97.43, 23.789 ], [ 97.449, 23.792 ], [ 97.464, 23.796 ], [ 97.479, 23.799 ], [ 97.497, 23.801 ], [ 97.511, 23.804 ], [ 97.525, 23.807 ], [ 97.542, 23.815 ], [ 97.563, 23.819 ], [ 97.585, 23.82 ], [ 97.623, 23.822 ], [ 97.644, 23.824 ] ] } },
{ "type": "Feature", "properties": { "accuracy": null, "activity_confidence": null, "average_dip": "(90.0,,)", "average_rake": "(0.0,,)", "catalog_id": "EOS_AF0029", "catalog_name": "EOS_SE_Asia", "dip_dir": null, "downthrown_side_dir": null, "downthrown_side_id": null, "epistemic_quality": null, "exposure_quality": null, "fs_name": null, "last_movement": null, "lower_seis_depth": "(10.0,,)", "name": null, "net_slip_rate": null, "notes": null, "reference": null, "shortening_rate": null, "slip_type": "Sinistral", "strike_slip_rate": null, "upper_seis_depth": "(1.0,,)", "vert_sep_rate": null }, "geometry": { "type": "LineString", "coordinates": [ [ 97.865, 24.059 ], [ 97.857, 24.053 ], [ 97.84, 24.039 ], [ 97.823, 24.029 ], [ 97.807, 24.02 ], [ 97.798, 24.016 ], [ 97.79, 24.01 ], [ 97.785, 24.004 ], [ 97.774, 23.995 ], [ 97.759, 23.983 ], [ 97.747, 23.973 ], [ 97.685, 23.938 ], [ 97.664, 23.93 ], [ 97.647, 23.925 ], [ 97.613, 23.911 ], [ 97.609, 23.902 ], [ 97.59, 23.872 ] ] } },
{ "type": "Feature", "properties": { "accuracy": null, "activity_confidence": null, "average_dip": "(90.0,,)", "average_rake": "(180.0,,)", "catalog_id": "EOS_AF0032", "catalog_name": "EOS_SE_Asia", "dip_dir": null, "downthrown_side_dir": null, "downthrown_side_id": null, "epistemic_quality": null, "exposure_quality": null, "fs_name": null, "last_movement": null, "lower_seis_depth": "(15.0,,)", "name": null, "net_slip_rate": null, "notes": null, "reference": null, "shortening_rate": null, "slip_type": "Dextral", "strike_slip_rate": null, "upper_seis_depth": "(1.0,,)", "vert_sep_rate": null }, "geometry": { "type": "LineString", "coordinates": [ [ 96.635, 22.51 ], [ 96.641, 22.506 ], [ 96.647, 22.501 ], [ 96.652, 22.493 ], [ 96.656, 22.487 ], [ 96.662, 22.481 ], [ 96.67, 22.472 ], [ 96.676, 22.464 ], [ 96.682, 22.456 ], [ 96.688, 22.446 ], [ 96.697, 22.434 ], [ 96.702, 22.424 ], [ 96.705, 22.415 ], [ 96.707, 22.406 ], [ 96.709, 22.399 ], [ 96.715, 22.374 ], [ 96.722, 22.346 ], [ 96.728, 22.313 ], [ 96.737, 22.289 ], [ 96.741, 22.27 ], [ 96.742, 22.255 ], [ 96.748, 22.228 ], [ 96.754, 22.202 ], [ 96.761, 22.185 ], [ 96.769, 22.165 ], [ 96.769, 22.158 ], [ 96.768, 22.138 ], [ 96.77, 22.118 ], [ 96.774, 22.088 ], [ 96.772, 22.071 ], [ 96.775, 22.04 ], [ 96.774, 22.01 ], [ 96.779, 21.987 ], [ 96.782, 21.963 ], [ 96.784, 21.941 ], [ 96.784, 21.916 ], [ 96.788, 21.9 ], [ 96.791, 21.883 ], [ 96.797, 21.854 ], [ 96.807, 21.828 ], [ 96.83, 21.787 ], [ 96.84, 21.761 ], [ 96.843, 21.733 ], [ 96.848, 21.714 ], [ 96.849, 21.689 ], [ 96.85, 21.649 ], [ 96.856, 21.628 ], [ 96.86, 21.596 ], [ 96.868, 21.547 ], [ 96.874, 21.512 ], [ 96.882, 21.493 ], [ 96.892, 21.466 ], [ 96.899, 21.441 ], [ 96.911, 21.41 ], [ 96.922, 21.278 ], [ 96.93, 21.1 ] ] } },
{ "type": "Feature", "properties": { "accuracy": null, "activity_confidence": null, "average_dip": "(60.0,,)", "average_rake": "(-90.0,,)", "catalog_id": "EOS_AF0047", "catalog_name": "EOS_SE_Asia", "dip_dir": null, "downthrown_side_dir": null, "downthrown_side_id": null, "epistemic_quality": null, "exposure_quality": null, "fs_name": null, "last_movement": null, "lower_seis_depth": "(15.0,,)", "name": null, "net_slip_rate": null, "notes": null, "reference": null, "shortening_rate": null, "slip_type": "Normal", "strike_slip_rate": null, "upper_seis_depth": "(1.0,,)", "vert_sep_rate": null }, "geometry": { "type": "LineString", "coordinates": [ [ 97.382, 21.245 ], [ 97.385, 21.258 ], [ 97.384, 21.269 ], [ 97.387, 21.28 ], [ 97.393, 21.292 ], [ 97.398, 21.302 ], [ 97.4, 21.315 ], [ 97.399, 21.329 ], [ 97.396, 21.341 ], [ 97.393, 21.349 ], [ 97.395, 21.36 ], [ 97.395, 21.372 ], [ 97.396, 21.383 ], [ 97.395, 21.393 ], [ 97.389, 21.407 ], [ 97.382, 21.419 ], [ 97.376, 21.428 ], [ 97.37, 21.442 ], [ 97.366, 21.454 ], [ 97.358, 21.467 ], [ 97.35, 21.479 ], [ 97.345, 21.489 ], [ 97.342, 21.501 ], [ 97.34, 21.512 ], [ 97.336, 21.524 ], [ 97.332, 21.535 ], [ 97.33, 21.545 ], [ 97.326, 21.56 ], [ 97.325, 21.575 ], [ 97.324, 21.59 ], [ 97.322, 21.605 ], [ 97.322, 21.617 ], [ 97.321, 21.627 ], [ 97.32, 21.64 ], [ 97.318, 21.651 ], [ 97.318, 21.664 ], [ 97.32, 21.676 ], [ 97.326, 21.697 ], [ 97.328, 21.714 ], [ 97.331, 21.729 ], [ 97.333, 21.74 ], [ 97.338, 21.749 ], [ 97.343, 21.76 ], [ 97.347, 21.769 ], [ 97.359, 21.795 ], [ 97.367, 21.823 ], [ 97.371, 21.854 ], [ 97.377, 21.884 ], [ 97.396, 21.917 ] ] } },
{ "type": "Feature", "properties": { "accuracy": null, "activity_confidence": null, "average_dip": "(90.0,,)", "average_rake": "(180.0,,)", "catalog_id": "EOS_AF0108", "catalog_name": "EOS_SE_Asia", "dip_dir": null, "downthrown_side_dir": null, "downthrown_side_id": null, "epistemic_quality": null, "exposure_quality": null, "fs_name": null, "last_movement": null, "lower_seis_depth": "(15.0,,)", "name": null, "net_slip_rate": null, "notes": null, "reference": null, "shortening_rate": null, "slip_type": "Dextral", "strike_slip_rate": null, "upper_seis_depth": "(1.0,,)", "vert_sep_rate": null }, "geometry": { "type": "LineString", "coordinates": [ [ 97.849, 25.32 ], [ 97.846, 25.306 ], [ 97.843, 25.291 ], [ 97.838, 25.277 ], [ 97.834, 25.263 ], [ 97.828, 25.252 ], [ 97.82, 25.237 ], [ 97.813, 25.221 ], [ 97.806, 25.203 ], [ 97.802, 25.187 ], [ 97.798, 25.173 ], [ 97.793, 25.16 ], [ 97.789, 25.143 ], [ 97.782, 25.123 ], [ 97.776, 25.101 ], [ 97.77, 25.078 ], [ 97.766, 25.062 ], [ 97.759, 25.043 ], [ 97.756, 25.027 ], [ 97.755, 25.016 ], [ 97.754, 25.01 ] ] } },
{ "type": "Feature", "properties": { "accuracy": null, "activity_confidence": null, "average_dip": "(90.0,,)", "average_rake": "(180.0,,)", "catalog_id": "EOS_AF0109", "catalog_name": "EOS_SE_Asia", "dip_dir": null, "downthrown_side_dir": null, "downthrown_side_id": null, "epistemic_quality": null, "exposure_quality": null, "fs_name": null, "last_movement": null, "lower_seis_depth": "(15.0,,)", "name": null, "net_slip_rate": null, "notes": null, "reference": null, "shortening_rate": null, "slip_type": "Dextral", "strike_slip_rate": null, "upper_seis_depth": "(1.0,,)", "vert_sep_rate": null }, "geometry": { "type": "LineString", "coordinates": [ [ 97.8, 25.253 ], [ 97.812, 25.341 ], [ 97.816, 25.35 ], [ 97.821, 25.359 ], [ 97.826, 25.373 ], [ 97.831, 25.389 ], [ 97.841, 25.398 ], [ 97.851, 25.413 ], [ 97.862, 25.435 ], [ 97.871, 25.453 ], [ 97.878, 25.477 ], [ 97.886, 25.507 ], [ 97.918, 25.565 ], [ 97.955, 25.624 ] ] } },
{ "type": "Feature", "properties": { "accuracy": null, "activity_confidence": null, "average_dip": "(90.0,,)", "average_rake": "(180.0,,)", "catalog_id": "EOS_AF0110", "catalog_name": "EOS_SE_Asia", "dip_dir": null, "downthrown_side_dir": null, "downthrown_side_id": null, "epistemic_quality": null, "exposure_quality": null, "fs_name": null, "last_movement": null, "lower_seis_depth": "(15.0,,)", "name": null, "net_slip_rate": null, "notes": null, "reference": null, "shortening_rate": null, "slip_type": "Dextral", "strike_slip_rate": null, "upper_seis_depth": "(1.0,,)", "vert_sep_rate": null }, "geometry": { "type": "LineString", "coordinates": [ [ 96.543, 14.582 ], [ 96.521, 14.879 ], [ 96.498, 15.221 ], [ 96.498, 15.573 ], [ 96.487, 15.892 ], [ 96.51, 16.178 ], [ 96.521, 16.454 ], [ 96.528, 16.545 ], [ 96.525, 16.674 ], [ 96.521, 16.78 ], [ 96.52, 16.83 ], [ 96.518, 16.887 ], [ 96.516, 16.928 ], [ 96.518, 16.983 ], [ 96.519, 17.086 ], [ 96.515, 17.165 ], [ 96.514, 17.209 ], [ 96.512, 17.266 ], [ 96.508, 17.332 ], [ 96.504, 17.416 ], [ 96.505, 17.482 ], [ 96.506, 17.528 ], [ 96.502, 17.572 ], [ 96.498, 17.629 ], [ 96.495, 17.672 ], [ 96.492, 17.743 ], [ 96.485, 17.813 ], [ 96.484, 17.86 ], [ 96.481, 17.933 ], [ 96.48, 17.994 ], [ 96.477, 18.033 ], [ 96.474, 18.045 ] ] } },
{ "type": "Feature", "properties": { "accuracy": null, "activity_confidence": null, "average_dip": "(90.0,,)", "average_rake": "(180.0,,)", "catalog_id": "EOS_AF0111", "catalog_name": "EOS_SE_Asia", "dip_dir": null, "downthrown_side_dir": null, "downthrown_side_id": null, "epistemic_quality": null, "exposure_quality": null, "fs_name": null, "last_movement": null, "lower_seis_depth": "(15.0,,)", "name": null, "net_slip_rate": null, "notes": null, "reference": null, "shortening_rate": null, "slip_type": "Dextral", "strike_slip_rate": null, "upper_seis_depth": "(1.0,,)", "vert_sep_rate": null }, "geometry": { "type": "LineString", "coordinates": [ [ 96.422, 19.178 ], [ 96.452, 19.151 ], [ 96.474, 19.13 ], [ 96.493, 19.108 ], [ 96.518, 19.085 ], [ 96.537, 19.067 ], [ 96.552, 19.049 ], [ 96.577, 19.028 ], [ 96.595, 19.015 ], [ 96.623, 18.99 ], [ 96.646, 18.968 ], [ 96.664, 18.949 ], [ 96.684, 18.929 ], [ 96.707, 18.906 ], [ 96.727, 18.887 ], [ 96.75, 18.866 ], [ 96.779, 18.84 ], [ 96.805, 18.82 ], [ 96.828, 18.8 ], [ 96.853, 18.781 ], [ 96.876, 18.76 ], [ 96.88, 18.754 ], [ 97.161, 18.514 ] ] } },
{ "type": "Feature", "properties": { "accuracy": null, "activity_confidence": null, "average_dip": "(90.0,,)", "average_rake": "(180.0,,)", "catalog_id": "EOS_AF0112", "catalog_name": "EOS_SE_Asia", "dip_dir": null, "downthrown_side_dir": null, "downthrown_side_id": null, "epistemic_quality": null, "exposure_quality": null, "fs_name": null, "last_movement": null, "lower_seis_depth": "(15.0,,)", "name": null, "net_slip_rate": null, "notes": null, "reference": null, "shortening_rate": null, "slip_type": "Dextral", "strike_slip_rate": null, "upper_seis_depth": "(1.0,,)", "vert_sep_rate": null }, "geometry": { "type": "LineString", "coordinates": [ [ 96.273, 19.108 ], [ 96.252, 19.189 ], [ 96.238, 19.294 ], [ 96.228, 19.382 ], [ 96.225, 19.407 ], [ 96.221, 19.425 ], [ 96.218, 19.443 ], [ 96.213, 19.467 ], [ 96.205, 19.495 ], [ 96.201, 19.515 ], [ 96.198, 19.532 ], [ 96.196, 19.554 ], [ 96.181, 19.653 ], [ 96.173, 19.725 ], [ 96.154, 19.839 ], [ 96.151, 19.871 ] ] } },
{ "type": "Feature", "properties": { "accuracy": null, "activity_confidence": null, "average_dip": "(90.0,,)", "average_rake": "(180.0,,)", "catalog_id": "EOS_AF0113", "catalog_name": "EOS_SE_Asia", "dip_dir": null, "downthrown_side_dir": null, "downthrown_side_id": null, "epistemic_quality": null, "exposure_quality": null, "fs_name": null, "last_movement": null, "lower_seis_depth": "(15.0,,)", "name": null, "net_slip_rate": null, "notes": null, "reference": null, "shortening_rate": null, "slip_type": "Dextral", "strike_slip_rate": null, "upper_seis_depth": "(1.0,,)", "vert_sep_rate": null }, "geometry": { "type": "LineString", "coordinates": [ [ 96.148, 19.908 ], [ 96.148, 19.891 ], [ 96.15, 19.874 ], [ 96.15, 19.852 ], [ 96.147, 19.825 ], [ 96.147, 19.804 ], [ 96.146, 19.776 ], [ 96.143, 19.755 ], [ 96.124, 19.668 ], [ 96.113, 19.606 ], [ 96.11, 19.552 ], [ 96.111, 19.516 ], [ 96.118, 19.433 ], [ 96.12, 19.404 ], [ 96.123, 19.371 ], [ 96.133, 19.334 ], [ 96.143, 19.28 ], [ 96.146, 19.26 ] ] } },
{ "type": "Feature", "properties": { "accuracy": null, "activity_confidence": null, "average_dip": "(90.0,,)", "average_rake": "(180.0,,)", "catalog_id": "EOS_AF0114", "catalog_name": "EOS_SE_Asia", "dip_dir": null, "downthrown_side_dir": null, "downthrown_side_id": null, "epistemic_quality": null, "exposure_quality": null, "fs_name": null, "last_movement": null, "lower_seis_depth": "(15.0,,)", "name": null, "net_slip_rate": null, "notes": null, "reference": null, "shortening_rate": null, "slip_type": "Dextral", "strike_slip_rate": null, "upper_seis_depth": "(1.0,,)", "vert_sep_rate": null }, "geometry": { "type": "LineString", "coordinates": [ [ 96.191, 19.735 ], [ 96.183, 19.75 ], [ 96.177, 19.769 ], [ 96.171, 19.792 ], [ 96.165, 19.815 ], [ 96.161, 19.835 ], [ 96.16, 19.862 ], [ 96.155, 19.887 ], [ 96.149, 19.913 ], [ 96.146, 19.941 ], [ 96.143, 19.953 ], [ 96.141, 19.972 ], [ 96.136, 20.021 ], [ 96.132, 20.044 ], [ 96.126, 20.084 ], [ 96.123, 20.105 ], [ 96.121, 20.129 ], [ 96.116, 20.152 ], [ 96.113, 20.167 ], [ 96.112, 20.18 ], [ 96.111, 20.185 ], [ 96.111, 20.189 ], [ 96.11, 20.198 ], [ 96.109, 20.203 ], [ 96.109, 20.205 ], [ 96.108, 20.209 ], [ 96.107, 20.212 ], [ 96.107, 20.216 ], [ 96.107, 20.219 ], [ 96.106, 20.222 ], [ 96.105, 20.228 ], [ 96.103, 20.238 ], [ 96.103, 20.246 ], [ 96.101, 20.253 ], [ 96.1, 20.262 ], [ 96.099, 20.268 ], [ 96.098, 20.275 ], [ 96.097, 20.286 ], [ 96.097, 20.293 ], [ 96.096, 20.301 ], [ 96.095, 20.309 ], [ 96.093, 20.316 ], [ 96.092, 20.324 ], [ 96.091, 20.328 ], [ 96.09, 20.336 ], [ 96.088, 20.347 ], [ 96.088, 20.351 ], [ 96.087, 20.356 ], [ 96.086, 20.364 ], [ 96.086, 20.372 ], [ 96.086, 20.378 ], [ 96.085, 20.385 ], [ 96.084, 20.39 ], [ 96.083, 20.395 ], [ 96.083, 20.401 ], [ 96.082, 20.407 ], [ 96.081, 20.418 ], [ 96.08, 20.426 ], [ 96.078, 20.437 ], [ 96.077, 20.446 ], [ 96.075, 20.455 ], [ 96.074, 20.466 ], [ 96.074, 20.474 ], [ 96.072, 20.488 ], [ 96.071, 20.501 ], [ 96.069, 20.51 ], [ 96.068, 20.52 ], [ 96.067, 20.527 ], [ 96.067, 20.538 ], [ 96.065, 20.565 ], [ 96.06, 20.61 ], [ 96.052, 20.746 ], [ 96.046, 20.773 ], [ 96.043, 20.822 ], [ 96.038, 20.867 ], [ 96.031, 20.934 ], [ 96.029, 20.968 ], [ 96.028, 21.039 ], [ 96.022, 21.086 ], [ 96.013, 21.206 ], [ 96.008, 21.279 ], [ 96.006, 21.345 ], [ 96.0, 21.457 ], [ 95.989, 21.621 ], [ 95.988, 21.779 ], [ 95.986, 21.869 ] ] } },
{ "type": "Feature", "properties": { "accuracy": null, "activity_confidence": null, "average_dip": "(90.0,,)", "average_rake": "(180.0,,)", "catalog_id": "EOS_AF0115", "catalog_name": "EOS_SE_Asia", "dip_dir": null, "downthrown_side_dir": null, "downthrown_side_id": null, "epistemic_quality": null, "exposure_quality": null, "fs_name": null, "last_movement": null, "lower_seis_depth": "(10.0,,)", "name": null, "net_slip_rate": null, "notes": null, "reference": null, "shortening_rate": null, "slip_type": "Dextral", "strike_slip_rate": null, "upper_seis_depth": "(1.0,,)", "vert_sep_rate": null }, "geometry": { "type": "LineString", "coordinates": [ [ 97.035, 26.391 ], [ 97.038, 26.398 ], [ 97.041, 26.405 ], [ 97.044, 26.416 ], [ 97.048, 26.426 ], [ 97.049, 26.437 ], [ 97.052, 26.448 ], [ 97.055, 26.461 ], [ 97.057, 26.471 ], [ 97.061, 26.479 ], [ 97.066, 26.491 ], [ 97.069, 26.5 ], [ 97.073, 26.507 ], [ 97.077, 26.516 ], [ 97.081, 26.523 ], [ 97.108, 26.633 ], [ 97.13, 26.701 ], [ 97.157, 26.787 ], [ 97.181, 26.855 ], [ 97.183, 26.921 ], [ 97.099, 27.064 ], [ 97.032, 27.174 ], [ 96.96, 27.257 ], [ 96.899, 27.306 ] ] } },
{ "type": "Feature", "properties": { "accuracy": null, "activity_confidence": null, "average_dip": "(90.0,,)", "average_rake": "(180.0,,)", "catalog_id": "EOS_AF0116", "catalog_name": "EOS_SE_Asia", "dip_dir": null, "downthrown_side_dir": null, "downthrown_side_id": null, "epistemic_quality": null, "exposure_quality": null, "fs_name": null, "last_movement": null, "lower_seis_depth": "(15.0,,)", "name": null, "net_slip_rate": null, "notes": null, "reference": null, "shortening_rate": null, "slip_type": "Dextral", "strike_slip_rate": null, "upper_seis_depth": "(1.0,,)", "vert_sep_rate": null }, "geometry": { "type": "LineString", "coordinates": [ [ 96.474, 18.045 ], [ 96.464, 18.068 ], [ 96.462, 18.087 ], [ 96.455, 18.115 ], [ 96.443, 18.164 ], [ 96.439, 18.207 ], [ 96.429, 18.257 ], [ 96.42, 18.301 ], [ 96.413, 18.343 ], [ 96.408, 18.369 ], [ 96.392, 18.436 ], [ 96.383, 18.484 ], [ 96.37, 18.562 ], [ 96.36, 18.628 ], [ 96.343, 18.717 ], [ 96.329, 18.769 ], [ 96.327, 18.85 ], [ 96.302, 18.951 ], [ 96.278, 19.091 ], [ 96.273, 19.108 ] ] } },
{ "type": "Feature", "properties": { "accuracy": null, "activity_confidence": null, "average_dip": "(90.0,,)", "average_rake": "(180.0,,)", "catalog_id": "EOS_AF0117", "catalog_name": "EOS_SE_Asia", "dip_dir": null, "downthrown_side_dir": null, "downthrown_side_id": null, "epistemic_quality": null, "exposure_quality": null, "fs_name": null, "last_movement": null, "lower_seis_depth": "(15.0,,)", "name": null, "net_slip_rate": null, "notes": null, "reference": null, "shortening_rate": null, "slip_type": "Dextral", "strike_slip_rate": null, "upper_seis_depth": "(1.0,,)", "vert_sep_rate": null }, "geometry": { "type": "LineString", "coordinates": [ [ 95.974, 22.974 ], [ 95.976, 22.966 ], [ 95.976, 22.956 ], [ 95.976, 22.932 ], [ 95.976, 22.901 ], [ 95.976, 22.86 ], [ 95.975, 22.842 ], [ 95.974, 22.828 ], [ 95.974, 22.823 ], [ 95.974, 22.817 ], [ 95.974, 22.809 ], [ 95.974, 22.796 ], [ 95.975, 22.782 ], [ 95.975, 22.776 ], [ 95.976, 22.768 ], [ 95.975, 22.765 ], [ 95.967, 22.741 ], [ 95.967, 22.727 ], [ 95.966, 22.708 ], [ 95.965, 22.696 ], [ 95.964, 22.682 ], [ 95.964, 22.673 ], [ 95.97, 22.66 ], [ 95.97, 22.647 ], [ 95.969, 22.638 ], [ 95.968, 22.63 ], [ 95.967, 22.616 ], [ 95.967, 22.6 ], [ 95.966, 22.582 ], [ 95.966, 22.569 ], [ 95.966, 22.496 ], [ 95.966, 22.423 ], [ 95.966, 22.346 ], [ 95.972, 22.236 ], [ 95.974, 22.181 ], [ 95.977, 22.109 ], [ 95.982, 22.027 ], [ 95.982, 21.96 ], [ 95.985, 21.881 ], [ 95.986, 21.869 ], [ 96.025, 23.587 ], [ 96.018, 23.499 ], [ 96.015, 23.437 ], [ 96.012, 23.372 ], [ 96.006, 23.301 ], [ 96.002, 23.249 ], [ 96.001, 23.21 ], [ 96.0, 23.202 ], [ 95.999, 23.159 ], [ 95.996, 23.107 ], [ 95.995, 23.088 ], [ 95.994, 23.075 ], [ 95.987, 23.047 ], [ 95.981, 23.016 ], [ 95.98, 23.003 ], [ 95.977, 22.98 ] ] } },
{ "type": "Feature", "properties": { "accuracy": null, "activity_confidence": null, "average_dip": "(90.0,,)", "average_rake": "(180.0,,)", "catalog_id": "EOS_AF0118", "catalog_name": "EOS_SE_Asia", "dip_dir": null, "downthrown_side_dir": null, "downthrown_side_id": null, "epistemic_quality": null, "exposure_quality": null, "fs_name": null, "last_movement": null, "lower_seis_depth": "(10.0,,)", "name": null, "net_slip_rate": null, "notes": null, "reference": null, "shortening_rate": null, "slip_type": "Dextral", "strike_slip_rate": null, "upper_seis_depth": "(1.0,,)", "vert_sep_rate": null }, "geometry": { "type": "LineString", "coordinates": [ [ 95.973, 23.218 ], [ 95.972, 23.236 ], [ 95.973, 23.249 ], [ 95.973, 23.258 ], [ 95.975, 23.272 ], [ 95.975, 23.284 ], [ 95.977, 23.294 ], [ 95.979, 23.306 ], [ 95.982, 23.325 ], [ 95.986, 23.349 ], [ 95.989, 23.372 ], [ 95.992, 23.404 ], [ 95.995, 23.445 ], [ 96.002, 23.513 ], [ 96.008, 23.629 ], [ 96.017, 23.876 ] ] } },
{ "type": "Feature", "properties": { "accuracy": null, "activity_confidence": null, "average_dip": "(90.0,,)", "average_rake": "(180.0,,)", "catalog_id": "EOS_AF0119", "catalog_name": "EOS_SE_Asia", "dip_dir": null, "downthrown_side_dir": null, "downthrown_side_id": null, "epistemic_quality": null, "exposure_quality": null, "fs_name": null, "last_movement": null, "lower_seis_depth": "(10.0,,)", "name": null, "net_slip_rate": null, "notes": null, "reference": null, "shortening_rate": null, "slip_type": "Dextral", "strike_slip_rate": null, "upper_seis_depth": "(1.0,,)", "vert_sep_rate": null }, "geometry": { "type": "LineString", "coordinates": [ [ 96.012, 25.005 ], [ 96.012, 25.003 ], [ 96.012, 25.001 ], [ 96.012, 24.998 ], [ 96.012, 24.996 ], [ 96.012, 24.993 ], [ 96.012, 24.99 ], [ 96.012, 24.986 ], [ 96.011, 24.983 ], [ 96.011, 24.979 ], [ 96.011, 24.975 ], [ 96.011, 24.973 ], [ 96.01, 24.97 ], [ 96.008, 24.966 ], [ 96.007, 24.963 ], [ 96.007, 24.959 ], [ 96.007, 24.957 ], [ 96.007, 24.954 ], [ 96.007, 24.951 ], [ 96.007, 24.949 ], [ 96.006, 24.946 ], [ 96.005, 24.943 ], [ 96.005, 24.94 ], [ 96.004, 24.937 ], [ 96.004, 24.934 ], [ 96.003, 24.932 ], [ 96.003, 24.929 ], [ 96.002, 24.927 ], [ 96.002, 24.925 ], [ 96.001, 24.92 ], [ 96.0, 24.914 ], [ 95.999, 24.909 ], [ 95.999, 24.906 ], [ 95.998, 24.902 ], [ 95.997, 24.899 ], [ 95.996, 24.895 ], [ 95.996, 24.891 ], [ 95.996, 24.887 ], [ 95.995, 24.883 ], [ 95.993, 24.877 ], [ 95.992, 24.873 ], [ 95.991, 24.867 ], [ 95.973, 24.783 ], [ 95.956, 24.689 ], [ 95.955, 24.544 ], [ 95.935, 24.269 ], [ 95.918, 24.026 ], [ 95.888, 23.768 ], [ 95.859, 23.619 ], [ 95.852, 23.504 ], [ 95.857, 23.385 ] ] } },
{ "type": "Feature", "properties": { "accuracy": null, "activity_confidence": null, "average_dip": "(90.0,,)", "average_rake": "(180.0,,)", "catalog_id": "EOS_AF0120", "catalog_name": "EOS_SE_Asia", "dip_dir": null, "downthrown_side_dir": null, "downthrown_side_id": null, "epistemic_quality": null, "exposure_quality": null, "fs_name": null, "last_movement": null, "lower_seis_depth": "(10.0,,)", "name": null, "net_slip_rate": null, "notes": null, "reference": null, "shortening_rate": null, "slip_type": "Dextral", "strike_slip_rate": null, "upper_seis_depth": "(1.0,,)", "vert_sep_rate": null }, "geometry": { "type": "LineString", "coordinates": [ [ 96.329, 24.838 ], [ 96.347, 24.848 ], [ 96.364, 24.857 ], [ 96.384, 24.874 ], [ 96.406, 24.896 ], [ 96.58, 25.056 ], [ 96.795, 25.26 ], [ 97.026, 25.447 ], [ 97.172, 25.603 ], [ 97.232, 25.704 ], [ 97.304, 25.896 ], [ 97.343, 26.198 ], [ 97.403, 26.585 ], [ 97.426, 26.817 ], [ 97.369, 26.875 ], [ 97.299, 26.934 ] ] } },
{ "type": "Feature", "properties": { "accuracy": null, "activity_confidence": null, "average_dip": "(90.0,,)", "average_rake": "(180.0,,)", "catalog_id": "EOS_AF0121", "catalog_name": "EOS_SE_Asia", "dip_dir": null, "downthrown_side_dir": null, "downthrown_side_id": null, "epistemic_quality": null, "exposure_quality": null, "fs_name": null, "last_movement": null, "lower_seis_depth": "(10.0,,)", "name": null, "net_slip_rate": null, "notes": null, "reference": null, "shortening_rate": null, "slip_type": "Dextral", "strike_slip_rate": null, "upper_seis_depth": "(1.0,,)", "vert_sep_rate": null }, "geometry": { "type": "LineString", "coordinates": [ [ 96.191, 24.69 ], [ 96.194, 24.702 ], [ 96.196, 24.718 ], [ 96.199, 24.736 ], [ 96.202, 24.753 ], [ 96.204, 24.771 ], [ 96.21, 24.791 ], [ 96.213, 24.81 ], [ 96.215, 24.825 ], [ 96.218, 24.84 ], [ 96.22, 24.852 ], [ 96.241, 24.917 ], [ 96.3, 25.01 ], [ 96.352, 25.122 ] ] } },
{ "type": "Feature", "properties": { "accuracy": null, "activity_confidence": null, "average_dip": "(90.0,,)", "average_rake": "(180.0,,)", "catalog_id": "EOS_AF0122", "catalog_name": "EOS_SE_Asia", "dip_dir": null, "downthrown_side_dir": null, "downthrown_side_id": null, "epistemic_quality": null, "exposure_quality": null, "fs_name": null, "last_movement": null, "lower_seis_depth": "(10.0,,)", "name": null, "net_slip_rate": null, "notes": null, "reference": null, "shortening_rate": null, "slip_type": "Dextral", "strike_slip_rate": null, "upper_seis_depth": "(1.0,,)", "vert_sep_rate": null }, "geometry": { "type": "LineString", "coordinates": [ [ 96.352, 25.122 ], [ 96.368, 25.157 ], [ 96.448, 25.404 ], [ 96.521, 25.657 ], [ 96.62, 26.048 ] ] } },
{ "type": "Feature", "properties": { "accuracy": null, "activity_confidence": null, "average_dip": "(90.0,,)", "average_rake": "(180.0,,)", "catalog_id": "EOS_AF0123", "catalog_name": "EOS_SE_Asia", "dip_dir": null, "downthrown_side_dir": null, "downthrown_side_id": null, "epistemic_quality": null, "exposure_quality": null, "fs_name": null, "last_movement": null, "lower_seis_depth": "(10.0,,)", "name": null, "net_slip_rate": null, "notes": null, "reference": null, "shortening_rate": null, "slip_type": "Dextral", "strike_slip_rate": null, "upper_seis_depth": "(1.0,,)", "vert_sep_rate": null }, "geometry": { "type": "LineString", "coordinates": [ [ 96.285, 24.825 ], [ 96.337, 24.971 ], [ 96.388, 25.074 ], [ 96.438, 25.161 ], [ 96.497, 25.205 ], [ 96.501, 25.215 ], [ 96.506, 25.221 ], [ 96.51, 25.225 ], [ 96.514, 25.23 ], [ 96.52, 25.237 ], [ 96.524, 25.247 ], [ 96.531, 25.257 ], [ 96.539, 25.272 ], [ 96.549, 25.285 ], [ 96.555, 25.298 ], [ 96.56, 25.31 ], [ 96.566, 25.317 ], [ 96.572, 25.323 ], [ 96.577, 25.33 ], [ 96.582, 25.339 ], [ 96.585, 25.347 ], [ 96.59, 25.355 ], [ 96.597, 25.364 ], [ 96.603, 25.372 ], [ 96.609, 25.379 ], [ 96.617, 25.387 ], [ 96.623, 25.394 ], [ 96.628, 25.403 ], [ 96.635, 25.411 ], [ 96.639, 25.419 ], [ 96.646, 25.429 ], [ 96.653, 25.439 ], [ 96.751, 25.58 ], [ 96.812, 25.702 ], [ 96.891, 25.834 ], [ 97.05, 26.086 ], [ 97.083, 26.177 ], [ 97.098, 26.229 ], [ 97.108, 26.373 ] ] } },
{ "type": "Feature", "properties": { "accuracy": null, "activity_confidence": null, "average_dip": "(90.0,,)", "average_rake": "(180.0,,)", "catalog_id": "EOS_AF0124", "catalog_name": "EOS_SE_Asia", "dip_dir": null, "downthrown_side_dir": null, "downthrown_side_id": null, "epistemic_quality": null, "exposure_quality": null, "fs_name": null, "last_movement": null, "lower_seis_depth": "(10.0,,)", "name": null, "net_slip_rate": null, "notes": null, "reference": null, "shortening_rate": null, "slip_type": "Dextral", "strike_slip_rate": null, "upper_seis_depth": "(1.0,,)", "vert_sep_rate": null }, "geometry": { "type": "LineString", "coordinates": [ [ 96.02, 23.687 ], [ 96.021, 23.692 ], [ 96.024, 23.706 ], [ 96.028, 23.737 ], [ 96.032, 23.766 ], [ 96.036, 23.799 ], [ 96.039, 23.823 ], [ 96.044, 23.852 ], [ 96.048, 23.873 ], [ 96.052, 23.894 ], [ 96.054, 23.909 ], [ 96.083, 24.017 ], [ 96.11, 24.199 ], [ 96.106, 24.261 ] ] } },
{ "type": "Feature", "properties": { "accuracy": null, "activity_confidence": null, "average_dip": "(90.0,,)", "average_rake": "(180.0,,)", "catalog_id": "EOS_AF0125", "catalog_name": "EOS_SE_Asia", "dip_dir": null, "downthrown_side_dir": null, "downthrown_side_id": null, "epistemic_quality": null, "exposure_quality": null, "fs_name": null, "last_movement": null, "lower_seis_depth": "(10.0,,)", "name": null, "net_slip_rate": null, "notes": null, "reference": null, "shortening_rate": null, "slip_type": "Dextral", "strike_slip_rate": null, "upper_seis_depth": "(1.0,,)", "vert_sep_rate": null }, "geometry": { "type": "LineString", "coordinates": [ [ 96.121, 24.274 ], [ 96.125, 24.317 ], [ 96.128, 24.349 ], [ 96.166, 24.505 ], [ 96.285, 24.825 ] ] } },
{ "type": "Feature", "properties": { "accuracy": null, "activity_confidence": null, "average_dip": "(23.0,,)", "average_rake": "(90.0,,)", "catalog_id": "EOS_AF0126", "catalog_name": "EOS_SE_Asia", "dip_dir": null, "downthrown_side_dir": null, "downthrown_side_id": null, "epistemic_quality": null, "exposure_quality": null, "fs_name": null, "last_movement": null, "lower_seis_depth": "(20.0,,)", "name": null, "net_slip_rate": null, "notes": null, "reference": null, "shortening_rate": null, "slip_type": "Reverse", "strike_slip_rate": null, "upper_seis_depth": "(1.0,,)", "vert_sep_rate": null }, "geometry": { "type": "LineString", "coordinates": [ [ 93.179, 25.342 ], [ 93.178, 25.344 ], [ 93.178, 25.349 ], [ 93.178, 25.352 ], [ 93.178, 25.356 ], [ 93.178, 25.361 ], [ 93.179, 25.365 ], [ 93.179, 25.368 ], [ 93.18, 25.373 ], [ 93.181, 25.377 ], [ 93.185, 25.38 ], [ 93.187, 25.383 ], [ 93.188, 25.387 ], [ 93.191, 25.392 ], [ 93.194, 25.395 ], [ 93.197, 25.398 ], [ 93.2, 25.402 ], [ 93.203, 25.404 ], [ 93.206, 25.406 ], [ 93.208, 25.409 ], [ 93.209, 25.412 ], [ 93.209, 25.416 ], [ 93.211, 25.419 ], [ 93.214, 25.421 ], [ 93.217, 25.422 ], [ 93.22, 25.424 ], [ 93.223, 25.425 ], [ 93.226, 25.427 ], [ 93.229, 25.431 ], [ 93.232, 25.435 ], [ 93.235, 25.438 ], [ 93.237, 25.441 ], [ 93.239, 25.444 ], [ 93.242, 25.449 ], [ 93.245, 25.453 ], [ 93.247, 25.456 ], [ 93.248, 25.459 ], [ 93.251, 25.462 ], [ 93.253, 25.466 ], [ 93.257, 25.47 ], [ 93.26, 25.473 ], [ 93.299, 25.507 ], [ 93.328, 25.526 ], [ 93.358, 25.541 ], [ 93.4, 25.556 ], [ 93.435, 25.572 ], [ 93.451, 25.585 ], [ 93.479, 25.601 ], [ 93.534, 25.64 ], [ 93.542, 25.652 ], [ 93.593, 25.692 ], [ 93.656, 25.716 ], [ 93.729, 25.762 ], [ 93.791, 25.806 ], [ 93.809, 25.821 ], [ 93.863, 25.838 ], [ 93.916, 25.883 ], [ 93.955, 25.9 ], [ 93.984, 25.922 ], [ 93.965, 25.96 ], [ 93.958, 25.998 ], [ 93.965, 26.03 ], [ 93.982, 26.048 ], [ 93.999, 26.108 ], [ 94.038, 26.208 ], [ 94.048, 26.248 ], [ 94.097, 26.3 ], [ 94.114, 26.327 ], [ 94.165, 26.331 ], [ 94.181, 26.344 ], [ 94.173, 26.41 ], [ 94.178, 26.444 ], [ 94.205, 26.479 ], [ 94.247, 26.524 ], [ 94.283, 26.562 ], [ 94.369, 26.624 ], [ 94.421, 26.658 ], [ 94.465, 26.671 ], [ 94.493, 26.695 ], [ 94.483, 26.741 ], [ 94.527, 26.749 ], [ 94.583, 26.756 ], [ 94.619, 26.767 ], [ 94.639, 26.792 ], [ 94.68, 26.785 ], [ 94.702, 26.786 ], [ 94.815, 26.827 ], [ 94.832, 26.859 ], [ 94.85, 26.898 ], [ 94.858, 26.939 ], [ 94.887, 26.955 ], [ 94.922, 26.976 ], [ 94.998, 27.017 ], [ 95.04, 27.02 ], [ 95.104, 27.001 ], [ 95.134, 27.005 ], [ 95.174, 27.033 ], [ 95.24, 27.068 ], [ 95.285, 27.102 ], [ 95.365, 27.141 ], [ 95.393, 27.217 ], [ 95.422, 27.276 ], [ 95.476, 27.314 ], [ 95.503, 27.349 ], [ 95.599, 27.393 ], [ 95.744, 27.438 ] ] } },
{ "type": "Feature", "properties": { "accuracy": null, "activity_confidence": null, "average_dip": "(23.0,,)", "average_rake": "(90.0,,)", "catalog_id": "EOS_AF0127", "catalog_name": "EOS_SE_Asia", "dip_dir": null, "downthrown_side_dir": null, "downthrown_side_id": null, "epistemic_quality": null, "exposure_quality": null, "fs_name": null, "last_movement": null, "lower_seis_depth": "(20.0,,)", "name": null, "net_slip_rate": null, "notes": null, "reference": null, "shortening_rate": null, "slip_type": "Reverse", "strike_slip_rate": null, "upper_seis_depth": "(1.0,,)", "vert_sep_rate": null }, "geometry": { "type": "LineString", "coordinates": [ [ 95.304, 27.056 ], [ 95.311, 27.058 ], [ 95.318, 27.061 ], [ 95.326, 27.066 ], [ 95.336, 27.071 ], [ 95.343, 27.076 ], [ 95.353, 27.079 ], [ 95.36, 27.08 ], [ 95.367, 27.08 ], [ 95.375, 27.08 ], [ 95.382, 27.08 ], [ 95.389, 27.084 ], [ 95.396, 27.089 ], [ 95.403, 27.092 ], [ 95.409, 27.096 ], [ 95.414, 27.102 ], [ 95.417, 27.106 ], [ 95.421, 27.109 ], [ 95.426, 27.113 ], [ 95.467, 27.145 ], [ 95.498, 27.18 ], [ 95.508, 27.194 ], [ 95.516, 27.223 ], [ 95.532, 27.237 ], [ 95.589, 27.25 ], [ 95.682, 27.261 ], [ 95.727, 27.284 ], [ 95.8, 27.31 ], [ 95.846, 27.315 ], [ 95.916, 27.359 ], [ 95.94, 27.383 ], [ 95.96, 27.409 ], [ 96.014, 27.41 ], [ 96.065, 27.417 ], [ 96.122, 27.431 ], [ 96.203, 27.477 ] ] } },
{ "type": "Feature", "properties": { "accuracy": null, "activity_confidence": null, "average_dip": "(90.0,,)", "average_rake": "(180.0,,)", "catalog_id": "EOS_AF0128", "catalog_name": "EOS_SE_Asia", "dip_dir": null, "downthrown_side_dir": null, "downthrown_side_id": null, "epistemic_quality": null, "exposure_quality": null, "fs_name": null, "last_movement": null, "lower_seis_depth": "(5.0,,)", "name": null, "net_slip_rate": null, "notes": null, "reference": null, "shortening_rate": null, "slip_type": "Dextral", "strike_slip_rate": null, "upper_seis_depth": "(1.0,,)", "vert_sep_rate": null }, "geometry": { "type": "LineString", "coordinates": [ [ 94.046, 25.307 ], [ 94.043, 25.304 ], [ 94.041, 25.301 ], [ 94.037, 25.294 ], [ 94.029, 25.279 ], [ 94.025, 25.273 ], [ 94.017, 25.259 ], [ 94.011, 25.245 ], [ 94.002, 25.224 ], [ 93.999, 25.216 ], [ 93.996, 25.204 ], [ 93.992, 25.197 ], [ 93.989, 25.191 ], [ 93.986, 25.189 ], [ 93.981, 25.182 ], [ 93.975, 25.177 ], [ 93.856, 24.972 ], [ 93.806, 24.864 ], [ 93.772, 24.711 ], [ 93.707, 24.511 ], [ 93.654, 24.342 ], [ 93.586, 24.112 ], [ 93.528, 23.891 ] ] } },
{ "type": "Feature", "properties": { "accuracy": null, "activity_confidence": null, "average_dip": "(45.0,,)", "average_rake": "(90.0,,)", "catalog_id": "EOS_AF0129", "catalog_name": "EOS_SE_Asia", "dip_dir": null, "downthrown_side_dir": null, "downthrown_side_id": null, "epistemic_quality": null, "exposure_quality": null, "fs_name": null, "last_movement": null, "lower_seis_depth": "(15.0,,)", "name": null, "net_slip_rate": null, "notes": null, "reference": null, "shortening_rate": null, "slip_type": "Reverse", "strike_slip_rate": null, "upper_seis_depth": "(1.0,,)", "vert_sep_rate": null }, "geometry": { "type": "LineString", "coordinates": [ [ 94.184, 22.072 ], [ 94.184, 22.118 ], [ 94.176, 22.159 ], [ 94.174, 22.205 ], [ 94.173, 22.254 ], [ 94.157, 22.336 ], [ 94.156, 22.389 ], [ 94.148, 22.468 ], [ 94.146, 22.539 ], [ 94.143, 22.602 ], [ 94.139, 22.67 ], [ 94.138, 22.717 ], [ 94.141, 22.758 ], [ 94.142, 22.796 ], [ 94.13, 22.834 ], [ 94.103, 22.882 ], [ 94.082, 22.935 ], [ 94.085, 22.968 ], [ 94.089, 22.988 ], [ 94.105, 23.018 ], [ 94.11, 23.066 ], [ 94.115, 23.129 ], [ 94.125, 23.166 ], [ 94.121, 23.195 ], [ 94.126, 23.22 ], [ 94.109, 23.302 ], [ 94.102, 23.343 ], [ 94.101, 23.374 ], [ 94.107, 23.43 ], [ 94.116, 23.483 ], [ 94.119, 23.531 ], [ 94.129, 23.561 ], [ 94.131, 23.593 ], [ 94.145, 23.611 ], [ 94.156, 23.647 ], [ 94.217, 23.761 ], [ 94.219, 23.766 ], [ 94.222, 23.774 ], [ 94.223, 23.783 ], [ 94.225, 23.793 ], [ 94.226, 23.801 ], [ 94.228, 23.807 ], [ 94.232, 23.814 ], [ 94.238, 23.818 ], [ 94.242, 23.823 ], [ 94.246, 23.83 ], [ 94.25, 23.837 ], [ 94.25, 23.845 ], [ 94.25, 23.849 ], [ 94.252, 23.856 ], [ 94.256, 23.864 ], [ 94.258, 23.873 ], [ 94.262, 23.88 ], [ 94.265, 23.889 ], [ 94.27, 23.897 ], [ 94.275, 23.907 ], [ 94.278, 23.913 ], [ 94.281, 23.918 ], [ 94.285, 23.923 ], [ 94.288, 23.932 ], [ 94.29, 23.938 ], [ 94.292, 23.946 ], [ 94.295, 23.953 ], [ 94.302, 23.957 ], [ 94.31, 23.964 ], [ 94.316, 23.971 ], [ 94.323, 23.979 ], [ 94.325, 23.984 ], [ 94.328, 23.993 ], [ 94.332, 24.001 ], [ 94.334, 24.007 ], [ 94.336, 24.012 ], [ 94.338, 24.018 ], [ 94.341, 24.025 ], [ 94.344, 24.034 ], [ 94.345, 24.042 ], [ 94.347, 24.05 ], [ 94.35, 24.057 ], [ 94.353, 24.064 ], [ 94.355, 24.071 ], [ 94.358, 24.077 ], [ 94.359, 24.084 ], [ 94.363, 24.089 ], [ 94.369, 24.091 ], [ 94.375, 24.093 ], [ 94.381, 24.097 ], [ 94.385, 24.103 ], [ 94.388, 24.111 ], [ 94.391, 24.118 ], [ 94.393, 24.124 ], [ 94.395, 24.131 ], [ 94.399, 24.138 ], [ 94.402, 24.145 ], [ 94.403, 24.154 ], [ 94.402, 24.166 ], [ 94.401, 24.17 ], [ 94.403, 24.175 ], [ 94.409, 24.179 ], [ 94.409, 24.185 ], [ 94.409, 24.192 ], [ 94.411, 24.2 ], [ 94.414, 24.206 ], [ 94.418, 24.217 ], [ 94.42, 24.225 ], [ 94.424, 24.235 ], [ 94.427, 24.244 ], [ 94.43, 24.253 ], [ 94.43, 24.26 ], [ 94.432, 24.267 ], [ 94.435, 24.271 ], [ 94.487, 24.373 ], [ 94.533, 24.513 ] ] } },
{ "type": "Feature", "properties": { "accuracy": null, "activity_confidence": null, "average_dip": "(45.0,,)", "average_rake": "(90.0,,)", "catalog_id": "EOS_AF0130", "catalog_name": "EOS_SE_Asia", "dip_dir": null, "downthrown_side_dir": null, "downthrown_side_id": null, "epistemic_quality": null, "exposure_quality": null, "fs_name": null, "last_movement": null, "lower_seis_depth": "(15.0,,)", "name": null, "net_slip_rate": null, "notes": null, "reference": null, "shortening_rate": null, "slip_type": "Reverse", "strike_slip_rate": null, "upper_seis_depth": "(1.0,,)", "vert_sep_rate": null }, "geometry": { "type": "LineString", "coordinates": [ [ 93.964, 22.439 ], [ 93.965, 22.422 ], [ 93.966, 22.409 ], [ 93.966, 22.393 ], [ 93.966, 22.379 ], [ 93.966, 22.36 ], [ 93.963, 22.345 ], [ 93.959, 22.329 ], [ 93.966, 22.318 ], [ 93.966, 22.303 ], [ 93.966, 22.287 ], [ 93.964, 22.267 ], [ 93.959, 22.247 ], [ 93.956, 22.227 ], [ 93.952, 22.207 ], [ 93.946, 22.184 ], [ 93.94, 22.16 ], [ 93.939, 22.142 ], [ 93.933, 22.127 ], [ 93.926, 22.1 ], [ 93.922, 22.077 ], [ 93.919, 22.059 ], [ 93.914, 22.038 ], [ 93.909, 22.02 ], [ 93.905, 22.004 ], [ 93.903, 21.99 ], [ 93.903, 21.981 ] ] } },
{ "type": "Feature", "properties": { "accuracy": null, "activity_confidence": null, "average_dip": "(45.0,,)", "average_rake": "(90.0,,)", "catalog_id": "EOS_AF0131", "catalog_name": "EOS_SE_Asia", "dip_dir": null, "downthrown_side_dir": null, "downthrown_side_id": null, "epistemic_quality": null, "exposure_quality": null, "fs_name": null, "last_movement": null, "lower_seis_depth": "(15.0,,)", "name": null, "net_slip_rate": null, "notes": null, "reference": null, "shortening_rate": null, "slip_type": "Reverse", "strike_slip_rate": null, "upper_seis_depth": "(1.0,,)", "vert_sep_rate": null }, "geometry": { "type": "LineString", "coordinates": [ [ 94.699, 21.442 ], [ 94.75, 21.324 ], [ 94.753, 21.317 ], [ 94.758, 21.31 ], [ 94.76, 21.301 ], [ 94.762, 21.295 ], [ 94.765, 21.29 ], [ 94.768, 21.284 ], [ 94.771, 21.275 ], [ 94.775, 21.266 ], [ 94.778, 21.258 ], [ 94.781, 21.252 ], [ 94.784, 21.243 ], [ 94.786, 21.236 ], [ 94.787, 21.23 ], [ 94.788, 21.225 ], [ 94.79, 21.219 ], [ 94.792, 21.214 ], [ 94.795, 21.206 ], [ 94.797, 21.199 ], [ 94.799, 21.192 ], [ 94.8, 21.181 ], [ 94.8, 21.173 ], [ 94.8, 21.161 ], [ 94.799, 21.15 ], [ 94.799, 21.136 ], [ 94.798, 21.124 ], [ 94.798, 21.114 ], [ 94.799, 21.104 ], [ 94.802, 21.091 ], [ 94.806, 21.078 ], [ 94.808, 21.069 ], [ 94.809, 21.063 ], [ 94.809, 21.052 ], [ 94.811, 21.04 ], [ 94.813, 21.027 ], [ 94.816, 21.02 ], [ 94.818, 21.012 ], [ 94.82, 21.004 ], [ 94.822, 20.996 ], [ 94.824, 20.988 ], [ 94.826, 20.982 ], [ 94.827, 20.977 ], [ 94.857, 20.891 ], [ 94.879, 20.825 ], [ 94.898, 20.738 ] ] } },
{ "type": "Feature", "properties": { "accuracy": null, "activity_confidence": null, "average_dip": "(45.0,,)", "average_rake": "(90.0,,)", "catalog_id": "EOS_AF0132", "catalog_name": "EOS_SE_Asia", "dip_dir": null, "downthrown_side_dir": null, "downthrown_side_id": null, "epistemic_quality": null, "exposure_quality": null, "fs_name": null, "last_movement": null, "lower_seis_depth": "(15.0,,)", "name": null, "net_slip_rate": null, "notes": null, "reference": null, "shortening_rate": null, "slip_type": "Reverse", "strike_slip_rate": null, "upper_seis_depth": "(1.0,,)", "vert_sep_rate": null }, "geometry": { "type": "LineString", "coordinates": [ [ 95.777, 18.112 ], [ 95.78, 18.085 ], [ 95.782, 18.07 ], [ 95.782, 18.053 ], [ 95.779, 18.038 ], [ 95.775, 18.022 ], [ 95.772, 17.998 ], [ 95.773, 17.986 ], [ 95.78, 17.971 ], [ 95.788, 17.958 ], [ 95.793, 17.945 ], [ 95.797, 17.926 ], [ 95.81, 17.883 ], [ 95.823, 17.855 ], [ 95.833, 17.829 ], [ 95.844, 17.809 ], [ 95.857, 17.78 ], [ 95.857, 17.763 ], [ 95.863, 17.746 ], [ 95.87, 17.735 ], [ 95.88, 17.722 ], [ 95.891, 17.71 ], [ 95.902, 17.694 ], [ 95.909, 17.687 ], [ 95.913, 17.68 ], [ 95.912, 17.672 ], [ 95.906, 17.658 ], [ 95.903, 17.645 ], [ 95.901, 17.633 ], [ 95.902, 17.615 ], [ 95.909, 17.589 ], [ 95.914, 17.577 ], [ 95.956, 17.472 ], [ 95.922, 17.558 ] ] } },
{ "type": "Feature", "properties": { "accuracy": null, "activity_confidence": null, "average_dip": "(45.0,,)", "average_rake": "(90.0,,)", "catalog_id": "EOS_AF0133", "catalog_name": "EOS_SE_Asia", "dip_dir": null, "downthrown_side_dir": null, "downthrown_side_id": null, "epistemic_quality": null, "exposure_quality": null, "fs_name": null, "last_movement": null, "lower_seis_depth": "(15.0,,)", "name": null, "net_slip_rate": null, "notes": null, "reference": null, "shortening_rate": null, "slip_type": "Reverse", "strike_slip_rate": null, "upper_seis_depth": "(1.0,,)", "vert_sep_rate": null }, "geometry": { "type": "LineString", "coordinates": [ [ 95.826, 18.281 ], [ 95.82, 18.29 ], [ 95.813, 18.296 ], [ 95.802, 18.308 ], [ 95.791, 18.322 ], [ 95.781, 18.34 ], [ 95.777, 18.349 ], [ 95.771, 18.359 ], [ 95.762, 18.376 ], [ 95.752, 18.391 ], [ 95.742, 18.404 ], [ 95.72, 18.43 ], [ 95.699, 18.457 ], [ 95.678, 18.483 ], [ 95.66, 18.509 ], [ 95.645, 18.52 ], [ 95.629, 18.528 ], [ 95.611, 18.541 ], [ 95.596, 18.554 ], [ 95.583, 18.567 ], [ 95.569, 18.58 ], [ 95.556, 18.592 ], [ 95.529, 18.608 ], [ 95.515, 18.622 ], [ 95.506, 18.632 ], [ 95.493, 18.643 ], [ 95.472, 18.661 ], [ 95.462, 18.674 ], [ 95.448, 18.687 ] ] } },
{ "type": "Feature", "properties": { "accuracy": null, "activity_confidence": null, "average_dip": "(45.0,,)", "average_rake": "(90.0,,)", "catalog_id": "EOS_AF0134", "catalog_name": "EOS_SE_Asia", "dip_dir": null, "downthrown_side_dir": null, "downthrown_side_id": null, "epistemic_quality": null, "exposure_quality": null, "fs_name": null, "last_movement": null, "lower_seis_depth": "(15.0,,)", "name": null, "net_slip_rate": null, "notes": null, "reference": null, "shortening_rate": null, "slip_type": "Reverse", "strike_slip_rate": null, "upper_seis_depth": "(1.0,,)", "vert_sep_rate": null }, "geometry": { "type": "LineString", "coordinates": [ [ 95.314, 18.39 ], [ 95.312, 18.395 ], [ 95.306, 18.406 ], [ 95.299, 18.423 ], [ 95.292, 18.434 ], [ 95.286, 18.445 ], [ 95.285, 18.463 ], [ 95.264, 18.513 ], [ 95.252, 18.554 ], [ 95.248, 18.626 ], [ 95.246, 18.671 ], [ 95.238, 18.708 ], [ 95.217, 18.765 ], [ 95.199, 18.789 ], [ 95.184, 18.818 ], [ 95.178, 18.829 ], [ 95.178, 18.847 ], [ 95.164, 18.881 ], [ 95.114, 18.984 ], [ 95.09, 19.014 ], [ 95.077, 19.025 ], [ 95.044, 19.046 ] ] } },
{ "type": "Feature", "properties": { "accuracy": null, "activity_confidence": null, "average_dip": "(45.0,,)", "average_rake": "(90.0,,)", "catalog_id": "EOS_AF0135", "catalog_name": "EOS_SE_Asia", "dip_dir": null, "downthrown_side_dir": null, "downthrown_side_id": null, "epistemic_quality": null, "exposure_quality": null, "fs_name": null, "last_movement": null, "lower_seis_depth": "(15.0,,)", "name": null, "net_slip_rate": null, "notes": null, "reference": null, "shortening_rate": null, "slip_type": "Reverse", "strike_slip_rate": null, "upper_seis_depth": "(1.0,,)", "vert_sep_rate": null }, "geometry": { "type": "LineString", "coordinates": [ [ 95.29, 18.969 ], [ 95.287, 18.971 ], [ 95.277, 18.976 ], [ 95.264, 18.985 ], [ 95.252, 18.994 ], [ 95.239, 19.007 ], [ 95.229, 19.019 ], [ 95.221, 19.033 ], [ 95.216, 19.045 ], [ 95.212, 19.057 ], [ 95.209, 19.066 ], [ 95.207, 19.076 ], [ 95.145, 19.162 ] ] } },
{ "type": "Feature", "properties": { "accuracy": null, "activity_confidence": null, "average_dip": "(90.0,,)", "average_rake": "(180.0,,)", "catalog_id": "EOS_AF0136", "catalog_name": "EOS_SE_Asia", "dip_dir": null, "downthrown_side_dir": null, "downthrown_side_id": null, "epistemic_quality": null, "exposure_quality": null, "fs_name": null, "last_movement": null, "lower_seis_depth": "(15.0,,)", "name": null, "net_slip_rate": null, "notes": null, "reference": null, "shortening_rate": null, "slip_type": "Dextral", "strike_slip_rate": null, "upper_seis_depth": "(1.0,,)", "vert_sep_rate": null }, "geometry": { "type": "LineString", "coordinates": [ [ 94.683, 17.79 ], [ 94.686, 17.823 ], [ 94.693, 17.867 ], [ 94.693, 17.896 ], [ 94.691, 17.933 ], [ 94.687, 17.961 ], [ 94.687, 17.986 ], [ 94.683, 18.015 ], [ 94.683, 18.035 ], [ 94.681, 18.079 ], [ 94.678, 18.109 ], [ 94.674, 18.168 ], [ 94.668, 18.205 ], [ 94.662, 18.237 ], [ 94.661, 18.265 ], [ 94.655, 18.29 ], [ 94.649, 18.312 ], [ 94.639, 18.341 ], [ 94.634, 18.362 ], [ 94.631, 18.377 ], [ 94.642, 18.399 ], [ 94.638, 18.451 ], [ 94.631, 18.483 ], [ 94.625, 18.522 ], [ 94.625, 18.565 ], [ 94.618, 18.604 ], [ 94.61, 18.627 ], [ 94.607, 18.644 ], [ 94.605, 18.656 ], [ 94.602, 18.669 ], [ 94.602, 18.679 ], [ 94.599, 18.692 ], [ 94.594, 18.71 ], [ 94.591, 18.721 ], [ 94.584, 18.734 ], [ 94.581, 18.743 ] ] } },
{ "type": "Feature", "properties": { "accuracy": null, "activity_confidence": null, "average_dip": "(45.0,,)", "average_rake": "(90.0,,)", "catalog_id": "EOS_AF0137", "catalog_name": "EOS_SE_Asia", "dip_dir": null, "downthrown_side_dir": null, "downthrown_side_id": null, "epistemic_quality": null, "exposure_quality": null, "fs_name": null, "last_movement": null, "lower_seis_depth": "(15.0,,)", "name": null, "net_slip_rate": null, "notes": null, "reference": null, "shortening_rate": null, "slip_type": "Reverse", "strike_slip_rate": null, "upper_seis_depth": "(1.0,,)", "vert_sep_rate": null }, "geometry": { "type": "LineString", "coordinates": [ [ 93.335, 20.9 ], [ 93.333, 20.884 ], [ 93.326, 20.858 ], [ 93.323, 20.85 ], [ 93.32, 20.843 ], [ 93.317, 20.836 ], [ 93.315, 20.828 ], [ 93.312, 20.821 ], [ 93.309, 20.813 ], [ 93.308, 20.801 ], [ 93.308, 20.778 ], [ 93.309, 20.762 ], [ 93.311, 20.748 ], [ 93.314, 20.735 ], [ 93.315, 20.72 ], [ 93.313, 20.706 ], [ 93.316, 20.692 ], [ 93.321, 20.679 ], [ 93.328, 20.668 ], [ 93.332, 20.658 ], [ 93.333, 20.644 ], [ 93.333, 20.633 ], [ 93.333, 20.612 ], [ 93.331, 20.601 ], [ 93.328, 20.588 ], [ 93.327, 20.583 ], [ 93.329, 20.571 ], [ 93.332, 20.56 ], [ 93.334, 20.55 ], [ 93.336, 20.539 ], [ 93.339, 20.53 ], [ 93.341, 20.521 ], [ 93.345, 20.511 ], [ 93.351, 20.497 ], [ 93.356, 20.484 ], [ 93.361, 20.472 ], [ 93.364, 20.465 ], [ 93.369, 20.453 ], [ 93.374, 20.438 ], [ 93.381, 20.42 ], [ 93.389, 20.405 ], [ 93.394, 20.396 ], [ 93.397, 20.382 ], [ 93.4, 20.367 ], [ 93.404, 20.352 ], [ 93.41, 20.338 ], [ 93.415, 20.323 ], [ 93.423, 20.306 ], [ 93.428, 20.294 ], [ 93.432, 20.285 ], [ 93.434, 20.278 ], [ 93.436, 20.272 ], [ 93.448, 20.182 ], [ 93.515, 20.105 ], [ 93.585, 19.998 ] ] } },
{ "type": "Feature", "properties": { "accuracy": null, "activity_confidence": null, "average_dip": "(45.0,,)", "average_rake": "(90.0,,)", "catalog_id": "EOS_AF0138", "catalog_name": "EOS_SE_Asia", "dip_dir": null, "downthrown_side_dir": null, "downthrown_side_id": null, "epistemic_quality": null, "exposure_quality": null, "fs_name": null, "last_movement": null, "lower_seis_depth": "(15.0,,)", "name": null, "net_slip_rate": null, "notes": null, "reference": null, "shortening_rate": null, "slip_type": "Reverse", "strike_slip_rate": null, "upper_seis_depth": "(1.0,,)", "vert_sep_rate": null }, "geometry": { "type": "LineString", "coordinates": [ [ 94.924, 17.262 ], [ 94.922, 17.295 ], [ 94.936, 17.35 ], [ 94.971, 17.401 ], [ 95.005, 17.461 ], [ 95.017, 17.482 ], [ 95.024, 17.506 ], [ 95.053, 17.568 ], [ 95.065, 17.592 ], [ 95.074, 17.635 ], [ 95.089, 17.672 ], [ 95.106, 17.708 ], [ 95.11, 17.718 ], [ 95.123, 17.762 ], [ 95.146, 17.791 ], [ 95.169, 17.832 ], [ 95.208, 17.882 ], [ 95.262, 18.028 ] ] } },
{ "type": "Feature", "properties": { "accuracy": null, "activity_confidence": null, "average_dip": "(45.0,,)", "average_rake": "(90.0,,)", "catalog_id": "EOS_AF0139", "catalog_name": "EOS_SE_Asia", "dip_dir": null, "downthrown_side_dir": null, "downthrown_side_id": null, "epistemic_quality": null, "exposure_quality": null, "fs_name": null, "last_movement": null, "lower_seis_depth": "(15.0,,)", "name": null, "net_slip_rate": null, "notes": null, "reference": null, "shortening_rate": null, "slip_type": "Reverse", "strike_slip_rate": null, "upper_seis_depth": "(1.0,,)", "vert_sep_rate": null }, "geometry": { "type": "LineString", "coordinates": [ [ 94.736, 19.186 ], [ 94.736, 19.193 ], [ 94.734, 19.199 ], [ 94.732, 19.205 ], [ 94.728, 19.213 ], [ 94.723, 19.218 ], [ 94.719, 19.221 ], [ 94.713, 19.225 ], [ 94.708, 19.231 ], [ 94.705, 19.237 ], [ 94.701, 19.241 ], [ 94.694, 19.246 ], [ 94.68, 19.256 ], [ 94.667, 19.268 ], [ 94.656, 19.283 ], [ 94.649, 19.295 ], [ 94.648, 19.3 ], [ 94.639, 19.315 ], [ 94.625, 19.329 ], [ 94.611, 19.353 ], [ 94.583, 19.398 ] ] } },
{ "type": "Feature", "properties": { "accuracy": null, "activity_confidence": null, "average_dip": "(90.0,,)", "average_rake": "(180.0,,)", "catalog_id": "EOS_AF0140", "catalog_name": "EOS_SE_Asia", "dip_dir": null, "downthrown_side_dir": null, "downthrown_side_id": null, "epistemic_quality": null, "exposure_quality": null, "fs_name": null, "last_movement": null, "lower_seis_depth": "(15.0,,)", "name": null, "net_slip_rate": null, "notes": null, "reference": null, "shortening_rate": null, "slip_type": "Dextral", "strike_slip_rate": null, "upper_seis_depth": "(1.0,,)", "vert_sep_rate": null }, "geometry": { "type": "LineString", "coordinates": [ [ 93.392, 20.988 ], [ 93.394, 20.981 ], [ 93.396, 20.97 ], [ 93.398, 20.957 ], [ 93.401, 20.944 ], [ 93.404, 20.93 ], [ 93.407, 20.913 ], [ 93.412, 20.903 ], [ 93.416, 20.89 ], [ 93.419, 20.868 ], [ 93.418, 20.833 ], [ 93.415, 20.814 ], [ 93.412, 20.788 ], [ 93.415, 20.764 ], [ 93.418, 20.748 ], [ 93.422, 20.722 ], [ 93.429, 20.701 ], [ 93.44, 20.678 ], [ 93.445, 20.657 ], [ 93.448, 20.64 ], [ 93.456, 20.616 ], [ 93.47, 20.577 ], [ 93.481, 20.552 ], [ 93.491, 20.523 ], [ 93.501, 20.488 ], [ 93.504, 20.469 ], [ 93.518, 20.436 ], [ 93.533, 20.411 ], [ 93.552, 20.369 ], [ 93.571, 20.323 ], [ 93.576, 20.304 ], [ 93.582, 20.276 ], [ 93.589, 20.253 ], [ 93.595, 20.233 ], [ 93.61, 20.209 ], [ 93.618, 20.192 ], [ 93.63, 20.143 ], [ 93.639, 20.118 ], [ 93.651, 20.091 ], [ 93.667, 20.063 ], [ 93.689, 20.029 ], [ 93.715, 19.995 ], [ 93.724, 19.98 ], [ 93.735, 19.952 ], [ 93.771, 19.863 ], [ 93.879, 19.665 ], [ 93.956, 19.569 ] ] } },
{ "type": "Feature", "properties": { "accuracy": null, "activity_confidence": null, "average_dip": "(45.0,,)", "average_rake": "(90.0,,)", "catalog_id": "EOS_AF0141", "catalog_name": "EOS_SE_Asia", "dip_dir": null, "downthrown_side_dir": null, "downthrown_side_id": null, "epistemic_quality": null, "exposure_quality": null, "fs_name": null, "last_movement": null, "lower_seis_depth": "(15.0,,)", "name": null, "net_slip_rate": null, "notes": null, "reference": null, "shortening_rate": null, "slip_type": "Reverse", "strike_slip_rate": null, "upper_seis_depth": "(1.0,,)", "vert_sep_rate": null }, "geometry": { "type": "LineString", "coordinates": [ [ 94.318, 20.39 ], [ 94.323, 20.379 ], [ 94.326, 20.372 ], [ 94.326, 20.37 ], [ 94.327, 20.362 ], [ 94.327, 20.355 ], [ 94.326, 20.349 ], [ 94.324, 20.343 ], [ 94.325, 20.336 ], [ 94.327, 20.328 ], [ 94.331, 20.313 ], [ 94.334, 20.307 ], [ 94.339, 20.297 ], [ 94.347, 20.287 ], [ 94.354, 20.279 ], [ 94.36, 20.275 ], [ 94.364, 20.263 ], [ 94.366, 20.256 ], [ 94.371, 20.246 ], [ 94.373, 20.242 ], [ 94.376, 20.233 ], [ 94.38, 20.225 ], [ 94.387, 20.216 ], [ 94.395, 20.206 ], [ 94.402, 20.197 ], [ 94.41, 20.186 ], [ 94.413, 20.179 ], [ 94.418, 20.171 ], [ 94.425, 20.16 ], [ 94.432, 20.151 ], [ 94.439, 20.145 ], [ 94.446, 20.138 ], [ 94.453, 20.132 ], [ 94.459, 20.126 ], [ 94.468, 20.118 ], [ 94.479, 20.109 ], [ 94.491, 20.1 ], [ 94.5, 20.093 ], [ 94.507, 20.086 ], [ 94.51, 20.083 ] ] } },
{ "type": "Feature", "properties": { "accuracy": null, "activity_confidence": null, "average_dip": "(45.0,,)", "average_rake": "(90.0,,)", "catalog_id": "EOS_AF0142", "catalog_name": "EOS_SE_Asia", "dip_dir": null, "downthrown_side_dir": null, "downthrown_side_id": null, "epistemic_quality": null, "exposure_quality": null, "fs_name": null, "last_movement": null, "lower_seis_depth": "(15.0,,)", "name": null, "net_slip_rate": null, "notes": null, "reference": null, "shortening_rate": null, "slip_type": "Reverse", "strike_slip_rate": null, "upper_seis_depth": "(1.0,,)", "vert_sep_rate": null }, "geometry": { "type": "LineString", "coordinates": [ [ 94.171, 20.623 ], [ 94.171, 20.616 ], [ 94.175, 20.601 ], [ 94.176, 20.592 ], [ 94.18, 20.584 ], [ 94.185, 20.574 ], [ 94.19, 20.562 ], [ 94.19, 20.553 ], [ 94.19, 20.543 ], [ 94.19, 20.531 ], [ 94.195, 20.502 ], [ 94.199, 20.462 ], [ 94.215, 20.429 ], [ 94.247, 20.377 ], [ 94.287, 20.319 ], [ 94.304, 20.281 ], [ 94.308, 20.265 ] ] } },
{ "type": "Feature", "properties": { "accuracy": null, "activity_confidence": null, "average_dip": "(45.0,,)", "average_rake": "(90.0,,)", "catalog_id": "EOS_AF0143", "catalog_name": "EOS_SE_Asia", "dip_dir": null, "downthrown_side_dir": null, "downthrown_side_id": null, "epistemic_quality": null, "exposure_quality": null, "fs_name": null, "last_movement": null, "lower_seis_depth": "(15.0,,)", "name": null, "net_slip_rate": null, "notes": null, "reference": null, "shortening_rate": null, "slip_type": "Reverse", "strike_slip_rate": null, "upper_seis_depth": "(1.0,,)", "vert_sep_rate": null }, "geometry": { "type": "LineString", "coordinates": [ [ 94.462, 19.964 ], [ 94.47, 19.956 ], [ 94.479, 19.947 ], [ 94.487, 19.935 ], [ 94.491, 19.924 ], [ 94.493, 19.916 ], [ 94.495, 19.906 ], [ 94.494, 19.896 ], [ 94.496, 19.885 ], [ 94.496, 19.871 ], [ 94.494, 19.841 ], [ 94.499, 19.781 ], [ 94.514, 19.712 ], [ 94.54, 19.625 ], [ 94.557, 19.584 ] ] } },
{ "type": "Feature", "properties": { "accuracy": null, "activity_confidence": null, "average_dip": "(5.0,,)", "average_rake": "(90.0,,)", "catalog_id": "EOS_AF0144", "catalog_name": "EOS_SE_Asia", "dip_dir": null, "downthrown_side_dir": null, "downthrown_side_id": null, "epistemic_quality": null, "exposure_quality": null, "fs_name": null, "last_movement": null, "lower_seis_depth": "(30.0,,)", "name": null, "net_slip_rate": null, "notes": null, "reference": null, "shortening_rate": null, "slip_type": "Subduction_Thrust", "strike_slip_rate": null, "upper_seis_depth": "(3.0,,)", "vert_sep_rate": null }, "geometry": { "type": "LineString", "coordinates": [ [ 91.609, 20.388 ], [ 91.475, 20.539 ], [ 91.362, 20.693 ], [ 91.209, 20.898 ], [ 91.105, 21.095 ], [ 90.974, 21.265 ], [ 90.869, 21.409 ], [ 90.791, 21.618 ], [ 90.712, 21.749 ], [ 90.647, 22.037 ], [ 90.581, 22.325 ], [ 90.555, 22.535 ], [ 90.542, 22.77 ], [ 90.516, 22.954 ], [ 90.503, 23.098 ], [ 90.529, 23.216 ], [ 90.516, 23.333 ], [ 90.542, 23.517 ], [ 90.542, 23.739 ], [ 90.607, 23.909 ], [ 90.647, 24.067 ], [ 90.725, 24.211 ], [ 90.831, 24.395 ], [ 90.967, 24.526 ], [ 91.086, 24.645 ], [ 91.235, 24.758 ], [ 91.366, 24.877 ], [ 91.466, 24.946 ], [ 91.537, 25.025 ], [ 91.613, 25.129 ] ] } },
{ "type": "Feature", "properties": { "accuracy": null, "activity_confidence": null, "average_dip": "(45.0,,)", "average_rake": "(90.0,,)", "catalog_id": "EOS_AF0145", "catalog_name": "EOS_SE_Asia", "dip_dir": null, "downthrown_side_dir": null, "downthrown_side_id": null, "epistemic_quality": null, "exposure_quality": null, "fs_name": null, "last_movement": null, "lower_seis_depth": "(35.0,,)", "name": null, "net_slip_rate": null, "notes": null, "reference": null, "shortening_rate": null, "slip_type": "Reverse", "strike_slip_rate": null, "upper_seis_depth": "(1.0,,)", "vert_sep_rate": null }, "geometry": { "type": "LineString", "coordinates": [ [ 92.517, 25.177 ], [ 92.327, 25.166 ], [ 92.127, 25.169 ], [ 91.949, 25.185 ], [ 91.805, 25.168 ], [ 91.605, 25.188 ], [ 91.207, 25.2 ], [ 90.999, 25.177 ], [ 90.837, 25.158 ], [ 90.774, 25.166 ], [ 90.752, 25.157 ], [ 90.699, 25.15 ], [ 90.633, 25.153 ], [ 90.588, 25.153 ], [ 90.521, 25.147 ], [ 90.463, 25.141 ], [ 90.379, 25.153 ], [ 90.289, 25.162 ], [ 90.197, 25.183 ], [ 90.122, 25.202 ], [ 90.048, 25.222 ], [ 89.998, 25.237 ], [ 89.882, 25.299 ] ] } },
{ "type": "Feature", "properties": { "accuracy": null, "activity_confidence": null, "average_dip": "(60.0,,)", "average_rake": "(-90.0,,)", "catalog_id": "EOS_AF0146", "catalog_name": "EOS_SE_Asia", "dip_dir": null, "downthrown_side_dir": null, "downthrown_side_id": null, "epistemic_quality": null, "exposure_quality": null, "fs_name": null, "last_movement": null, "lower_seis_depth": "(15.0,,)", "name": null, "net_slip_rate": null, "notes": null, "reference": null, "shortening_rate": null, "slip_type": "Normal", "strike_slip_rate": null, "upper_seis_depth": "(1.0,,)", "vert_sep_rate": null }, "geometry": { "type": "LineString", "coordinates": [ [ 96.739, 21.32 ], [ 96.722, 21.275 ], [ 96.722, 21.272 ], [ 96.721, 21.267 ], [ 96.72, 21.262 ], [ 96.719, 21.258 ], [ 96.717, 21.253 ], [ 96.715, 21.251 ], [ 96.714, 21.248 ], [ 96.712, 21.245 ], [ 96.71, 21.242 ], [ 96.707, 21.239 ], [ 96.706, 21.236 ], [ 96.705, 21.233 ], [ 96.705, 21.23 ], [ 96.704, 21.227 ], [ 96.703, 21.224 ], [ 96.702, 21.222 ], [ 96.699, 21.219 ], [ 96.697, 21.216 ], [ 96.695, 21.213 ], [ 96.693, 21.211 ], [ 96.692, 21.208 ], [ 96.69, 21.205 ], [ 96.688, 21.202 ], [ 96.686, 21.198 ], [ 96.683, 21.194 ], [ 96.681, 21.191 ], [ 96.679, 21.187 ], [ 96.677, 21.184 ], [ 96.675, 21.182 ], [ 96.674, 21.179 ], [ 96.672, 21.177 ], [ 96.671, 21.176 ], [ 96.67, 21.173 ], [ 96.668, 21.17 ], [ 96.667, 21.167 ], [ 96.666, 21.164 ], [ 96.665, 21.162 ], [ 96.665, 21.159 ], [ 96.664, 21.157 ], [ 96.664, 21.155 ], [ 96.663, 21.153 ], [ 96.662, 21.149 ], [ 96.661, 21.146 ], [ 96.66, 21.143 ], [ 96.66, 21.14 ], [ 96.659, 21.136 ], [ 96.658, 21.132 ], [ 96.658, 21.129 ], [ 96.658, 21.127 ], [ 96.657, 21.125 ], [ 96.656, 21.122 ], [ 96.656, 21.12 ], [ 96.656, 21.118 ], [ 96.655, 21.116 ], [ 96.654, 21.114 ], [ 96.654, 21.112 ], [ 96.653, 21.11 ], [ 96.652, 21.108 ], [ 96.652, 21.106 ], [ 96.651, 21.104 ], [ 96.649, 21.101 ], [ 96.648, 21.098 ], [ 96.648, 21.095 ], [ 96.648, 21.091 ], [ 96.648, 21.089 ], [ 96.647, 21.086 ], [ 96.647, 21.083 ], [ 96.646, 21.079 ], [ 96.645, 21.077 ], [ 96.645, 21.074 ], [ 96.645, 21.071 ], [ 96.644, 21.069 ], [ 96.644, 21.065 ], [ 96.643, 21.063 ], [ 96.642, 21.059 ], [ 96.641, 21.056 ], [ 96.65, 21.031 ], [ 96.649, 21.005 ], [ 96.651, 20.981 ], [ 96.659, 20.95 ], [ 96.659, 20.941 ], [ 96.652, 20.925 ], [ 96.651, 20.921 ] ] } },
{ "type": "Feature", "properties": { "accuracy": null, "activity_confidence": null, "average_dip": "(90.0,,)", "average_rake": "(180.0,,)", "catalog_id": "EOS_AF0147", "catalog_name": "EOS_SE_Asia", "dip_dir": null, "downthrown_side_dir": null, "downthrown_side_id": null, "epistemic_quality": null, "exposure_quality": null, "fs_name": null, "last_movement": null, "lower_seis_depth": "(15.0,,)", "name": null, "net_slip_rate": null, "notes": null, "reference": null, "shortening_rate": null, "slip_type": "Dextral", "strike_slip_rate": null, "upper_seis_depth": "(1.0,,)", "vert_sep_rate": null }, "geometry": { "type": "LineString", "coordinates": [ [ 96.943, 21.391 ], [ 96.945, 21.381 ], [ 96.947, 21.368 ], [ 96.949, 21.362 ], [ 96.951, 21.349 ], [ 96.955, 21.339 ], [ 96.959, 21.324 ], [ 96.963, 21.311 ], [ 96.965, 21.298 ], [ 96.966, 21.284 ], [ 96.968, 21.266 ], [ 96.973, 21.251 ], [ 96.977, 21.239 ], [ 96.984, 21.223 ], [ 96.987, 21.192 ], [ 97.003, 21.154 ] ] } },
{ "type": "Feature", "properties": { "accuracy": null, "activity_confidence": null, "average_dip": "(60.0,,)", "average_rake": "(-90.0,,)", "catalog_id": "EOS_AF0148", "catalog_name": "EOS_SE_Asia", "dip_dir": null, "downthrown_side_dir": null, "downthrown_side_id": null, "epistemic_quality": null, "exposure_quality": null, "fs_name": null, "last_movement": null, "lower_seis_depth": "(15.0,,)", "name": null, "net_slip_rate": null, "notes": null, "reference": null, "shortening_rate": null, "slip_type": "Normal", "strike_slip_rate": null, "upper_seis_depth": "(1.0,,)", "vert_sep_rate": null }, "geometry": { "type": "LineString", "coordinates": [ [ 97.041, 20.844 ], [ 97.039, 20.836 ], [ 97.036, 20.83 ], [ 97.03, 20.824 ], [ 97.029, 20.819 ], [ 97.026, 20.815 ], [ 97.024, 20.812 ], [ 97.023, 20.811 ], [ 97.023, 20.809 ], [ 97.023, 20.803 ], [ 97.023, 20.796 ], [ 97.022, 20.792 ], [ 97.021, 20.786 ], [ 97.021, 20.781 ], [ 97.02, 20.774 ], [ 97.018, 20.768 ], [ 97.013, 20.751 ], [ 97.009, 20.737 ], [ 96.996, 20.723 ], [ 96.985, 20.708 ], [ 96.971, 20.684 ], [ 96.968, 20.663 ], [ 96.965, 20.645 ], [ 96.961, 20.618 ], [ 96.958, 20.587 ], [ 96.955, 20.57 ], [ 96.946, 20.54 ], [ 96.943, 20.52 ], [ 96.941, 20.499 ], [ 96.939, 20.479 ], [ 96.935, 20.463 ], [ 96.919, 20.419 ] ] } },
{ "type": "Feature", "properties": { "accuracy": null, "activity_confidence": null, "average_dip": "(90.0,,)", "average_rake": "(180.0,,)", "catalog_id": "EOS_AF0149", "catalog_name": "EOS_SE_Asia", "dip_dir": null, "downthrown_side_dir": null, "downthrown_side_id": null, "epistemic_quality": null, "exposure_quality": null, "fs_name": null, "last_movement": null, "lower_seis_depth": "(15.0,,)", "name": null, "net_slip_rate": null, "notes": null, "reference": null, "shortening_rate": null, "slip_type": "Dextral", "strike_slip_rate": null, "upper_seis_depth": "(1.0,,)", "vert_sep_rate": null }, "geometry": { "type": "LineString", "coordinates": [ [ 96.822, 20.548 ], [ 96.822, 20.544 ], [ 96.822, 20.542 ], [ 96.822, 20.537 ], [ 96.823, 20.533 ], [ 96.823, 20.528 ], [ 96.823, 20.524 ], [ 96.825, 20.511 ], [ 96.835, 20.482 ], [ 96.848, 20.457 ], [ 96.863, 20.409 ], [ 96.872, 20.375 ], [ 96.872, 20.354 ], [ 96.884, 20.308 ], [ 96.898, 20.279 ], [ 96.902, 20.271 ], [ 96.908, 20.219 ], [ 96.92, 20.174 ], [ 96.922, 20.158 ], [ 96.955, 20.076 ], [ 96.973, 20.037 ], [ 97.008, 19.96 ], [ 97.025, 19.92 ], [ 97.043, 19.872 ], [ 97.075, 19.808 ], [ 97.1, 19.771 ], [ 97.193, 19.59 ], [ 97.21, 19.534 ], [ 97.219, 19.515 ], [ 97.265, 19.451 ], [ 97.307, 19.408 ], [ 97.352, 19.362 ], [ 97.373, 19.327 ], [ 97.365, 19.286 ], [ 97.351, 19.251 ], [ 97.33, 19.241 ] ] } },
{ "type": "Feature", "properties": { "accuracy": null, "activity_confidence": null, "average_dip": "(90.0,,)", "average_rake": "(180.0,,)", "catalog_id": "EOS_AF0150", "catalog_name": "EOS_SE_Asia", "dip_dir": null, "downthrown_side_dir": null, "downthrown_side_id": null, "epistemic_quality": null, "exposure_quality": null, "fs_name": null, "last_movement": null, "lower_seis_depth": "(15.0,,)", "name": null, "net_slip_rate": null, "notes": null, "reference": null, "shortening_rate": null, "slip_type": "Dextral", "strike_slip_rate": null, "upper_seis_depth": "(1.0,,)", "vert_sep_rate": null }, "geometry": { "type": "LineString", "coordinates": [ [ 97.277, 19.369 ], [ 97.29, 19.347 ], [ 97.3, 19.326 ], [ 97.309, 19.307 ], [ 97.317, 19.286 ], [ 97.326, 19.264 ], [ 97.329, 19.251 ], [ 97.35, 19.186 ], [ 97.359, 19.146 ], [ 97.355, 19.082 ], [ 97.358, 19.031 ], [ 97.357, 18.961 ], [ 97.357, 18.892 ], [ 97.355, 18.846 ], [ 97.341, 18.787 ], [ 97.346, 18.721 ], [ 97.351, 18.683 ], [ 97.372, 18.572 ], [ 97.377, 18.515 ], [ 97.386, 18.448 ], [ 97.421, 18.376 ], [ 97.461, 18.282 ], [ 97.489, 18.19 ], [ 97.52, 18.148 ], [ 97.539, 18.062 ], [ 97.554, 18.012 ], [ 97.594, 17.945 ], [ 97.634, 17.889 ], [ 97.697, 17.827 ], [ 97.736, 17.785 ], [ 97.827, 17.667 ], [ 97.916, 17.585 ], [ 98.018, 17.475 ], [ 98.094, 17.395 ], [ 98.162, 17.304 ], [ 98.214, 17.253 ], [ 98.27, 17.215 ], [ 98.32, 17.17 ] ] } },
{ "type": "Feature", "properties": { "accuracy": null, "activity_confidence": null, "average_dip": "(90.0,,)", "average_rake": "(180.0,,)", "catalog_id": "EOS_AF0151", "catalog_name": "EOS_SE_Asia", "dip_dir": null, "downthrown_side_dir": null, "downthrown_side_id": null, "epistemic_quality": null, "exposure_quality": null, "fs_name": null, "last_movement": null, "lower_seis_depth": "(15.0,,)", "name": null, "net_slip_rate": null, "notes": null, "reference": null, "shortening_rate": null, "slip_type": "Dextral", "strike_slip_rate": null, "upper_seis_depth": "(1.0,,)", "vert_sep_rate": null }, "geometry": { "type": "LineString", "coordinates": [ [ 97.886, 18.234 ], [ 97.887, 18.226 ], [ 97.886, 18.218 ], [ 97.887, 18.212 ], [ 97.888, 18.206 ], [ 97.889, 18.2 ], [ 97.889, 18.195 ], [ 97.89, 18.191 ], [ 97.89, 18.186 ], [ 97.889, 18.181 ], [ 97.888, 18.176 ], [ 97.888, 18.171 ], [ 97.889, 18.162 ], [ 97.89, 18.157 ], [ 97.89, 18.152 ], [ 97.89, 18.147 ], [ 97.888, 18.143 ], [ 97.887, 18.139 ], [ 97.887, 18.135 ], [ 97.887, 18.129 ], [ 97.887, 18.124 ], [ 97.888, 18.12 ], [ 97.889, 18.114 ], [ 97.891, 18.109 ], [ 97.906, 18.039 ], [ 97.938, 17.936 ], [ 97.981, 17.839 ], [ 98.042, 17.679 ], [ 98.126, 17.56 ], [ 98.2, 17.463 ], [ 98.318, 17.331 ], [ 98.399, 17.278 ], [ 98.474, 17.213 ], [ 98.671, 17.117 ], [ 98.773, 17.035 ], [ 98.841, 16.97 ], [ 98.908, 16.896 ], [ 99.065, 16.744 ], [ 99.168, 16.627 ], [ 99.285, 16.399 ] ] } },
{ "type": "Feature", "properties": { "accuracy": null, "activity_confidence": null, "average_dip": "(45.0,,)", "average_rake": "(90.0,,)", "catalog_id": "EOS_AF0152", "catalog_name": "EOS_SE_Asia", "dip_dir": null, "downthrown_side_dir": null, "downthrown_side_id": null, "epistemic_quality": null, "exposure_quality": null, "fs_name": null, "last_movement": null, "lower_seis_depth": "(7.0,,)", "name": null, "net_slip_rate": null, "notes": null, "reference": null, "shortening_rate": null, "slip_type": "Subduction_Thrust", "strike_slip_rate": null, "upper_seis_depth": "(1.0,,)", "vert_sep_rate": null }, "geometry": { "type": "LineString", "coordinates": [ [ 91.795, 22.358 ], [ 91.788, 22.364 ], [ 91.78, 22.371 ], [ 91.773, 22.378 ], [ 91.77, 22.385 ], [ 91.767, 22.392 ], [ 91.763, 22.4 ], [ 91.762, 22.405 ], [ 91.76, 22.411 ], [ 91.757, 22.418 ], [ 91.756, 22.423 ], [ 91.754, 22.43 ], [ 91.75, 22.436 ], [ 91.746, 22.444 ], [ 91.739, 22.456 ], [ 91.735, 22.463 ], [ 91.731, 22.474 ], [ 91.726, 22.483 ], [ 91.723, 22.49 ], [ 91.72, 22.497 ], [ 91.718, 22.502 ], [ 91.717, 22.504 ], [ 91.711, 22.519 ], [ 91.706, 22.532 ], [ 91.702, 22.54 ], [ 91.696, 22.55 ], [ 91.693, 22.558 ], [ 91.689, 22.566 ], [ 91.687, 22.576 ], [ 91.685, 22.584 ], [ 91.682, 22.591 ], [ 91.678, 22.598 ], [ 91.674, 22.606 ], [ 91.673, 22.611 ], [ 91.669, 22.619 ], [ 91.667, 22.626 ], [ 91.661, 22.635 ], [ 91.656, 22.643 ], [ 91.654, 22.649 ], [ 91.652, 22.655 ], [ 91.649, 22.662 ], [ 91.645, 22.671 ], [ 91.64, 22.679 ], [ 91.634, 22.689 ], [ 91.633, 22.693 ], [ 91.609, 22.739 ], [ 91.578, 22.805 ], [ 91.555, 22.849 ], [ 91.551, 22.88 ], [ 91.551, 22.891 ] ] } },
{ "type": "Feature", "properties": { "accuracy": null, "activity_confidence": null, "average_dip": "(4.0,,)", "average_rake": "(90.0,,)", "catalog_id": "EOS_AF0153", "catalog_name": "EOS_SE_Asia", "dip_dir": null, "downthrown_side_dir": null, "downthrown_side_id": null, "epistemic_quality": null, "exposure_quality": null, "fs_name": null, "last_movement": null, "lower_seis_depth": "(7.0,,)", "name": null, "net_slip_rate": null, "notes": null, "reference": null, "shortening_rate": null, "slip_type": "Subduction_Thrust", "strike_slip_rate": null, "upper_seis_depth": "(1.0,,)", "vert_sep_rate": null }, "geometry": { "type": "LineString", "coordinates": [ [ 91.445, 23.277 ], [ 91.48, 23.225 ], [ 91.488, 23.217 ], [ 91.496, 23.208 ], [ 91.5, 23.201 ], [ 91.506, 23.192 ], [ 91.51, 23.18 ], [ 91.515, 23.169 ], [ 91.52, 23.16 ], [ 91.525, 23.144 ], [ 91.53, 23.131 ], [ 91.534, 23.118 ], [ 91.539, 23.107 ], [ 91.542, 23.093 ], [ 91.549, 23.077 ], [ 91.554, 23.061 ], [ 91.557, 23.05 ], [ 91.562, 23.034 ], [ 91.562, 23.025 ], [ 91.564, 23.014 ], [ 91.565, 23.001 ], [ 91.57, 22.987 ], [ 91.574, 22.977 ], [ 91.578, 22.972 ], [ 91.588, 22.925 ] ] } },
{ "type": "Feature", "properties": { "accuracy": null, "activity_confidence": null, "average_dip": "(45.0,,)", "average_rake": "(90.0,,)", "catalog_id": "EOS_AF0154", "catalog_name": "EOS_SE_Asia", "dip_dir": null, "downthrown_side_dir": null, "downthrown_side_id": null, "epistemic_quality": null, "exposure_quality": null, "fs_name": null, "last_movement": null, "lower_seis_depth": "(7.0,,)", "name": null, "net_slip_rate": null, "notes": null, "reference": null, "shortening_rate": null, "slip_type": "Subduction_Thrust", "strike_slip_rate": null, "upper_seis_depth": "(1.0,,)", "vert_sep_rate": null }, "geometry": { "type": "LineString", "coordinates": [ [ 91.48, 24.102 ], [ 91.488, 24.078 ], [ 91.497, 24.044 ], [ 91.505, 24.013 ], [ 91.515, 23.987 ], [ 91.534, 23.963 ], [ 91.553, 23.941 ], [ 91.572, 23.915 ], [ 91.581, 23.893 ], [ 91.583, 23.872 ], [ 91.582, 23.845 ], [ 91.589, 23.796 ], [ 91.598, 23.754 ], [ 91.608, 23.715 ], [ 91.617, 23.677 ], [ 91.619, 23.638 ], [ 91.619, 23.603 ], [ 91.62, 23.569 ], [ 91.619, 23.555 ], [ 91.628, 23.504 ], [ 91.633, 23.44 ], [ 91.636, 23.392 ] ] } },
{ "type": "Feature", "properties": { "accuracy": null, "activity_confidence": null, "average_dip": "(25.0,,)", "average_rake": "(90.0,,)", "catalog_id": "EOS_AF0155", "catalog_name": "EOS_SE_Asia", "dip_dir": null, "downthrown_side_dir": null, "downthrown_side_id": null, "epistemic_quality": null, "exposure_quality": null, "fs_name": null, "last_movement": null, "lower_seis_depth": "(40.0,,)", "name": null, "net_slip_rate": null, "notes": null, "reference": null, "shortening_rate": null, "slip_type": "Reverse", "strike_slip_rate": null, "upper_seis_depth": "(1.0,,)", "vert_sep_rate": null }, "geometry": { "type": "LineString", "coordinates": [ [ 89.391, 26.843 ], [ 89.393, 26.843 ], [ 89.394, 26.842 ], [ 89.396, 26.842 ], [ 89.397, 26.841 ], [ 89.399, 26.841 ], [ 89.4, 26.84 ], [ 89.402, 26.84 ], [ 89.403, 26.839 ], [ 89.405, 26.839 ], [ 89.406, 26.838 ], [ 89.408, 26.838 ], [ 89.409, 26.837 ], [ 89.411, 26.836 ], [ 89.412, 26.836 ], [ 89.414, 26.835 ], [ 89.415, 26.835 ], [ 89.417, 26.834 ], [ 89.418, 26.834 ], [ 89.42, 26.833 ], [ 89.421, 26.833 ], [ 89.423, 26.832 ], [ 89.424, 26.831 ], [ 89.425, 26.831 ], [ 89.427, 26.83 ], [ 89.428, 26.83 ], [ 89.43, 26.829 ], [ 89.431, 26.828 ], [ 89.433, 26.828 ], [ 89.434, 26.827 ], [ 89.436, 26.827 ], [ 89.437, 26.826 ], [ 89.438, 26.825 ], [ 89.44, 26.825 ], [ 89.441, 26.824 ], [ 89.443, 26.823 ], [ 89.444, 26.823 ], [ 89.446, 26.822 ], [ 89.447, 26.821 ], [ 89.448, 26.821 ], [ 89.45, 26.82 ], [ 89.451, 26.82 ], [ 89.453, 26.819 ], [ 89.454, 26.818 ], [ 89.455, 26.818 ], [ 89.457, 26.817 ], [ 89.458, 26.816 ], [ 89.46, 26.815 ], [ 89.461, 26.815 ], [ 89.462, 26.814 ], [ 89.464, 26.813 ], [ 89.465, 26.813 ], [ 89.466, 26.812 ], [ 89.468, 26.811 ], [ 89.469, 26.811 ], [ 89.471, 26.81 ], [ 89.472, 26.809 ], [ 89.473, 26.808 ], [ 89.475, 26.808 ], [ 89.476, 26.807 ], [ 89.477, 26.806 ], [ 89.479, 26.806 ], [ 89.48, 26.805 ], [ 89.481, 26.804 ], [ 89.483, 26.803 ], [ 89.483, 26.803 ], [ 89.484, 26.802 ], [ 89.485, 26.802 ], [ 89.486, 26.802 ], [ 89.487, 26.801 ], [ 89.487, 26.801 ], [ 89.488, 26.8 ], [ 89.489, 26.8 ], [ 89.49, 26.799 ], [ 89.491, 26.799 ], [ 89.491, 26.798 ], [ 89.492, 26.798 ], [ 89.493, 26.797 ], [ 89.494, 26.796 ], [ 89.495, 26.796 ], [ 89.495, 26.795 ], [ 89.496, 26.795 ], [ 89.497, 26.794 ], [ 89.498, 26.794 ], [ 89.499, 26.793 ], [ 89.499, 26.792 ], [ 89.5, 26.792 ], [ 89.501, 26.791 ], [ 89.502, 26.791 ], [ 89.503, 26.79 ], [ 89.504, 26.789 ], [ 89.504, 26.789 ], [ 89.505, 26.788 ], [ 89.506, 26.787 ], [ 89.507, 26.787 ], [ 89.508, 26.786 ], [ 89.509, 26.785 ], [ 89.509, 26.785 ], [ 89.51, 26.784 ], [ 89.511, 26.784 ], [ 89.511, 26.783 ], [ 89.512, 26.782 ], [ 89.513, 26.782 ], [ 89.514, 26.78 ], [ 89.516, 26.779 ], [ 89.517, 26.778 ], [ 89.519, 26.776 ], [ 89.521, 26.775 ], [ 89.522, 26.774 ], [ 89.524, 26.772 ], [ 89.525, 26.771 ], [ 89.527, 26.769 ], [ 89.53, 26.767 ], [ 89.535, 26.762 ], [ 89.537, 26.76 ], [ 89.539, 26.758 ], [ 89.541, 26.756 ], [ 89.543, 26.754 ], [ 89.545, 26.752 ], [ 89.547, 26.751 ], [ 89.548, 26.75 ], [ 89.549, 26.749 ], [ 89.55, 26.748 ], [ 89.551, 26.747 ], [ 89.552, 26.746 ], [ 89.553, 26.746 ], [ 89.554, 26.745 ], [ 89.555, 26.744 ], [ 89.556, 26.743 ], [ 89.556, 26.743 ], [ 89.557, 26.742 ], [ 89.558, 26.741 ], [ 89.559, 26.74 ], [ 89.56, 26.74 ], [ 89.561, 26.739 ], [ 89.562, 26.738 ], [ 89.563, 26.738 ], [ 89.564, 26.737 ], [ 89.565, 26.736 ], [ 89.565, 26.735 ], [ 89.566, 26.735 ], [ 89.567, 26.734 ], [ 89.568, 26.733 ], [ 89.569, 26.733 ], [ 89.57, 26.732 ], [ 89.571, 26.731 ], [ 89.572, 26.731 ], [ 89.573, 26.73 ], [ 89.574, 26.73 ], [ 89.575, 26.729 ], [ 89.576, 26.728 ], [ 89.577, 26.728 ], [ 89.578, 26.727 ], [ 89.578, 26.727 ], [ 89.579, 26.726 ], [ 89.58, 26.726 ], [ 89.581, 26.725 ], [ 89.582, 26.725 ], [ 89.583, 26.724 ], [ 89.584, 26.724 ], [ 89.585, 26.723 ], [ 89.586, 26.723 ], [ 89.587, 26.722 ], [ 89.588, 26.722 ], [ 89.588, 26.721 ], [ 89.589, 26.721 ], [ 89.59, 26.72 ], [ 89.591, 26.72 ], [ 89.592, 26.719 ], [ 89.593, 26.719 ], [ 89.596, 26.718 ], [ 89.598, 26.717 ], [ 89.6, 26.716 ], [ 89.601, 26.715 ], [ 89.603, 26.715 ], [ 89.604, 26.714 ], [ 89.606, 26.714 ], [ 89.607, 26.713 ], [ 89.609, 26.712 ], [ 89.61, 26.712 ], [ 89.612, 26.711 ], [ 89.613, 26.711 ], [ 89.614, 26.71 ], [ 89.616, 26.71 ], [ 89.617, 26.709 ], [ 89.618, 26.709 ], [ 89.62, 26.708 ], [ 89.621, 26.708 ], [ 89.622, 26.707 ], [ 89.624, 26.707 ], [ 89.625, 26.706 ], [ 89.626, 26.706 ], [ 89.627, 26.705 ], [ 89.629, 26.705 ], [ 89.63, 26.705 ], [ 89.631, 26.704 ], [ 89.632, 26.704 ], [ 89.634, 26.703 ], [ 89.635, 26.703 ], [ 89.636, 26.703 ], [ 89.637, 26.702 ], [ 89.638, 26.702 ], [ 89.64, 26.702 ], [ 89.641, 26.701 ], [ 89.642, 26.701 ], [ 89.643, 26.701 ], [ 89.644, 26.7 ], [ 89.645, 26.7 ], [ 89.647, 26.7 ], [ 89.648, 26.7 ], [ 89.649, 26.699 ], [ 89.65, 26.699 ], [ 89.651, 26.699 ], [ 89.652, 26.699 ], [ 89.653, 26.698 ], [ 89.654, 26.698 ], [ 89.656, 26.698 ], [ 89.657, 26.698 ], [ 89.658, 26.698 ], [ 89.659, 26.697 ], [ 89.66, 26.697 ], [ 89.661, 26.697 ], [ 89.662, 26.697 ], [ 89.663, 26.697 ], [ 89.664, 26.697 ], [ 89.665, 26.697 ], [ 89.666, 26.696 ], [ 89.667, 26.696 ], [ 89.669, 26.696 ], [ 89.67, 26.696 ], [ 89.671, 26.696 ], [ 89.672, 26.696 ], [ 89.673, 26.696 ], [ 89.673, 26.696 ], [ 89.674, 26.696 ], [ 89.677, 26.696 ], [ 89.678, 26.696 ], [ 89.679, 26.696 ], [ 89.68, 26.695 ], [ 89.681, 26.695 ], [ 89.681, 26.695 ], [ 89.682, 26.695 ], [ 89.682, 26.695 ], [ 89.683, 26.695 ], [ 89.683, 26.695 ], [ 89.684, 26.695 ], [ 89.684, 26.695 ], [ 89.685, 26.695 ], [ 89.685, 26.695 ], [ 89.686, 26.695 ], [ 89.686, 26.695 ], [ 89.687, 26.695 ], [ 89.687, 26.695 ], [ 89.688, 26.695 ], [ 89.688, 26.696 ], [ 89.689, 26.696 ], [ 89.689, 26.696 ], [ 89.689, 26.696 ], [ 89.69, 26.696 ], [ 89.69, 26.696 ], [ 89.691, 26.696 ], [ 89.691, 26.696 ], [ 89.691, 26.696 ], [ 89.692, 26.696 ], [ 89.692, 26.696 ], [ 89.692, 26.696 ], [ 89.692, 26.696 ], [ 89.693, 26.696 ], [ 89.693, 26.696 ], [ 89.693, 26.696 ], [ 89.693, 26.696 ], [ 89.694, 26.696 ], [ 89.694, 26.696 ], [ 89.694, 26.697 ], [ 89.694, 26.697 ], [ 89.695, 26.697 ], [ 89.695, 26.697 ], [ 89.695, 26.697 ], [ 89.695, 26.697 ], [ 89.695, 26.697 ], [ 89.696, 26.697 ], [ 89.696, 26.697 ], [ 89.696, 26.697 ], [ 89.696, 26.697 ], [ 89.697, 26.697 ], [ 89.697, 26.698 ], [ 89.697, 26.698 ], [ 89.697, 26.698 ], [ 89.698, 26.698 ], [ 89.698, 26.698 ], [ 89.698, 26.698 ], [ 89.698, 26.698 ], [ 89.699, 26.698 ], [ 89.699, 26.699 ], [ 89.699, 26.699 ], [ 89.7, 26.699 ], [ 89.7, 26.699 ], [ 89.701, 26.699 ], [ 89.701, 26.7 ], [ 89.702, 26.7 ], [ 89.702, 26.7 ], [ 89.703, 26.701 ], [ 89.703, 26.701 ], [ 89.704, 26.701 ], [ 89.704, 26.702 ], [ 89.705, 26.702 ], [ 89.705, 26.702 ], [ 89.706, 26.703 ], [ 89.708, 26.704 ], [ 89.709, 26.705 ], [ 89.71, 26.705 ], [ 89.71, 26.706 ], [ 89.711, 26.706 ], [ 89.711, 26.706 ], [ 89.712, 26.707 ], [ 89.712, 26.707 ], [ 89.712, 26.707 ], [ 89.713, 26.707 ], [ 89.713, 26.707 ], [ 89.713, 26.708 ], [ 89.714, 26.708 ], [ 89.714, 26.708 ], [ 89.715, 26.708 ], [ 89.715, 26.709 ], [ 89.715, 26.709 ], [ 89.716, 26.709 ], [ 89.716, 26.709 ], [ 89.717, 26.709 ], [ 89.717, 26.71 ], [ 89.717, 26.71 ], [ 89.718, 26.71 ], [ 89.718, 26.71 ], [ 89.719, 26.71 ], [ 89.719, 26.71 ], [ 89.719, 26.711 ], [ 89.72, 26.711 ], [ 89.72, 26.711 ], [ 89.72, 26.711 ], [ 89.721, 26.711 ], [ 89.721, 26.711 ], [ 89.721, 26.711 ], [ 89.722, 26.711 ], [ 89.722, 26.711 ], [ 89.722, 26.712 ], [ 89.723, 26.712 ], [ 89.723, 26.712 ], [ 89.724, 26.712 ], [ 89.725, 26.712 ], [ 89.725, 26.712 ], [ 89.726, 26.713 ], [ 89.727, 26.713 ], [ 89.728, 26.713 ], [ 89.728, 26.713 ], [ 89.729, 26.713 ], [ 89.73, 26.713 ], [ 89.731, 26.714 ], [ 89.732, 26.714 ], [ 89.732, 26.714 ], [ 89.733, 26.714 ], [ 89.734, 26.714 ], [ 89.735, 26.714 ], [ 89.735, 26.714 ], [ 89.736, 26.714 ], [ 89.737, 26.715 ], [ 89.738, 26.715 ], [ 89.739, 26.715 ], [ 89.741, 26.715 ], [ 89.743, 26.715 ], [ 89.747, 26.716 ], [ 89.749, 26.716 ], [ 89.75, 26.716 ], [ 89.751, 26.716 ], [ 89.752, 26.717 ], [ 89.754, 26.717 ], [ 89.755, 26.717 ], [ 89.757, 26.717 ], [ 89.76, 26.718 ], [ 89.762, 26.718 ], [ 89.765, 26.719 ], [ 89.768, 26.719 ], [ 89.77, 26.719 ], [ 89.773, 26.72 ], [ 89.776, 26.72 ], [ 89.778, 26.72 ], [ 89.781, 26.721 ], [ 89.784, 26.721 ], [ 89.786, 26.721 ], [ 89.789, 26.721 ], [ 89.792, 26.722 ], [ 89.795, 26.722 ], [ 89.797, 26.722 ], [ 89.8, 26.722 ], [ 89.803, 26.723 ], [ 89.806, 26.723 ], [ 89.809, 26.723 ], [ 89.812, 26.723 ], [ 89.815, 26.723 ], [ 89.818, 26.724 ], [ 89.821, 26.724 ], [ 89.824, 26.724 ], [ 89.827, 26.724 ], [ 89.83, 26.724 ], [ 89.833, 26.724 ], [ 89.836, 26.724 ], [ 89.839, 26.724 ], [ 89.842, 26.725 ], [ 89.845, 26.725 ], [ 89.848, 26.725 ], [ 89.851, 26.725 ], [ 89.853, 26.725 ], [ 89.856, 26.725 ], [ 89.859, 26.725 ], [ 89.862, 26.725 ], [ 89.864, 26.725 ], [ 89.867, 26.725 ], [ 89.87, 26.725 ], [ 89.873, 26.725 ], [ 89.879, 26.725 ], [ 89.885, 26.725 ], [ 89.891, 26.725 ], [ 89.897, 26.725 ], [ 89.902, 26.725 ], [ 89.908, 26.725 ], [ 89.915, 26.725 ], [ 89.927, 26.724 ], [ 89.949, 26.724 ], [ 89.957, 26.724 ], [ 89.966, 26.724 ], [ 89.974, 26.724 ], [ 89.978, 26.723 ], [ 89.983, 26.723 ], [ 89.987, 26.723 ], [ 89.991, 26.723 ], [ 89.995, 26.723 ], [ 89.998, 26.723 ], [ 90.002, 26.723 ], [ 90.006, 26.723 ], [ 90.008, 26.723 ], [ 90.011, 26.723 ], [ 90.013, 26.723 ], [ 90.016, 26.723 ], [ 90.018, 26.723 ], [ 90.021, 26.723 ], [ 90.023, 26.723 ], [ 90.026, 26.723 ], [ 90.028, 26.723 ], [ 90.031, 26.723 ], [ 90.034, 26.723 ], [ 90.036, 26.723 ], [ 90.039, 26.723 ], [ 90.042, 26.723 ], [ 90.048, 26.722 ], [ 90.053, 26.722 ], [ 90.058, 26.722 ], [ 90.064, 26.722 ], [ 90.07, 26.722 ], [ 90.076, 26.721 ], [ 90.082, 26.721 ], [ 90.104, 26.72 ], [ 90.113, 26.719 ], [ 90.122, 26.719 ], [ 90.126, 26.719 ], [ 90.13, 26.719 ], [ 90.135, 26.718 ], [ 90.139, 26.718 ], [ 90.143, 26.718 ], [ 90.148, 26.718 ], [ 90.152, 26.718 ], [ 90.156, 26.718 ], [ 90.16, 26.718 ], [ 90.164, 26.717 ], [ 90.166, 26.717 ], [ 90.169, 26.717 ], [ 90.171, 26.717 ], [ 90.173, 26.717 ], [ 90.175, 26.717 ], [ 90.178, 26.717 ], [ 90.18, 26.717 ], [ 90.182, 26.717 ], [ 90.184, 26.717 ], [ 90.187, 26.717 ], [ 90.189, 26.717 ], [ 90.191, 26.717 ], [ 90.193, 26.717 ], [ 90.195, 26.717 ], [ 90.197, 26.717 ], [ 90.199, 26.718 ], [ 90.201, 26.718 ], [ 90.203, 26.718 ], [ 90.205, 26.718 ], [ 90.207, 26.718 ], [ 90.209, 26.718 ], [ 90.212, 26.718 ], [ 90.214, 26.718 ], [ 90.215, 26.718 ], [ 90.217, 26.718 ], [ 90.219, 26.718 ], [ 90.221, 26.718 ], [ 90.223, 26.719 ], [ 90.225, 26.719 ], [ 90.227, 26.719 ], [ 90.229, 26.719 ], [ 90.231, 26.719 ], [ 90.234, 26.719 ], [ 90.237, 26.72 ], [ 90.241, 26.72 ], [ 90.244, 26.72 ], [ 90.247, 26.72 ], [ 90.25, 26.721 ], [ 90.254, 26.721 ], [ 90.257, 26.721 ], [ 90.26, 26.722 ], [ 90.263, 26.722 ], [ 90.267, 26.722 ], [ 90.27, 26.723 ], [ 90.273, 26.723 ], [ 90.276, 26.723 ], [ 90.279, 26.724 ], [ 90.283, 26.724 ], [ 90.286, 26.725 ], [ 90.289, 26.725 ], [ 90.292, 26.725 ], [ 90.296, 26.726 ], [ 90.299, 26.726 ], [ 90.302, 26.727 ], [ 90.305, 26.727 ], [ 90.308, 26.728 ], [ 90.312, 26.728 ], [ 90.315, 26.729 ], [ 90.318, 26.729 ], [ 90.321, 26.73 ], [ 90.325, 26.73 ], [ 90.328, 26.731 ], [ 90.331, 26.731 ], [ 90.685, 26.772 ], [ 90.706, 26.776 ], [ 90.707, 26.775 ], [ 90.709, 26.775 ], [ 90.71, 26.775 ], [ 90.712, 26.775 ], [ 90.713, 26.774 ], [ 90.715, 26.774 ], [ 90.716, 26.774 ], [ 90.718, 26.774 ], [ 90.719, 26.774 ], [ 90.721, 26.773 ], [ 90.722, 26.773 ], [ 90.724, 26.773 ], [ 90.726, 26.773 ], [ 90.727, 26.773 ], [ 90.729, 26.773 ], [ 90.73, 26.772 ], [ 90.732, 26.772 ], [ 90.733, 26.772 ], [ 90.737, 26.772 ], [ 90.74, 26.772 ], [ 90.743, 26.771 ], [ 90.746, 26.771 ], [ 90.75, 26.771 ], [ 90.753, 26.771 ], [ 90.756, 26.77 ], [ 90.759, 26.77 ], [ 90.763, 26.77 ], [ 90.766, 26.77 ], [ 90.769, 26.77 ], [ 90.773, 26.77 ], [ 90.776, 26.769 ], [ 90.78, 26.769 ], [ 90.783, 26.769 ], [ 90.786, 26.769 ], [ 90.79, 26.769 ], [ 90.793, 26.769 ], [ 90.797, 26.769 ], [ 90.8, 26.769 ], [ 90.804, 26.769 ], [ 90.808, 26.769 ], [ 90.811, 26.769 ], [ 90.815, 26.769 ], [ 90.818, 26.769 ], [ 90.822, 26.769 ], [ 90.826, 26.769 ], [ 90.829, 26.77 ], [ 90.833, 26.77 ], [ 90.837, 26.77 ], [ 90.84, 26.77 ], [ 90.844, 26.77 ], [ 90.848, 26.77 ], [ 90.852, 26.771 ], [ 90.856, 26.771 ], [ 90.86, 26.771 ], [ 90.863, 26.771 ], [ 90.867, 26.772 ], [ 90.871, 26.772 ], [ 90.875, 26.772 ], [ 90.879, 26.772 ], [ 90.883, 26.773 ], [ 90.887, 26.773 ], [ 90.891, 26.774 ], [ 90.896, 26.774 ], [ 90.9, 26.774 ], [ 90.904, 26.775 ], [ 90.908, 26.775 ], [ 90.913, 26.776 ], [ 90.917, 26.776 ], [ 90.921, 26.777 ], [ 90.926, 26.777 ], [ 90.93, 26.778 ], [ 90.935, 26.778 ], [ 90.937, 26.778 ], [ 90.939, 26.779 ], [ 90.941, 26.779 ], [ 90.943, 26.779 ], [ 90.945, 26.779 ], [ 90.948, 26.78 ], [ 90.95, 26.78 ], [ 90.952, 26.781 ], [ 90.954, 26.781 ], [ 90.957, 26.781 ], [ 90.959, 26.782 ], [ 90.961, 26.782 ], [ 90.964, 26.783 ], [ 90.966, 26.783 ], [ 90.969, 26.784 ], [ 90.971, 26.784 ], [ 90.973, 26.785 ], [ 90.976, 26.785 ], [ 90.978, 26.786 ], [ 90.98, 26.786 ], [ 90.982, 26.786 ], [ 90.985, 26.787 ], [ 90.987, 26.788 ], [ 90.99, 26.788 ], [ 90.994, 26.789 ], [ 90.999, 26.79 ], [ 91.003, 26.791 ], [ 91.015, 26.794 ], [ 91.021, 26.795 ], [ 91.024, 26.796 ], [ 91.026, 26.797 ], [ 91.029, 26.797 ], [ 91.032, 26.798 ], [ 91.035, 26.799 ], [ 91.037, 26.799 ], [ 91.04, 26.8 ], [ 91.042, 26.8 ], [ 91.045, 26.801 ], [ 91.047, 26.801 ], [ 91.05, 26.802 ], [ 91.052, 26.802 ], [ 91.055, 26.803 ], [ 91.057, 26.803 ], [ 91.059, 26.804 ], [ 91.062, 26.804 ], [ 91.064, 26.804 ], [ 91.066, 26.805 ], [ 91.068, 26.805 ], [ 91.07, 26.805 ], [ 91.073, 26.806 ], [ 91.075, 26.806 ], [ 91.077, 26.806 ], [ 91.079, 26.807 ], [ 91.081, 26.807 ], [ 91.083, 26.807 ], [ 91.085, 26.807 ], [ 91.087, 26.808 ], [ 91.089, 26.808 ], [ 91.092, 26.808 ], [ 91.094, 26.808 ], [ 91.096, 26.808 ], [ 91.098, 26.809 ], [ 91.1, 26.809 ], [ 91.103, 26.809 ], [ 91.105, 26.809 ], [ 91.107, 26.809 ], [ 91.109, 26.809 ], [ 91.111, 26.81 ], [ 91.113, 26.81 ], [ 91.116, 26.81 ], [ 91.118, 26.81 ], [ 91.12, 26.81 ], [ 91.122, 26.81 ], [ 91.124, 26.81 ], [ 91.127, 26.811 ], [ 91.129, 26.811 ], [ 91.131, 26.811 ], [ 91.133, 26.811 ], [ 91.135, 26.811 ], [ 91.138, 26.811 ], [ 91.14, 26.811 ], [ 91.142, 26.811 ], [ 91.144, 26.811 ], [ 91.147, 26.811 ], [ 91.149, 26.812 ], [ 91.151, 26.812 ], [ 91.153, 26.812 ], [ 91.155, 26.812 ], [ 91.158, 26.812 ], [ 91.222, 26.819 ], [ 91.269, 26.801 ], [ 91.321, 26.779 ], [ 91.345, 26.781 ], [ 91.377, 26.801 ], [ 91.413, 26.814 ], [ 91.491, 26.8 ], [ 91.563, 26.801 ], [ 91.624, 26.816 ], [ 91.701, 26.816 ], [ 91.774, 26.832 ], [ 91.855, 26.863 ], [ 91.916, 26.868 ], [ 91.992, 26.856 ], [ 92.1, 26.863 ], [ 92.212, 26.898 ], [ 92.267, 26.911 ], [ 92.365, 26.934 ], [ 92.443, 26.936 ], [ 92.52, 26.965 ], [ 92.614, 26.97 ], [ 92.689, 26.952 ], [ 92.744, 26.929 ], [ 92.808, 26.925 ], [ 92.858, 26.937 ], [ 92.909, 26.945 ], [ 92.96, 26.934 ], [ 93.009, 26.914 ], [ 93.076, 26.903 ], [ 93.16, 26.925 ], [ 93.274, 26.946 ], [ 93.327, 26.96 ], [ 93.392, 26.951 ], [ 93.453, 26.946 ], [ 93.511, 26.969 ], [ 93.569, 26.962 ], [ 93.624, 26.978 ], [ 93.686, 27.002 ], [ 93.745, 27.04 ], [ 93.809, 27.064 ], [ 93.837, 27.095 ], [ 93.86, 27.168 ], [ 93.914, 27.218 ], [ 93.96, 27.262 ], [ 94.023, 27.332 ], [ 94.087, 27.372 ], [ 94.151, 27.407 ], [ 94.21, 27.471 ], [ 94.238, 27.52 ], [ 94.291, 27.544 ], [ 94.478, 27.567 ], [ 94.628, 27.631 ], [ 94.844, 27.711 ], [ 95.076, 27.81 ], [ 95.232, 27.901 ], [ 95.226, 27.98 ], [ 95.238, 28.013 ], [ 95.303, 28.03 ], [ 95.432, 28.148 ], [ 95.536, 28.219 ], [ 95.614, 28.27 ], [ 95.65, 28.313 ], [ 95.727, 28.251 ], [ 95.799, 28.175 ], [ 95.843, 28.113 ], [ 95.949, 28.053 ], [ 96.071, 28.038 ], [ 96.191, 27.997 ], [ 96.235, 27.932 ], [ 96.328, 27.83 ], [ 96.349, 27.758 ] ] } },
{ "type": "Feature", "properties": { "accuracy": null, "activity_confidence": null, "average_dip": "(90.0,,)", "average_rake": "(-90.0,,)", "catalog_id": "EOS_AF0156", "catalog_name": "EOS_SE_Asia", "dip_dir": null, "downthrown_side_dir": null, "downthrown_side_id": null, "epistemic_quality": null, "exposure_quality": null, "fs_name": null, "last_movement": null, "lower_seis_depth": "(15.0,,)", "name": null, "net_slip_rate": null, "notes": null, "reference": null, "shortening_rate": null, "slip_type": "Normal", "strike_slip_rate": null, "upper_seis_depth": "(1.0,,)", "vert_sep_rate": null }, "geometry": { "type": "LineString", "coordinates": [ [ 97.36, 20.521 ], [ 97.361, 20.523 ], [ 97.362, 20.527 ], [ 97.365, 20.531 ], [ 97.367, 20.536 ], [ 97.368, 20.539 ], [ 97.369, 20.542 ], [ 97.371, 20.545 ], [ 97.372, 20.55 ], [ 97.375, 20.555 ], [ 97.376, 20.561 ], [ 97.378, 20.567 ], [ 97.379, 20.572 ], [ 97.381, 20.578 ], [ 97.382, 20.584 ], [ 97.383, 20.588 ], [ 97.383, 20.593 ], [ 97.383, 20.6 ], [ 97.385, 20.606 ], [ 97.386, 20.612 ], [ 97.384, 20.618 ], [ 97.382, 20.625 ], [ 97.381, 20.633 ], [ 97.378, 20.647 ], [ 97.383, 20.678 ], [ 97.388, 20.704 ], [ 97.387, 20.725 ], [ 97.385, 20.752 ], [ 97.383, 20.772 ] ] } },
{ "type": "Feature", "properties": { "accuracy": null, "activity_confidence": null, "average_dip": "(90.0,,)", "average_rake": "(-90.0,,)", "catalog_id": "EOS_AF0157", "catalog_name": "EOS_SE_Asia", "dip_dir": null, "downthrown_side_dir": null, "downthrown_side_id": null, "epistemic_quality": null, "exposure_quality": null, "fs_name": null, "last_movement": null, "lower_seis_depth": "(15.0,,)", "name": null, "net_slip_rate": null, "notes": null, "reference": null, "shortening_rate": null, "slip_type": "Normal", "strike_slip_rate": null, "upper_seis_depth": "(1.0,,)", "vert_sep_rate": null }, "geometry": { "type": "LineString", "coordinates": [ [ 97.45, 20.462 ], [ 97.448, 20.452 ], [ 97.449, 20.443 ], [ 97.445, 20.427 ], [ 97.446, 20.403 ], [ 97.445, 20.384 ], [ 97.443, 20.371 ], [ 97.441, 20.35 ], [ 97.44, 20.322 ], [ 97.438, 20.306 ], [ 97.437, 20.282 ], [ 97.43, 20.256 ], [ 97.42, 20.235 ], [ 97.419, 20.214 ], [ 97.42, 20.189 ] ] } },
{ "type": "Feature", "properties": { "accuracy": null, "activity_confidence": null, "average_dip": "(90.0,,)", "average_rake": "(-90.0,,)", "catalog_id": "EOS_AF0158", "catalog_name": "EOS_SE_Asia", "dip_dir": null, "downthrown_side_dir": null, "downthrown_side_id": null, "epistemic_quality": null, "exposure_quality": null, "fs_name": null, "last_movement": null, "lower_seis_depth": "(15.0,,)", "name": null, "net_slip_rate": null, "notes": null, "reference": null, "shortening_rate": null, "slip_type": "Normal", "strike_slip_rate": null, "upper_seis_depth": "(1.0,,)", "vert_sep_rate": null }, "geometry": { "type": "LineString", "coordinates": [ [ 97.597, 20.863 ], [ 97.59, 20.852 ], [ 97.58, 20.84 ], [ 97.575, 20.827 ], [ 97.571, 20.817 ], [ 97.567, 20.803 ], [ 97.567, 20.798 ], [ 97.56, 20.786 ], [ 97.564, 20.783 ], [ 97.56, 20.77 ], [ 97.56, 20.757 ], [ 97.558, 20.742 ], [ 97.557, 20.737 ], [ 97.55, 20.734 ], [ 97.546, 20.722 ], [ 97.542, 20.707 ], [ 97.539, 20.694 ], [ 97.536, 20.668 ], [ 97.537, 20.642 ], [ 97.54, 20.62 ], [ 97.541, 20.606 ] ] } },
{ "type": "Feature", "properties": { "accuracy": null, "activity_confidence": null, "average_dip": "(90.0,,)", "average_rake": "(-90.0,,)", "catalog_id": "EOS_AF0159", "catalog_name": "EOS_SE_Asia", "dip_dir": null, "downthrown_side_dir": null, "downthrown_side_id": null, "epistemic_quality": null, "exposure_quality": null, "fs_name": null, "last_movement": null, "lower_seis_depth": "(15.0,,)", "name": null, "net_slip_rate": null, "notes": null, "reference": null, "shortening_rate": null, "slip_type": "Normal", "strike_slip_rate": null, "upper_seis_depth": "(1.0,,)", "vert_sep_rate": null }, "geometry": { "type": "LineString", "coordinates": [ [ 97.537, 20.593 ], [ 97.538, 20.582 ], [ 97.532, 20.57 ], [ 97.526, 20.554 ], [ 97.521, 20.542 ], [ 97.514, 20.535 ], [ 97.51, 20.52 ], [ 97.506, 20.508 ], [ 97.499, 20.495 ], [ 97.488, 20.487 ], [ 97.479, 20.483 ], [ 97.477, 20.471 ], [ 97.473, 20.459 ], [ 97.471, 20.448 ], [ 97.468, 20.437 ] ] } },
{ "type": "Feature", "properties": { "accuracy": null, "activity_confidence": null, "average_dip": "(90.0,,)", "average_rake": "(180.0,,)", "catalog_id": "EOS_AF0160", "catalog_name": "EOS_SE_Asia", "dip_dir": null, "downthrown_side_dir": null, "downthrown_side_id": null, "epistemic_quality": null, "exposure_quality": null, "fs_name": null, "last_movement": null, "lower_seis_depth": "(15.0,,)", "name": null, "net_slip_rate": null, "notes": null, "reference": null, "shortening_rate": null, "slip_type": "Dextral", "strike_slip_rate": null, "upper_seis_depth": "(1.0,,)", "vert_sep_rate": null }, "geometry": { "type": "LineString", "coordinates": [ [ 96.781, 20.967 ], [ 96.783, 20.975 ], [ 96.791, 20.982 ], [ 96.798, 20.993 ], [ 96.803, 21.004 ], [ 96.809, 21.009 ], [ 96.812, 21.018 ], [ 96.816, 21.031 ], [ 96.82, 21.037 ], [ 96.824, 21.048 ], [ 96.827, 21.059 ], [ 96.828, 21.069 ], [ 96.83, 21.074 ], [ 96.83, 21.079 ], [ 96.832, 21.089 ], [ 96.834, 21.101 ], [ 96.841, 21.11 ], [ 96.853, 21.134 ], [ 96.858, 21.161 ], [ 96.865, 21.218 ] ] } },
{ "type": "Feature", "properties": { "accuracy": null, "activity_confidence": null, "average_dip": "(90.0,,)", "average_rake": "(90.0,,)", "catalog_id": "EOS_AF0167", "catalog_name": "EOS_SE_Asia", "dip_dir": null, "downthrown_side_dir": null, "downthrown_side_id": null, "epistemic_quality": null, "exposure_quality": null, "fs_name": null, "last_movement": null, "lower_seis_depth": "(15.0,,)", "name": null, "net_slip_rate": null, "notes": null, "reference": null, "shortening_rate": null, "slip_type": "Reverse", "strike_slip_rate": null, "upper_seis_depth": "(1.0,,)", "vert_sep_rate": null }, "geometry": { "type": "LineString", "coordinates": [ [ 95.983, 27.631 ], [ 95.989, 27.621 ], [ 95.997, 27.612 ], [ 96.003, 27.605 ], [ 96.009, 27.602 ], [ 96.015, 27.602 ], [ 96.023, 27.602 ], [ 96.03, 27.599 ], [ 96.035, 27.594 ], [ 96.039, 27.589 ], [ 96.046, 27.588 ], [ 96.052, 27.587 ], [ 96.056, 27.585 ], [ 96.065, 27.582 ], [ 96.085, 27.573 ], [ 96.157, 27.528 ], [ 96.212, 27.506 ], [ 96.298, 27.478 ] ] } },
{ "type": "Feature", "properties": { "accuracy": null, "activity_confidence": null, "average_dip": "(45.0,,)", "average_rake": "(90.0,,)", "catalog_id": "EOS_AF0168", "catalog_name": "EOS_SE_Asia", "dip_dir": null, "downthrown_side_dir": null, "downthrown_side_id": null, "epistemic_quality": null, "exposure_quality": null, "fs_name": null, "last_movement": null, "lower_seis_depth": "(15.0,,)", "name": null, "net_slip_rate": null, "notes": null, "reference": null, "shortening_rate": null, "slip_type": "Reverse", "strike_slip_rate": null, "upper_seis_depth": "(1.0,,)", "vert_sep_rate": null }, "geometry": { "type": "LineString", "coordinates": [ [ 95.016, 18.303 ], [ 95.035, 18.205 ], [ 95.055, 18.128 ], [ 95.062, 18.008 ], [ 95.051, 17.887 ], [ 95.032, 17.836 ], [ 95.018, 17.796 ], [ 95.001, 17.753 ], [ 94.998, 17.714 ], [ 95.0, 17.708 ], [ 95.001, 17.697 ], [ 95.001, 17.688 ], [ 95.0, 17.681 ], [ 94.999, 17.674 ], [ 94.995, 17.667 ], [ 94.994, 17.659 ], [ 94.991, 17.649 ], [ 94.986, 17.64 ], [ 94.979, 17.631 ], [ 94.974, 17.619 ], [ 94.97, 17.609 ], [ 94.962, 17.596 ], [ 94.955, 17.586 ], [ 94.95, 17.576 ], [ 94.949, 17.566 ], [ 94.893, 17.408 ] ] } },
{ "type": "Feature", "properties": { "accuracy": null, "activity_confidence": null, "average_dip": "(90.0,,)", "average_rake": "(180.0,,)", "catalog_id": "EOS_AF0169", "catalog_name": "EOS_SE_Asia", "dip_dir": null, "downthrown_side_dir": null, "downthrown_side_id": null, "epistemic_quality": null, "exposure_quality": null, "fs_name": null, "last_movement": null, "lower_seis_depth": "(15.0,,)", "name": null, "net_slip_rate": null, "notes": null, "reference": null, "shortening_rate": null, "slip_type": "Dextral", "strike_slip_rate": null, "upper_seis_depth": "(1.0,,)", "vert_sep_rate": null }, "geometry": { "type": "LineString", "coordinates": [ [ 94.719, 17.122 ], [ 94.72, 17.139 ], [ 94.723, 17.158 ], [ 94.724, 17.171 ], [ 94.724, 17.186 ], [ 94.725, 17.198 ], [ 94.722, 17.213 ], [ 94.717, 17.223 ], [ 94.715, 17.245 ], [ 94.712, 17.288 ], [ 94.711, 17.304 ], [ 94.711, 17.321 ], [ 94.708, 17.34 ], [ 94.708, 17.355 ], [ 94.709, 17.366 ], [ 94.708, 17.377 ], [ 94.706, 17.39 ], [ 94.706, 17.4 ], [ 94.679, 17.487 ] ] } },
{ "type": "Feature", "properties": { "accuracy": null, "activity_confidence": null, "average_dip": "(90.0,,)", "average_rake": "(180.0,,)", "catalog_id": "EOS_AF0170", "catalog_name": "EOS_SE_Asia", "dip_dir": null, "downthrown_side_dir": null, "downthrown_side_id": null, "epistemic_quality": null, "exposure_quality": null, "fs_name": null, "last_movement": null, "lower_seis_depth": "(15.0,,)", "name": null, "net_slip_rate": null, "notes": null, "reference": null, "shortening_rate": null, "slip_type": "Dextral", "strike_slip_rate": null, "upper_seis_depth": "(1.0,,)", "vert_sep_rate": null }, "geometry": { "type": "LineString", "coordinates": [ [ 94.665, 17.457 ], [ 94.662, 17.446 ], [ 94.661, 17.438 ], [ 94.658, 17.43 ], [ 94.654, 17.417 ], [ 94.649, 17.405 ], [ 94.647, 17.395 ], [ 94.643, 17.385 ], [ 94.642, 17.376 ], [ 94.641, 17.37 ], [ 94.64, 17.361 ], [ 94.638, 17.35 ], [ 94.638, 17.341 ], [ 94.636, 17.332 ], [ 94.634, 17.321 ], [ 94.631, 17.312 ], [ 94.629, 17.306 ], [ 94.628, 17.303 ], [ 94.627, 17.261 ], [ 94.617, 17.211 ], [ 94.611, 17.184 ] ] } },
{ "type": "Feature", "properties": { "accuracy": null, "activity_confidence": null, "average_dip": "(90.0,,)", "average_rake": "(180.0,,)", "catalog_id": "EOS_AF0171", "catalog_name": "EOS_SE_Asia", "dip_dir": null, "downthrown_side_dir": null, "downthrown_side_id": null, "epistemic_quality": null, "exposure_quality": null, "fs_name": null, "last_movement": null, "lower_seis_depth": "(15.0,,)", "name": null, "net_slip_rate": null, "notes": null, "reference": null, "shortening_rate": null, "slip_type": "Dextral", "strike_slip_rate": null, "upper_seis_depth": "(1.0,,)", "vert_sep_rate": null }, "geometry": { "type": "LineString", "coordinates": [ [ 94.6, 16.991 ], [ 94.6, 17.007 ], [ 94.6, 17.019 ], [ 94.6, 17.033 ], [ 94.598, 17.047 ], [ 94.594, 17.057 ], [ 94.592, 17.067 ], [ 94.592, 17.076 ], [ 94.591, 17.102 ], [ 94.591, 17.116 ], [ 94.594, 17.128 ], [ 94.597, 17.138 ], [ 94.602, 17.149 ], [ 94.606, 17.159 ], [ 94.608, 17.175 ], [ 94.607, 17.188 ], [ 94.604, 17.207 ], [ 94.601, 17.221 ], [ 94.596, 17.233 ], [ 94.593, 17.249 ], [ 94.591, 17.259 ] ] } },
{ "type": "Feature", "properties": { "accuracy": null, "activity_confidence": null, "average_dip": "(90.0,,)", "average_rake": "(180.0,,)", "catalog_id": "EOS_AF0172", "catalog_name": "EOS_SE_Asia", "dip_dir": null, "downthrown_side_dir": null, "downthrown_side_id": null, "epistemic_quality": null, "exposure_quality": null, "fs_name": null, "last_movement": null, "lower_seis_depth": "(15.0,,)", "name": null, "net_slip_rate": null, "notes": null, "reference": null, "shortening_rate": null, "slip_type": "Dextral", "strike_slip_rate": null, "upper_seis_depth": "(1.0,,)", "vert_sep_rate": null }, "geometry": { "type": "LineString", "coordinates": [ [ 94.19, 19.279 ], [ 94.195, 19.263 ], [ 94.209, 19.238 ], [ 94.226, 19.21 ], [ 94.237, 19.184 ], [ 94.25, 19.165 ], [ 94.258, 19.142 ], [ 94.268, 19.12 ], [ 94.281, 19.097 ], [ 94.299, 19.075 ], [ 94.312, 19.016 ], [ 94.35, 18.913 ], [ 94.39, 18.852 ], [ 94.434, 18.775 ], [ 94.501, 18.691 ] ] } },
{ "type": "Feature", "properties": { "accuracy": null, "activity_confidence": null, "average_dip": "(90.0,,)", "average_rake": "(180.0,,)", "catalog_id": "EOS_AF0174", "catalog_name": "EOS_SE_Asia", "dip_dir": null, "downthrown_side_dir": null, "downthrown_side_id": null, "epistemic_quality": null, "exposure_quality": null, "fs_name": null, "last_movement": null, "lower_seis_depth": "(15.0,,)", "name": null, "net_slip_rate": null, "notes": null, "reference": null, "shortening_rate": null, "slip_type": "Dextral", "strike_slip_rate": null, "upper_seis_depth": "(1.0,,)", "vert_sep_rate": null }, "geometry": { "type": "LineString", "coordinates": [ [ 94.446, 16.361 ], [ 94.451, 16.376 ], [ 94.454, 16.389 ], [ 94.457, 16.403 ], [ 94.46, 16.42 ], [ 94.464, 16.436 ], [ 94.467, 16.453 ], [ 94.467, 16.468 ], [ 94.467, 16.48 ], [ 94.47, 16.501 ], [ 94.472, 16.514 ], [ 94.475, 16.526 ], [ 94.477, 16.536 ], [ 94.48, 16.549 ], [ 94.485, 16.563 ], [ 94.49, 16.574 ], [ 94.506, 16.603 ], [ 94.514, 16.619 ], [ 94.52, 16.633 ], [ 94.528, 16.648 ], [ 94.536, 16.681 ], [ 94.538, 16.697 ], [ 94.542, 16.73 ], [ 94.546, 16.747 ], [ 94.551, 16.764 ], [ 94.554, 16.781 ], [ 94.558, 16.804 ], [ 94.558, 16.818 ], [ 94.561, 16.829 ], [ 94.562, 16.833 ] ] } },
{ "type": "Feature", "properties": { "accuracy": null, "activity_confidence": null, "average_dip": "(16.0,,)", "average_rake": "(90.0,,)", "catalog_id": "EOS_AF0176", "catalog_name": "EOS_SE_Asia", "dip_dir": null, "downthrown_side_dir": null, "downthrown_side_id": null, "epistemic_quality": null, "exposure_quality": null, "fs_name": null, "last_movement": null, "lower_seis_depth": "(30.0,,)", "name": null, "net_slip_rate": null, "notes": null, "reference": null, "shortening_rate": null, "slip_type": "Subduction_Thrust", "strike_slip_rate": null, "upper_seis_depth": "(1.0,,)", "vert_sep_rate": null }, "geometry": { "type": "LineString", "coordinates": [ [ 93.912, 17.581 ], [ 93.839, 17.674 ], [ 93.751, 17.792 ], [ 93.582, 17.719 ], [ 93.489, 17.839 ], [ 93.382, 17.983 ], [ 93.347, 18.163 ], [ 93.294, 18.338 ], [ 93.334, 18.45 ], [ 93.27, 18.637 ], [ 93.232, 18.678 ], [ 93.183, 18.715 ], [ 93.153, 18.739 ], [ 93.056, 18.849 ], [ 92.973, 18.952 ], [ 92.89, 19.018 ], [ 92.786, 19.122 ], [ 92.684, 19.248 ], [ 92.619, 19.308 ], [ 92.559, 19.378 ], [ 92.503, 19.471 ], [ 92.42, 19.537 ], [ 92.328, 19.622 ], [ 92.233, 19.72 ], [ 92.12, 19.849 ], [ 91.989, 19.982 ], [ 91.879, 20.097 ], [ 91.775, 20.189 ], [ 91.609, 20.388 ] ] } },
{ "type": "Feature", "properties": { "accuracy": null, "activity_confidence": null, "average_dip": "(90.0,,)", "average_rake": "(180.0,,)", "catalog_id": "EOS_AF0177", "catalog_name": "EOS_SE_Asia", "dip_dir": null, "downthrown_side_dir": null, "downthrown_side_id": null, "epistemic_quality": null, "exposure_quality": null, "fs_name": null, "last_movement": null, "lower_seis_depth": "(15.0,,)", "name": null, "net_slip_rate": null, "notes": null, "reference": null, "shortening_rate": null, "slip_type": "Dextral", "strike_slip_rate": null, "upper_seis_depth": "(1.0,,)", "vert_sep_rate": null }, "geometry": { "type": "LineString", "coordinates": [ [ 94.578, 18.725 ], [ 94.568, 18.738 ], [ 94.564, 18.752 ], [ 94.557, 18.767 ], [ 94.55, 18.78 ], [ 94.547, 18.796 ], [ 94.543, 18.809 ], [ 94.541, 18.817 ], [ 94.537, 18.828 ], [ 94.535, 18.839 ], [ 94.53, 18.853 ], [ 94.524, 18.866 ], [ 94.519, 18.888 ], [ 94.51, 18.917 ], [ 94.504, 18.937 ], [ 94.496, 18.956 ], [ 94.487, 18.978 ], [ 94.482, 18.999 ], [ 94.472, 19.017 ], [ 94.463, 19.033 ], [ 94.454, 19.048 ], [ 94.446, 19.064 ], [ 94.442, 19.079 ], [ 94.431, 19.096 ], [ 94.426, 19.108 ], [ 94.422, 19.118 ] ] } },
{ "type": "Feature", "properties": { "accuracy": null, "activity_confidence": null, "average_dip": "(90.0,,)", "average_rake": "(180.0,,)", "catalog_id": "EOS_AF0184", "catalog_name": "EOS_SE_Asia", "dip_dir": null, "downthrown_side_dir": null, "downthrown_side_id": null, "epistemic_quality": null, "exposure_quality": null, "fs_name": null, "last_movement": null, "lower_seis_depth": "(15.0,,)", "name": null, "net_slip_rate": null, "notes": null, "reference": null, "shortening_rate": null, "slip_type": "Dextral", "strike_slip_rate": null, "upper_seis_depth": "(1.0,,)", "vert_sep_rate": null }, "geometry": { "type": "LineString", "coordinates": [ [ 98.008, 19.425 ], [ 98.001, 19.399 ], [ 97.998, 19.378 ], [ 97.999, 19.355 ], [ 97.998, 19.33 ], [ 97.999, 19.301 ], [ 97.996, 19.267 ], [ 97.995, 19.226 ], [ 97.996, 19.204 ], [ 97.995, 19.164 ], [ 97.994, 19.11 ], [ 97.995, 19.076 ], [ 97.996, 19.056 ], [ 97.992, 19.037 ], [ 97.987, 19.016 ], [ 97.987, 18.999 ], [ 97.985, 18.979 ], [ 97.976, 18.962 ], [ 97.957, 18.91 ] ] } },
{ "type": "Feature", "properties": { "accuracy": null, "activity_confidence": null, "average_dip": "(90.0,,)", "average_rake": "(180.0,,)", "catalog_id": "EOS_AF0185", "catalog_name": "EOS_SE_Asia", "dip_dir": null, "downthrown_side_dir": null, "downthrown_side_id": null, "epistemic_quality": null, "exposure_quality": null, "fs_name": null, "last_movement": null, "lower_seis_depth": "(15.0,,)", "name": null, "net_slip_rate": null, "notes": null, "reference": null, "shortening_rate": null, "slip_type": "Dextral", "strike_slip_rate": null, "upper_seis_depth": "(1.0,,)", "vert_sep_rate": null }, "geometry": { "type": "LineString", "coordinates": [ [ 97.996, 19.434 ], [ 98.003, 19.492 ], [ 98.003, 19.529 ], [ 98.003, 19.566 ], [ 98.001, 19.595 ], [ 97.998, 19.626 ], [ 97.993, 19.656 ], [ 97.985, 19.721 ], [ 97.982, 19.746 ], [ 97.98, 19.765 ] ] } },
{ "type": "Feature", "properties": { "accuracy": null, "activity_confidence": null, "average_dip": "(60.0,,)", "average_rake": "(-90.0,,)", "catalog_id": "EOS_AF0186", "catalog_name": "EOS_SE_Asia", "dip_dir": null, "downthrown_side_dir": null, "downthrown_side_id": null, "epistemic_quality": null, "exposure_quality": null, "fs_name": null, "last_movement": null, "lower_seis_depth": "(15.0,,)", "name": null, "net_slip_rate": null, "notes": null, "reference": null, "shortening_rate": null, "slip_type": "Normal", "strike_slip_rate": null, "upper_seis_depth": "(1.0,,)", "vert_sep_rate": null }, "geometry": { "type": "LineString", "coordinates": [ [ 97.934, 18.292 ], [ 97.939, 18.266 ], [ 97.942, 18.229 ], [ 97.941, 18.195 ], [ 97.942, 18.175 ], [ 97.942, 18.151 ], [ 97.939, 18.117 ], [ 97.936, 18.085 ], [ 97.935, 18.057 ], [ 97.93, 18.029 ] ] } },
{ "type": "Feature", "properties": { "accuracy": null, "activity_confidence": null, "average_dip": "(75.0,,)", "average_rake": "(-90.0,,)", "catalog_id": "EOS_AF0187", "catalog_name": "EOS_SE_Asia", "dip_dir": null, "downthrown_side_dir": null, "downthrown_side_id": null, "epistemic_quality": null, "exposure_quality": null, "fs_name": null, "last_movement": null, "lower_seis_depth": "(15.0,,)", "name": null, "net_slip_rate": null, "notes": null, "reference": null, "shortening_rate": null, "slip_type": "Normal", "strike_slip_rate": null, "upper_seis_depth": "(1.0,,)", "vert_sep_rate": null }, "geometry": { "type": "LineString", "coordinates": [ [ 97.434, 19.387 ], [ 97.444, 19.404 ], [ 97.45, 19.42 ], [ 97.451, 19.441 ], [ 97.449, 19.475 ], [ 97.447, 19.494 ], [ 97.445, 19.509 ], [ 97.441, 19.53 ], [ 97.437, 19.547 ], [ 97.437, 19.566 ], [ 97.44, 19.584 ], [ 97.446, 19.639 ], [ 97.451, 19.667 ], [ 97.46, 19.687 ], [ 97.462, 19.704 ], [ 97.462, 19.722 ], [ 97.463, 19.753 ], [ 97.46, 19.787 ], [ 97.458, 19.814 ], [ 97.458, 19.83 ], [ 97.459, 19.84 ], [ 97.459, 19.856 ], [ 97.456, 19.876 ], [ 97.45, 19.893 ], [ 97.444, 19.908 ], [ 97.44, 19.919 ], [ 97.441, 19.934 ], [ 97.439, 19.947 ], [ 97.442, 19.96 ], [ 97.442, 19.977 ], [ 97.444, 19.99 ], [ 97.447, 19.996 ] ] } },
{ "type": "Feature", "properties": { "accuracy": null, "activity_confidence": null, "average_dip": "(90.0,,)", "average_rake": "(180.0,,)", "catalog_id": "EOS_AF0188", "catalog_name": "EOS_SE_Asia", "dip_dir": null, "downthrown_side_dir": null, "downthrown_side_id": null, "epistemic_quality": null, "exposure_quality": null, "fs_name": null, "last_movement": null, "lower_seis_depth": "(15.0,,)", "name": null, "net_slip_rate": null, "notes": null, "reference": null, "shortening_rate": null, "slip_type": "Dextral", "strike_slip_rate": null, "upper_seis_depth": "(1.0,,)", "vert_sep_rate": null }, "geometry": { "type": "LineString", "coordinates": [ [ 96.27, 20.083 ], [ 96.32, 20.058 ], [ 96.349, 20.033 ], [ 96.39, 19.977 ], [ 96.426, 19.93 ], [ 96.478, 19.892 ], [ 96.514, 19.868 ] ] } },
{ "type": "Feature", "properties": { "accuracy": null, "activity_confidence": null, "average_dip": "(90.0,,)", "average_rake": "(180.0,,)", "catalog_id": "EOS_AF0252", "catalog_name": "EOS_SE_Asia", "dip_dir": null, "downthrown_side_dir": null, "downthrown_side_id": null, "epistemic_quality": null, "exposure_quality": null, "fs_name": null, "last_movement": null, "lower_seis_depth": "(15.0,,)", "name": null, "net_slip_rate": null, "notes": null, "reference": null, "shortening_rate": null, "slip_type": "Dextral", "strike_slip_rate": null, "upper_seis_depth": "(1.0,,)", "vert_sep_rate": null }, "geometry": { "type": "LineString", "coordinates": [ [ 97.575, 16.083 ], [ 97.666, 16.023 ], [ 97.767, 15.905 ], [ 97.787, 15.879 ], [ 97.812, 15.851 ], [ 97.835, 15.828 ], [ 97.861, 15.799 ], [ 97.889, 15.775 ], [ 97.903, 15.759 ], [ 97.93, 15.736 ], [ 97.955, 15.713 ], [ 97.967, 15.698 ], [ 97.984, 15.684 ], [ 97.999, 15.674 ], [ 98.02, 15.656 ], [ 98.047, 15.632 ], [ 98.076, 15.609 ], [ 98.092, 15.594 ], [ 98.114, 15.577 ], [ 98.127, 15.558 ], [ 98.14, 15.54 ], [ 98.168, 15.511 ], [ 98.187, 15.488 ], [ 98.208, 15.465 ], [ 98.224, 15.442 ], [ 98.248, 15.417 ], [ 98.267, 15.393 ], [ 98.284, 15.369 ] ] } },
{ "type": "Feature", "properties": { "accuracy": null, "activity_confidence": null, "average_dip": "(90.0,,)", "average_rake": "(0.0,,)", "catalog_id": "EOS_AF0288", "catalog_name": "EOS_SE_Asia", "dip_dir": null, "downthrown_side_dir": null, "downthrown_side_id": null, "epistemic_quality": null, "exposure_quality": null, "fs_name": null, "last_movement": null, "lower_seis_depth": "(15.0,,)", "name": null, "net_slip_rate": null, "notes": null, "reference": null, "shortening_rate": null, "slip_type": "Sinistral", "strike_slip_rate": null, "upper_seis_depth": "(1.0,,)", "vert_sep_rate": null }, "geometry": { "type": "LineString", "coordinates": [ [ 98.708, 10.259 ], [ 98.596, 10.006 ], [ 98.523, 9.894 ], [ 98.342, 9.545 ], [ 97.961, 8.665 ], [ 97.789, 8.327 ], [ 97.59, 7.984 ] ] } },
{ "type": "Feature", "properties": { "accuracy": null, "activity_confidence": null, "average_dip": "(90.0,,)", "average_rake": "(0.0,,)", "catalog_id": "EOS_AF0294", "catalog_name": "EOS_SE_Asia", "dip_dir": null, "downthrown_side_dir": null, "downthrown_side_id": null, "epistemic_quality": null, "exposure_quality": null, "fs_name": null, "last_movement": null, "lower_seis_depth": "(15.0,,)", "name": null, "net_slip_rate": null, "notes": null, "reference": null, "shortening_rate": null, "slip_type": "Sinistral", "strike_slip_rate": null, "upper_seis_depth": "(1.0,,)", "vert_sep_rate": null }, "geometry": { "type": "LineString", "coordinates": [ [ 98.111, 9.561 ], [ 97.836, 9.277 ], [ 97.725, 9.152 ], [ 97.628, 9.017 ], [ 97.521, 8.845 ] ] } },
{ "type": "Feature", "properties": { "accuracy": null, "activity_confidence": null, "average_dip": "(90.0,,)", "average_rake": "(180.0,,)", "catalog_id": "EOS_AF0302", "catalog_name": "EOS_SE_Asia", "dip_dir": null, "downthrown_side_dir": null, "downthrown_side_id": null, "epistemic_quality": null, "exposure_quality": null, "fs_name": null, "last_movement": null, "lower_seis_depth": "(15.0,,)", "name": null, "net_slip_rate": null, "notes": null, "reference": null, "shortening_rate": null, "slip_type": "Dextral", "strike_slip_rate": null, "upper_seis_depth": "(1.0,,)", "vert_sep_rate": null }, "geometry": { "type": "LineString", "coordinates": [ [ 97.812, 20.892 ], [ 97.812, 20.88 ], [ 97.815, 20.861 ], [ 97.816, 20.846 ], [ 97.818, 20.834 ], [ 97.823, 20.82 ], [ 97.829, 20.804 ], [ 97.831, 20.793 ], [ 97.839, 20.768 ], [ 97.844, 20.747 ], [ 97.847, 20.731 ], [ 97.852, 20.719 ], [ 97.859, 20.707 ], [ 97.86, 20.692 ], [ 97.863, 20.683 ], [ 97.865, 20.67 ], [ 97.869, 20.656 ], [ 97.873, 20.637 ], [ 97.876, 20.618 ], [ 97.881, 20.581 ], [ 97.871, 20.512 ], [ 97.879, 20.497 ], [ 97.887, 20.439 ], [ 97.898, 20.389 ], [ 97.904, 20.336 ], [ 97.899, 20.263 ] ] } },
{ "type": "Feature", "properties": { "accuracy": null, "activity_confidence": null, "average_dip": "(90.0,,)", "average_rake": "(180.0,,)", "catalog_id": "EOS_AF0303", "catalog_name": "EOS_SE_Asia", "dip_dir": null, "downthrown_side_dir": null, "downthrown_side_id": null, "epistemic_quality": null, "exposure_quality": null, "fs_name": null, "last_movement": null, "lower_seis_depth": "(15.0,,)", "name": null, "net_slip_rate": null, "notes": null, "reference": null, "shortening_rate": null, "slip_type": "Dextral", "strike_slip_rate": null, "upper_seis_depth": "(1.0,,)", "vert_sep_rate": null }, "geometry": { "type": "LineString", "coordinates": [ [ 97.861, 25.55 ], [ 97.851, 25.542 ], [ 97.842, 25.513 ], [ 97.835, 25.495 ], [ 97.828, 25.477 ], [ 97.82, 25.452 ], [ 97.816, 25.436 ], [ 97.811, 25.429 ], [ 97.795, 25.407 ], [ 97.777, 25.381 ], [ 97.759, 25.358 ], [ 97.738, 25.336 ], [ 97.721, 25.316 ], [ 97.714, 25.304 ], [ 97.702, 25.286 ] ] } },
{ "type": "Feature", "properties": { "accuracy": null, "activity_confidence": null, "average_dip": "(90.0,,)", "average_rake": "(180.0,,)", "catalog_id": "EOS_AF0304", "catalog_name": "EOS_SE_Asia", "dip_dir": null, "downthrown_side_dir": null, "downthrown_side_id": null, "epistemic_quality": null, "exposure_quality": null, "fs_name": null, "last_movement": null, "lower_seis_depth": "(15.0,,)", "name": null, "net_slip_rate": null, "notes": null, "reference": null, "shortening_rate": null, "slip_type": "Dextral", "strike_slip_rate": null, "upper_seis_depth": "(1.0,,)", "vert_sep_rate": null }, "geometry": { "type": "LineString", "coordinates": [ [ 95.463, 29.839 ], [ 95.656, 29.719 ], [ 95.818, 29.616 ], [ 95.932, 29.542 ], [ 96.031, 29.485 ], [ 96.11, 29.438 ], [ 96.147, 29.396 ], [ 96.186, 29.373 ], [ 96.233, 29.339 ], [ 96.281, 29.292 ], [ 96.394, 29.184 ], [ 96.503, 29.075 ], [ 96.604, 28.983 ], [ 96.619, 28.97 ], [ 96.669, 28.886 ], [ 96.722, 28.804 ], [ 96.781, 28.742 ], [ 96.865, 28.664 ], [ 96.947, 28.572 ], [ 96.997, 28.493 ], [ 97.04, 28.45 ], [ 97.083, 28.418 ] ] } },
{ "type": "Feature", "properties": { "accuracy": null, "activity_confidence": null, "average_dip": "(90.0,,)", "average_rake": "(180.0,,)", "catalog_id": "EOS_AF0305", "catalog_name": "EOS_SE_Asia", "dip_dir": null, "downthrown_side_dir": null, "downthrown_side_id": null, "epistemic_quality": null, "exposure_quality": null, "fs_name": null, "last_movement": null, "lower_seis_depth": "(15.0,,)", "name": null, "net_slip_rate": null, "notes": null, "reference": null, "shortening_rate": null, "slip_type": "Dextral", "strike_slip_rate": null, "upper_seis_depth": "(1.0,,)", "vert_sep_rate": null }, "geometry": { "type": "LineString", "coordinates": [ [ 97.092, 28.35 ], [ 97.116, 28.318 ], [ 97.143, 28.3 ], [ 97.166, 28.287 ], [ 97.179, 28.273 ], [ 97.2, 28.248 ], [ 97.232, 28.225 ], [ 97.288, 28.195 ], [ 97.313, 28.175 ], [ 97.333, 28.156 ], [ 97.355, 28.135 ], [ 97.373, 28.116 ], [ 97.392, 28.1 ], [ 97.413, 28.085 ], [ 97.432, 28.061 ], [ 97.454, 28.033 ], [ 97.469, 27.995 ], [ 97.48, 27.961 ], [ 97.486, 27.941 ], [ 97.489, 27.919 ], [ 97.488, 27.896 ], [ 97.487, 27.878 ] ] } },
{ "type": "Feature", "properties": { "accuracy": null, "activity_confidence": null, "average_dip": "(90.0,,)", "average_rake": "(180.0,,)", "catalog_id": "EOS_AF0306", "catalog_name": "EOS_SE_Asia", "dip_dir": null, "downthrown_side_dir": null, "downthrown_side_id": null, "epistemic_quality": null, "exposure_quality": null, "fs_name": null, "last_movement": null, "lower_seis_depth": "(15.0,,)", "name": null, "net_slip_rate": null, "notes": null, "reference": null, "shortening_rate": null, "slip_type": "Dextral", "strike_slip_rate": null, "upper_seis_depth": "(1.0,,)", "vert_sep_rate": null }, "geometry": { "type": "LineString", "coordinates": [ [ 97.684, 27.902 ], [ 97.685, 27.849 ], [ 97.692, 27.808 ], [ 97.704, 27.787 ], [ 97.727, 27.749 ], [ 97.808, 27.69 ], [ 97.917, 27.602 ], [ 97.967, 27.559 ], [ 98.0, 27.519 ], [ 98.041, 27.465 ], [ 98.064, 27.424 ], [ 98.086, 27.369 ], [ 98.09, 27.299 ] ] } },
{ "type": "Feature", "properties": { "accuracy": null, "activity_confidence": null, "average_dip": "(90.0,,)", "average_rake": "(180.0,,)", "catalog_id": "EOS_AF0308", "catalog_name": "EOS_SE_Asia", "dip_dir": null, "downthrown_side_dir": null, "downthrown_side_id": null, "epistemic_quality": null, "exposure_quality": null, "fs_name": null, "last_movement": null, "lower_seis_depth": "(15.0,,)", "name": null, "net_slip_rate": null, "notes": null, "reference": null, "shortening_rate": null, "slip_type": "Dextral", "strike_slip_rate": null, "upper_seis_depth": "(1.0,,)", "vert_sep_rate": null }, "geometry": { "type": "LineString", "coordinates": [ [ 97.981, 27.158 ], [ 97.982, 27.133 ], [ 97.98, 27.104 ], [ 97.978, 27.085 ], [ 97.98, 27.067 ], [ 97.982, 27.049 ], [ 97.984, 27.028 ], [ 97.985, 27.003 ], [ 97.986, 26.983 ], [ 97.988, 26.959 ], [ 97.987, 26.941 ], [ 97.988, 26.913 ], [ 97.989, 26.886 ], [ 97.991, 26.863 ], [ 97.989, 26.844 ], [ 97.989, 26.827 ], [ 97.99, 26.81 ], [ 97.99, 26.799 ], [ 97.985, 26.784 ], [ 97.978, 26.771 ], [ 97.975, 26.761 ] ] } },
{ "type": "Feature", "properties": { "accuracy": null, "activity_confidence": null, "average_dip": "(90.0,,)", "average_rake": "(0.0,,)", "catalog_id": "EOS_AF0346", "catalog_name": "EOS_SE_Asia", "dip_dir": null, "downthrown_side_dir": null, "downthrown_side_id": null, "epistemic_quality": null, "exposure_quality": null, "fs_name": null, "last_movement": null, "lower_seis_depth": "(15.0,,)", "name": null, "net_slip_rate": null, "notes": null, "reference": null, "shortening_rate": null, "slip_type": "Sinistral", "strike_slip_rate": null, "upper_seis_depth": "(1.0,,)", "vert_sep_rate": null }, "geometry": { "type": "LineString", "coordinates": [ [ 99.39, 28.175 ], [ 99.327, 28.226 ], [ 99.243, 28.265 ], [ 99.165, 28.294 ], [ 99.081, 28.334 ], [ 98.976, 28.36 ], [ 98.377, 28.503 ], [ 98.265, 28.571 ], [ 98.071, 28.659 ], [ 97.97, 28.692 ], [ 97.827, 28.727 ] ] } },
{ "type": "Feature", "properties": { "accuracy": null, "activity_confidence": null, "average_dip": "(30.0,,)", "average_rake": "(90.0,,)", "catalog_id": "EOS_AF1101", "catalog_name": "EOS_SE_Asia", "dip_dir": null, "downthrown_side_dir": null, "downthrown_side_id": null, "epistemic_quality": null, "exposure_quality": null, "fs_name": null, "last_movement": null, "lower_seis_depth": "(40.0,,)", "name": null, "net_slip_rate": null, "notes": null, "reference": null, "shortening_rate": null, "slip_type": "Subduction_Thrust", "strike_slip_rate": null, "upper_seis_depth": "(1.0,,)", "vert_sep_rate": null }, "geometry": { "type": "LineString", "coordinates": [ [ 94.804, 2.276 ], [ 94.392, 2.51 ], [ 93.514, 3.273 ], [ 93.178, 3.843 ], [ 92.844, 4.522 ], [ 92.523, 6.173 ], [ 92.333, 6.771 ], [ 91.47, 8.148 ], [ 91.451, 8.832 ], [ 91.431, 9.668 ], [ 91.431, 9.668 ], [ 91.414, 9.959 ], [ 91.504, 10.492 ], [ 91.549, 10.605 ], [ 91.566, 10.741 ], [ 91.562, 10.941 ], [ 91.566, 11.066 ], [ 91.591, 11.176 ], [ 91.628, 11.285 ], [ 91.634, 11.432 ], [ 91.655, 11.538 ], [ 91.641, 11.625 ], [ 91.643, 11.684 ], [ 91.653, 11.753 ], [ 91.678, 11.817 ], [ 91.734, 11.914 ], [ 91.785, 11.996 ], [ 91.805, 12.108 ], [ 91.779, 12.228 ], [ 91.744, 12.326 ], [ 91.74, 12.437 ], [ 91.731, 12.613 ], [ 91.754, 12.724 ], [ 91.801, 12.819 ], [ 91.865, 12.903 ], [ 91.903, 13.037 ], [ 91.916, 13.168 ], [ 91.947, 13.275 ], [ 92.014, 13.447 ], [ 92.135, 13.638 ], [ 92.161, 13.734 ], [ 92.171, 13.844 ], [ 92.192, 13.877 ], [ 92.23, 13.888 ], [ 92.277, 14.02 ], [ 92.319, 14.097 ], [ 92.338, 14.179 ], [ 92.384, 14.219 ], [ 92.436, 14.257 ], [ 92.51, 14.315 ], [ 92.604, 14.409 ], [ 92.662, 14.429 ], [ 92.681, 14.478 ], [ 92.732, 14.525 ], [ 92.777, 14.541 ], [ 92.842, 14.545 ], [ 92.889, 14.623 ], [ 92.941, 14.75 ], [ 92.975, 14.796 ], [ 93.002, 14.868 ], [ 93.077, 14.937 ], [ 93.108, 15.009 ], [ 93.151, 15.122 ], [ 93.186, 15.161 ], [ 93.21, 15.199 ], [ 93.234, 15.256 ], [ 93.311, 15.325 ], [ 93.333, 15.394 ], [ 93.4, 15.425 ], [ 93.431, 15.466 ], [ 93.435, 15.541 ], [ 93.464, 15.587 ], [ 93.524, 15.616 ], [ 93.558, 15.708 ], [ 93.585, 15.79 ], [ 93.596, 15.902 ], [ 93.611, 15.99 ], [ 93.617, 16.066 ], [ 93.623, 16.178 ], [ 93.663, 16.253 ], [ 93.706, 16.314 ], [ 93.679, 16.404 ], [ 93.669, 16.476 ], [ 93.683, 16.497 ], [ 93.734, 16.548 ], [ 93.74, 16.597 ], [ 93.764, 16.62 ], [ 93.784, 16.68 ], [ 93.872, 16.75 ], [ 93.896, 16.816 ], [ 93.934, 16.867 ], [ 93.956, 16.914 ], [ 93.96, 17.007 ], [ 93.948, 17.094 ], [ 93.926, 17.157 ], [ 93.899, 17.247 ], [ 93.868, 17.303 ], [ 93.864, 17.346 ], [ 93.869, 17.403 ], [ 93.89, 17.451 ], [ 93.887, 17.484 ], [ 93.91, 17.509 ], [ 93.92, 17.531 ], [ 93.912, 17.581 ] ] } }
]
}
